Date,HomeTeam,AwayTeam,FTHG,FTAG,FTR,HY,AY,HR,AR,HC,AC,HST,AST,HF,AF,BTTS,HomeGoalsAvg,AwayGoalsAvg,GoalDiff,HY_avg,AY_avg,HR_avg,AR_avg,HC_avg,AC_avg,HST_avg,AST_avg,HF_avg,AF_avg
2025-08-15,Girona,Vallecano,1,3,A,0,1,1,0,2,4,2,5,8,17,1,1.1333333333333333,0.75,0.3833333333333333,2.0,3.3125,0.4666666666666667,0.3125,5.0,5.1875,4.066666666666666,3.5625,9.733333333333333,14.1875
2025-08-15,Villarreal,Oviedo,2,0,H,1,2,0,1,10,1,10,4,10,8,0,2.2666666666666666,1.0625,1.2041666666666666,1.4666666666666666,2.4375,0.06666666666666667,0.3125,5.133333333333334,3.0,5.8,3.375,12.133333333333333,14.125
2025-08-16,Mallorca,Barcelona,0,3,A,4,1,2,0,3,6,1,8,8,17,0,1.625,2.2,-0.5750000000000002,2.0625,2.0,0.125,0.13333333333333333,3.6875,7.0,4.4375,6.933333333333334,12.0,9.4
2025-08-16,Alaves,Levante,2,1,H,0,1,0,0,10,1,4,3,15,13,1,1.2666666666666666,1.0666666666666667,0.19999999999999996,2.1333333333333333,2.2666666666666666,0.13333333333333333,0.06666666666666667,5.866666666666666,2.933333333333333,4.2,3.4,15.333333333333334,12.4
2025-08-16,Valencia,Sociedad,1,1,D,1,2,0,0,8,7,2,3,5,11,1,1.4,1.1333333333333333,0.2666666666666666,1.8666666666666667,2.2,0.0,0.06666666666666667,6.466666666666667,5.533333333333333,3.533333333333333,4.466666666666667,12.533333333333333,14.333333333333334
2025-08-17,Celta,Getafe,0,2,A,3,2,0,0,9,3,3,3,15,17,0,1.4375,0.8125,0.625,1.6875,3.5625,0.0625,0.25,4.625,4.5,4.375,2.875,10.125,15.1875
2025-08-17,Ath Bilbao,Sevilla,3,2,H,0,2,0,0,10,1,3,6,8,12,1,1.25,1.2,0.050000000000000044,2.1875,2.7333333333333334,0.0,0.13333333333333333,6.0625,5.2,4.9375,3.533333333333333,13.6875,13.933333333333334
2025-08-17,Espanol,Ath Madrid,2,1,H,3,3,0,0,1,3,5,4,14,11,1,1.2,1.0666666666666667,0.1333333333333333,2.2666666666666666,2.1333333333333333,0.13333333333333333,0.13333333333333333,5.2,5.0,4.866666666666666,3.8666666666666667,13.666666666666666,12.333333333333334
2025-08-18,Elche,Betis,1,1,D,0,1,0,0,1,3,2,4,14,13,1,1.5625,1.1875,0.375,1.8125,2.0625,0.0625,0.0,4.1875,4.6875,4.75,4.4375,13.0,9.875
2025-08-19,Real Madrid,Osasuna,1,0,H,1,0,0,1,7,0,5,0,10,12,0,2.3125,0.6875,1.625,2.1875,2.6875,0.375,0.125,6.75,2.9375,7.6875,2.5625,9.8125,13.0625
2025-08-22,Betis,Alaves,1,0,H,2,3,0,0,5,2,5,5,10,17,0,1.7333333333333334,1.0,0.7333333333333334,1.9333333333333333,2.8125,0.06666666666666667,0.1875,4.266666666666667,4.0,5.133333333333334,3.625,11.0,15.25
2025-08-23,Mallorca,Celta,1,1,D,3,3,0,0,3,4,4,2,12,12,1,1.625,1.4,0.2250000000000001,2.0625,2.1333333333333333,0.125,0.0,3.6875,3.3333333333333335,4.4375,4.066666666666666,12.0,13.333333333333334
2025-08-23,Ath Madrid,Elche,1,1,D,0,3,0,0,10,2,6,2,14,7,1,2.1875,0.9333333333333333,1.2541666666666667,2.0625,2.4,0.0625,0.13333333333333333,7.875,3.2,6.6875,2.933333333333333,10.375,12.866666666666667
2025-08-23,Levante,Barcelona,2,3,A,3,1,0,0,0,11,5,10,10,8,1,1.1875,2.2,-1.0125000000000002,2.1875,2.0,0.1875,0.13333333333333333,4.8125,7.0,3.6875,6.933333333333334,12.625,9.4
2025-08-24,Osasuna,Valencia,1,0,H,2,1,0,1,3,4,4,1,14,13,0,1.7333333333333334,0.8125,0.9208333333333334,2.2,2.0,0.2,0.125,4.2,4.25,5.066666666666666,2.875,14.266666666666667,11.875
2025-08-24,Sociedad,Espanol,2,2,D,2,2,0,0,5,2,7,3,16,18,1,2.0,1.1875,0.8125,1.875,2.4375,0.1875,0.125,6.25,4.1875,5.0625,3.375,14.3125,13.9375
2025-08-24,Villarreal,Girona,5,0,H,1,2,0,0,8,1,7,2,8,9,0,2.2666666666666666,1.0,1.2666666666666666,1.4666666666666666,2.1875,0.06666666666666667,0.0,5.133333333333334,3.1875,5.8,3.6875,12.133333333333333,11.5
2025-08-24,Oviedo,Real Madrid,0,3,A,2,1,0,0,1,9,3,10,8,7,0,0.4666666666666667,1.8666666666666667,-1.4,2.2,1.4,0.2,0.06666666666666667,4.6,6.133333333333334,3.2,6.133333333333334,11.333333333333334,10.066666666666666
2025-08-25,Ath Bilbao,Vallecano,1,0,H,0,4,0,0,3,6,4,1,13,13,0,1.25,0.75,0.5,2.1875,3.3125,0.0,0.3125,6.0625,5.1875,4.9375,3.5625,13.6875,14.1875
2025-08-25,Sevilla,Getafe,1,2,A,2,2,0,0,5,3,3,6,10,24,1,1.3125,0.8125,0.5,3.0,3.5625,0.1875,0.25,4.75,4.5,3.625,2.875,15.1875,15.1875
2025-08-27,Celta,Betis,1,1,D,1,2,0,0,10,4,5,2,13,11,1,1.4375,1.1875,0.25,1.6875,2.0625,0.0625,0.0,4.625,4.6875,4.375,4.4375,10.125,9.875
2025-08-29,Elche,Levante,2,0,H,1,2,0,0,4,2,5,1,14,17,0,1.5625,1.0666666666666667,0.49583333333333335,1.8125,2.2666666666666666,0.0625,0.06666666666666667,4.1875,2.933333333333333,4.75,3.4,13.0,12.4
2025-08-29,Valencia,Getafe,3,0,H,2,0,0,0,8,6,4,1,18,7,0,1.4,0.8125,0.5874999999999999,1.8666666666666667,3.5625,0.0,0.25,6.466666666666667,4.5,3.533333333333333,2.875,12.533333333333333,15.1875
2025-08-30,Alaves,Ath Madrid,1,1,D,2,3,0,0,1,6,2,6,10,17,1,1.2666666666666666,1.0666666666666667,0.19999999999999996,2.1333333333333333,2.1333333333333333,0.13333333333333333,0.13333333333333333,5.866666666666666,5.0,4.2,3.8666666666666667,15.333333333333334,12.333333333333334
2025-08-30,Oviedo,Sociedad,1,0,H,2,1,0,0,1,10,1,6,7,18,0,0.4666666666666667,1.1333333333333333,-0.6666666666666666,2.2,2.2,0.2,0.06666666666666667,4.6,5.533333333333333,3.2,4.466666666666667,11.333333333333334,14.333333333333334
2025-08-30,Girona,Sevilla,0,2,A,0,2,0,0,11,3,5,4,5,14,0,1.1333333333333333,1.2,-0.06666666666666665,2.0,2.7333333333333334,0.4666666666666667,0.13333333333333333,5.0,5.2,4.066666666666666,3.533333333333333,9.733333333333333,13.933333333333334
2025-08-30,Real Madrid,Mallorca,2,1,H,2,0,0,0,4,5,7,5,12,7,1,2.3125,0.8666666666666667,1.4458333333333333,2.1875,2.466666666666667,0.375,0.13333333333333333,6.75,3.2666666666666666,7.6875,3.533333333333333,9.8125,11.133333333333333
2025-08-31,Celta,Villarreal,1,1,D,1,1,0,0,1,5,2,3,11,8,1,1.4375,1.375,0.0625,1.6875,2.875,0.0625,0.125,4.625,2.75,4.375,3.375,10.125,12.3125
2025-08-31,Betis,Ath Bilbao,1,2,A,1,4,0,1,4,10,2,6,9,16,1,1.7333333333333334,0.8666666666666667,0.8666666666666667,1.9333333333333333,2.3333333333333335,0.06666666666666667,0.3333333333333333,4.266666666666667,5.2,5.133333333333334,4.2,11.0,13.8
2025-08-31,Espanol,Osasuna,1,0,H,2,3,0,0,2,3,4,3,13,14,0,1.2,0.6875,0.5125,2.2666666666666666,2.6875,0.13333333333333333,0.125,5.2,2.9375,4.866666666666666,2.5625,13.666666666666666,13.0625
2025-08-31,Vallecano,Barcelona,1,1,D,4,1,0,0,9,4,6,3,16,8,1,1.1333333333333333,2.2,-1.0666666666666669,1.9333333333333333,2.0,0.2,0.13333333333333333,6.933333333333334,7.0,5.533333333333333,6.933333333333334,12.066666666666666,9.4
2025-09-12,Sevilla,Elche,2,2,D,4,3,0,0,2,2,3,2,23,19,1,1.3125,0.9333333333333333,0.37916666666666665,3.0,2.4,0.1875,0.13333333333333333,4.75,3.2,3.625,2.933333333333333,15.1875,12.866666666666667
2025-09-13,Getafe,Oviedo,2,0,H,2,5,0,1,4,3,3,1,12,18,0,0.9333333333333333,1.0625,-0.12916666666666665,2.4,2.4375,0.2,0.3125,4.266666666666667,3.0,3.0,3.375,15.133333333333333,14.125
2025-09-13,Sociedad,Real Madrid,1,2,A,2,1,0,1,12,4,4,6,17,7,1,2.0,1.8666666666666667,0.1333333333333333,1.875,1.4,0.1875,0.06666666666666667,6.25,6.133333333333334,5.0625,6.133333333333334,14.3125,10.066666666666666
2025-09-13,Ath Bilbao,Alaves,0,1,A,4,3,0,0,6,6,3,2,17,21,0,1.25,1.0,0.25,2.1875,2.8125,0.0,0.1875,6.0625,4.0,4.9375,3.625,13.6875,15.25
2025-09-13,Ath Madrid,Villarreal,2,0,H,2,4,0,0,8,3,3,1,12,15,0,2.1875,1.375,0.8125,2.0625,2.875,0.0625,0.125,7.875,2.75,6.6875,3.375,10.375,12.3125
2025-09-14,Celta,Girona,1,1,D,0,3,0,0,10,3,7,8,7,9,1,1.4375,1.0,0.4375,1.6875,2.1875,0.0625,0.0,4.625,3.1875,4.375,3.6875,10.125,11.5
2025-09-14,Levante,Betis,2,2,D,3,2,0,0,4,12,2,9,16,11,1,1.1875,1.1875,0.0,2.1875,2.0625,0.1875,0.0,4.8125,4.6875,3.6875,4.4375,12.625,9.875
2025-09-14,Osasuna,Vallecano,2,0,H,3,2,0,0,3,6,7,6,13,7,0,1.7333333333333334,0.75,0.9833333333333334,2.2,3.3125,0.2,0.3125,4.2,5.1875,5.066666666666666,3.5625,14.266666666666667,14.1875
2025-09-14,Barcelona,Valencia,6,0,H,0,1,0,0,5,4,10,1,9,8,0,3.1875,0.8125,2.375,1.125,2.0,0.0,0.125,7.5,4.25,7.625,2.875,9.1875,11.875
2025-09-15,Espanol,Mallorca,3,2,H,2,1,1,0,3,9,3,10,9,16,1,1.2,0.8666666666666667,0.33333333333333326,2.2666666666666666,2.466666666666667,0.13333333333333333,0.13333333333333333,5.2,3.2666666666666666,4.866666666666666,3.533333333333333,13.666666666666666,11.133333333333333
2025-09-19,Betis,Sociedad,3,1,H,3,7,0,0,3,5,6,5,7,20,1,1.7333333333333334,1.1333333333333333,0.6000000000000001,1.9333333333333333,2.2,0.06666666666666667,0.06666666666666667,4.266666666666667,5.533333333333333,5.133333333333334,4.466666666666667,11.0,14.333333333333334
2025-09-20,Girona,Levante,0,4,A,4,3,2,0,5,4,1,7,11,17,0,1.1333333333333333,1.0666666666666667,0.06666666666666665,2.0,2.2666666666666666,0.4666666666666667,0.06666666666666667,5.0,2.933333333333333,4.066666666666666,3.4,9.733333333333333,12.4
2025-09-20,Real Madrid,Espanol,2,0,H,2,0,0,0,5,3,5,1,10,20,0,2.3125,1.1875,1.125,2.1875,2.4375,0.375,0.125,6.75,4.1875,7.6875,3.375,9.8125,13.9375
2025-09-20,Alaves,Sevilla,1,2,A,1,7,0,0,4,4,5,3,20,19,1,1.2666666666666666,1.2,0.06666666666666665,2.1333333333333333,2.7333333333333334,0.13333333333333333,0.13333333333333333,5.866666666666666,5.2,4.2,3.533333333333333,15.333333333333334,13.933333333333334
2025-09-20,Villarreal,Osasuna,2,1,H,2,3,0,1,7,0,8,3,10,11,1,2.2666666666666666,0.6875,1.5791666666666666,1.4666666666666666,2.6875,0.06666666666666667,0.125,5.133333333333334,2.9375,5.8,2.5625,12.133333333333333,13.0625
2025-09-20,Valencia,Ath Bilbao,2,0,H,1,1,0,1,5,6,5,5,13,6,0,1.4,0.8666666666666667,0.5333333333333332,1.8666666666666667,2.3333333333333335,0.0,0.3333333333333333,6.466666666666667,5.2,3.533333333333333,4.2,12.533333333333333,13.8
2025-09-21,Vallecano,Celta,1,1,D,1,1,0,0,5,7,5,5,8,10,1,1.1333333333333333,1.4,-0.2666666666666666,1.9333333333333333,2.1333333333333333,0.2,0.0,6.933333333333334,3.3333333333333335,5.533333333333333,4.066666666666666,12.066666666666666,13.333333333333334
2025-09-21,Mallorca,Ath Madrid,1,1,D,0,0,0,1,3,6,3,7,14,6,1,1.625,1.0666666666666667,0.5583333333333333,2.0625,2.1333333333333333,0.125,0.13333333333333333,3.6875,5.0,4.4375,3.8666666666666667,12.0,12.333333333333334
2025-09-21,Elche,Oviedo,1,0,H,2,2,0,0,3,3,5,4,9,18,0,1.5625,1.0625,0.5,1.8125,2.4375,0.0625,0.3125,4.1875,3.0,4.75,3.375,13.0,14.125
2025-09-21,Barcelona,Getafe,3,0,H,2,4,0,0,3,2,7,2,9,15,0,3.1875,0.8125,2.375,1.125,3.5625,0.0,0.25,7.5,4.5,7.625,2.875,9.1875,15.1875
2025-09-23,Ath Bilbao,Girona,1,1,D,0,2,0,0,8,1,5,3,19,15,1,1.25,1.0,0.25,2.1875,2.1875,0.0,0.0,6.0625,3.1875,4.9375,3.6875,13.6875,11.5
2025-09-23,Espanol,Valencia,2,2,D,1,4,0,0,8,3,10,2,9,9,1,1.2,0.8125,0.38749999999999996,2.2666666666666666,2.0,0.13333333333333333,0.125,5.2,4.25,4.866666666666666,2.875,13.666666666666666,11.875
2025-09-23,Levante,Real Madrid,1,4,A,1,1,0,0,1,7,2,10,17,9,1,1.1875,1.8666666666666667,-0.6791666666666667,2.1875,1.4,0.1875,0.06666666666666667,4.8125,6.133333333333334,3.6875,6.133333333333334,12.625,10.066666666666666
2025-09-23,Sevilla,Villarreal,1,2,A,2,3,0,0,3,3,2,5,17,14,1,1.3125,1.375,-0.0625,3.0,2.875,0.1875,0.125,4.75,2.75,3.625,3.375,15.1875,12.3125
2025-09-24,Getafe,Alaves,1,1,D,2,3,0,0,2,7,1,4,14,20,1,0.9333333333333333,1.0,-0.06666666666666665,2.4,2.8125,0.2,0.1875,4.266666666666667,4.0,3.0,3.625,15.133333333333333,15.25
2025-09-24,Ath Madrid,Vallecano,3,2,H,3,4,0,0,8,6,8,3,6,12,1,2.1875,0.75,1.4375,2.0625,3.3125,0.0625,0.3125,7.875,5.1875,6.6875,3.5625,10.375,14.1875
2025-09-24,Sociedad,Mallorca,1,0,H,2,2,0,0,11,2,4,3,13,15,0,2.0,0.8666666666666667,1.1333333333333333,1.875,2.466666666666667,0.1875,0.13333333333333333,6.25,3.2666666666666666,5.0625,3.533333333333333,14.3125,11.133333333333333
2025-09-25,Osasuna,Elche,1,1,D,2,2,0,0,2,3,2,4,19,13,1,1.7333333333333334,0.9333333333333333,0.8,2.2,2.4,0.2,0.13333333333333333,4.2,3.2,5.066666666666666,2.933333333333333,14.266666666666667,12.866666666666667
2025-09-25,Oviedo,Barcelona,1,3,A,1,0,0,0,6,9,3,10,10,6,1,0.4666666666666667,2.2,-1.7333333333333334,2.2,2.0,0.2,0.13333333333333333,4.6,7.0,3.2,6.933333333333334,11.333333333333334,9.4
2025-09-26,Girona,Espanol,0,0,D,0,1,0,0,8,4,3,5,9,11,0,1.1333333333333333,1.1875,-0.054166666666666696,2.0,2.4375,0.4666666666666667,0.125,5.0,4.1875,4.066666666666666,3.375,9.733333333333333,13.9375
2025-09-27,Getafe,Levante,1,1,D,4,3,0,0,6,2,4,3,15,16,1,0.9333333333333333,1.0666666666666667,-0.1333333333333333,2.4,2.2666666666666666,0.2,0.06666666666666667,4.266666666666667,2.933333333333333,3.0,3.4,15.133333333333333,12.4
2025-09-27,Ath Madrid,Real Madrid,5,2,H,5,4,0,0,7,2,7,2,17,14,1,2.1875,1.8666666666666667,0.3208333333333333,2.0625,1.4,0.0625,0.06666666666666667,7.875,6.133333333333334,6.6875,6.133333333333334,10.375,10.066666666666666
2025-09-27,Mallorca,Alaves,1,0,H,2,3,0,0,4,8,3,3,14,18,0,1.625,1.0,0.625,2.0625,2.8125,0.125,0.1875,3.6875,4.0,4.4375,3.625,12.0,15.25
2025-09-27,Villarreal,Ath Bilbao,1,0,H,2,0,0,0,6,5,5,4,13,11,0,2.2666666666666666,0.8666666666666667,1.4,1.4666666666666666,2.3333333333333335,0.06666666666666667,0.3333333333333333,5.133333333333334,5.2,5.8,4.2,12.133333333333333,13.8
2025-09-28,Vallecano,Sevilla,0,1,A,3,2,1,0,12,4,6,1,12,15,0,1.1333333333333333,1.2,-0.06666666666666665,1.9333333333333333,2.7333333333333334,0.2,0.13333333333333333,6.933333333333334,5.2,5.533333333333333,3.533333333333333,12.066666666666666,13.933333333333334
2025-09-28,Elche,Celta,2,1,H,3,3,0,0,7,2,8,2,12,20,1,1.5625,1.4,0.1625000000000001,1.8125,2.1333333333333333,0.0625,0.0,4.1875,3.3333333333333335,4.75,4.066666666666666,13.0,13.333333333333334
2025-09-28,Barcelona,Sociedad,2,1,H,1,2,0,0,12,1,12,2,6,12,1,3.1875,1.1333333333333333,2.0541666666666667,1.125,2.2,0.0,0.06666666666666667,7.5,5.533333333333333,7.625,4.466666666666667,9.1875,14.333333333333334
2025-09-28,Betis,Osasuna,2,0,H,0,1,0,0,5,5,6,1,6,7,0,1.7333333333333334,0.6875,1.0458333333333334,1.9333333333333333,2.6875,0.06666666666666667,0.125,4.266666666666667,2.9375,5.133333333333334,2.5625,11.0,13.0625
2025-09-30,Valencia,Oviedo,1,2,A,1,4,0,1,5,4,5,4,14,12,1,1.4,1.0625,0.3374999999999999,1.8666666666666667,2.4375,0.0,0.3125,6.466666666666667,3.0,3.533333333333333,3.375,12.533333333333333,14.125
2025-10-03,Osasuna,Getafe,2,1,H,1,4,0,0,1,6,3,2,11,14,1,1.7333333333333334,0.8125,0.9208333333333334,2.2,3.5625,0.2,0.25,4.2,4.5,5.066666666666666,2.875,14.266666666666667,15.1875
2025-10-04,Oviedo,Levante,0,2,A,2,2,0,0,9,3,2,5,10,10,0,0.4666666666666667,1.0666666666666667,-0.6,2.2,2.2666666666666666,0.2,0.06666666666666667,4.6,2.933333333333333,3.2,3.4,11.333333333333334,12.4
2025-10-04,Girona,Valencia,2,1,H,5,1,2,0,0,7,4,6,13,12,1,1.1333333333333333,0.8125,0.3208333333333333,2.0,2.0,0.4666666666666667,0.125,5.0,4.25,4.066666666666666,2.875,9.733333333333333,11.875
2025-10-04,Ath Bilbao,Mallorca,2,1,H,5,6,0,1,7,2,5,2,16,13,1,1.25,0.8666666666666667,0.3833333333333333,2.1875,2.466666666666667,0.0,0.13333333333333333,6.0625,3.2666666666666666,4.9375,3.533333333333333,13.6875,11.133333333333333
2025-10-04,Real Madrid,Villarreal,3,1,H,2,4,0,1,4,0,7,2,9,14,1,2.3125,1.375,0.9375,2.1875,2.875,0.375,0.125,6.75,2.75,7.6875,3.375,9.8125,12.3125
2025-10-05,Alaves,Elche,3,1,H,3,1,0,1,14,4,5,3,13,9,1,1.2666666666666666,0.9333333333333333,0.33333333333333326,2.1333333333333333,2.4,0.13333333333333333,0.13333333333333333,5.866666666666666,3.2,4.2,2.933333333333333,15.333333333333334,12.866666666666667
2025-10-05,Sevilla,Barcelona,4,1,H,7,5,0,0,7,6,5,8,18,9,1,1.3125,2.2,-0.8875000000000002,3.0,2.0,0.1875,0.13333333333333333,4.75,7.0,3.625,6.933333333333334,15.1875,9.4
2025-10-05,Espanol,Betis,1,2,A,2,6,0,0,10,5,5,3,16,4,1,1.2,1.1875,0.012499999999999956,2.2666666666666666,2.0625,0.13333333333333333,0.0,5.2,4.6875,4.866666666666666,4.4375,13.666666666666666,9.875
2025-10-05,Sociedad,Vallecano,0,1,A,1,2,0,0,7,5,3,2,13,21,0,2.0,0.75,1.25,1.875,3.3125,0.1875,0.3125,6.25,5.1875,5.0625,3.5625,14.3125,14.1875
2025-10-05,Celta,Ath Madrid,1,1,D,1,3,0,1,6,3,4,1,7,10,1,1.4375,1.0666666666666667,0.37083333333333335,1.6875,2.1333333333333333,0.0625,0.13333333333333333,4.625,5.0,4.375,3.8666666666666667,10.125,12.333333333333334
2025-10-17,Oviedo,Espanol,0,2,A,2,1,0,0,3,5,4,10,9,8,0,0.4666666666666667,1.1875,-0.7208333333333333,2.2,2.4375,0.2,0.125,4.6,4.1875,3.2,3.375,11.333333333333334,13.9375
2025-10-18,Sevilla,Mallorca,1,3,A,2,1,0,0,9,2,4,6,16,13,1,1.3125,0.8666666666666667,0.4458333333333333,3.0,2.466666666666667,0.1875,0.13333333333333333,4.75,3.2666666666666666,3.625,3.533333333333333,15.1875,11.133333333333333
2025-10-18,Barcelona,Girona,2,1,H,1,2,0,0,11,5,9,4,10,7,1,3.1875,1.0,2.1875,1.125,2.1875,0.0,0.0,7.5,3.1875,7.625,3.6875,9.1875,11.5
2025-10-18,Villarreal,Betis,2,2,D,1,1,0,0,5,6,3,3,13,10,1,2.2666666666666666,1.1875,1.0791666666666666,1.4666666666666666,2.0625,0.06666666666666667,0.0,5.133333333333334,4.6875,5.8,4.4375,12.133333333333333,9.875
2025-10-18,Ath Madrid,Osasuna,1,0,H,1,3,0,0,4,2,9,2,10,11,0,2.1875,0.6875,1.5,2.0625,2.6875,0.0625,0.125,7.875,2.9375,6.6875,2.5625,10.375,13.0625
2025-10-19,Elche,Ath Bilbao,0,0,D,2,3,0,0,6,2,5,1,14,20,0,1.5625,0.8666666666666667,0.6958333333333333,1.8125,2.3333333333333335,0.0625,0.3333333333333333,4.1875,5.2,4.75,4.2,13.0,13.8
2025-10-19,Celta,Sociedad,1,1,D,4,3,1,0,1,10,1,7,10,20,1,1.4375,1.1333333333333333,0.3041666666666667,1.6875,2.2,0.0625,0.06666666666666667,4.625,5.533333333333333,4.375,4.466666666666667,10.125,14.333333333333334
2025-10-19,Levante,Vallecano,0,3,A,0,1,0,0,11,4,4,5,6,18,0,1.1875,0.75,0.4375,2.1875,3.3125,0.1875,0.3125,4.8125,5.1875,3.6875,3.5625,12.625,14.1875
2025-10-19,Getafe,Real Madrid,0,1,A,4,1,2,0,1,4,1,10,27,11,0,0.9333333333333333,1.8666666666666667,-0.9333333333333333,2.4,1.4,0.2,0.06666666666666667,4.266666666666667,6.133333333333334,3.0,6.133333333333334,15.133333333333333,10.066666666666666
2025-10-20,Alaves,Valencia,0,0,D,1,2,0,0,7,0,3,2,13,20,0,1.2666666666666666,0.8125,0.4541666666666666,2.1333333333333333,2.0,0.13333333333333333,0.125,5.866666666666666,4.25,4.2,2.875,15.333333333333334,11.875
2025-10-24,Sociedad,Sevilla,2,1,H,1,3,0,0,1,9,3,1,19,14,1,2.0,1.2,0.8,1.875,2.7333333333333334,0.1875,0.13333333333333333,6.25,5.2,5.0625,3.533333333333333,14.3125,13.933333333333334
2025-10-25,Girona,Oviedo,3,3,D,4,3,0,0,11,4,6,5,13,16,1,1.1333333333333333,1.0625,0.0708333333333333,2.0,2.4375,0.4666666666666667,0.3125,5.0,3.0,4.066666666666666,3.375,9.733333333333333,14.125
2025-10-25,Espanol,Elche,1,0,H,4,2,0,0,4,2,7,4,14,15,0,1.2,0.9333333333333333,0.2666666666666666,2.2666666666666666,2.4,0.13333333333333333,0.13333333333333333,5.2,3.2,4.866666666666666,2.933333333333333,13.666666666666666,12.866666666666667
2025-10-25,Ath Bilbao,Getafe,0,1,A,1,3,0,0,1,5,4,3,15,14,0,1.25,0.8125,0.4375,2.1875,3.5625,0.0,0.25,6.0625,4.5,4.9375,2.875,13.6875,15.1875
2025-10-25,Valencia,Villarreal,0,2,A,2,4,0,0,7,5,3,5,13,14,0,1.4,1.375,0.02499999999999991,1.8666666666666667,2.875,0.0,0.125,6.466666666666667,2.75,3.533333333333333,3.375,12.533333333333333,12.3125
2025-10-26,Mallorca,Levante,1,1,D,3,2,0,0,5,4,4,5,8,13,1,1.625,1.0666666666666667,0.5583333333333333,2.0625,2.2666666666666666,0.125,0.06666666666666667,3.6875,2.933333333333333,4.4375,3.4,12.0,12.4
2025-10-26,Real Madrid,Barcelona,2,1,H,5,5,1,1,12,4,10,6,12,9,1,2.3125,2.2,0.11249999999999982,2.1875,2.0,0.375,0.13333333333333333,6.75,7.0,7.6875,6.933333333333334,9.8125,9.4
2025-10-26,Osasuna,Celta,2,3,A,3,4,0,0,6,2,7,5,10,13,1,1.7333333333333334,1.4,0.3333333333333335,2.2,2.1333333333333333,0.2,0.0,4.2,3.3333333333333335,5.066666666666666,4.066666666666666,14.266666666666667,13.333333333333334
2025-10-26,Vallecano,Alaves,1,0,H,1,3,0,0,7,5,5,2,13,11,0,1.1333333333333333,1.0,0.1333333333333333,1.9333333333333333,2.8125,0.2,0.1875,6.933333333333334,4.0,5.533333333333333,3.625,12.066666666666666,15.25
2025-10-27,Betis,Ath Madrid,0,2,A,2,1,0,0,2,5,5,4,9,18,0,1.7333333333333334,1.0666666666666667,0.6666666666666667,1.9333333333333333,2.1333333333333333,0.06666666666666667,0.13333333333333333,4.266666666666667,5.0,5.133333333333334,3.8666666666666667,11.0,12.333333333333334
2025-10-31,Getafe,Girona,2,1,H,1,1,0,0,8,3,4,4,17,15,1,0.9333333333333333,1.0,-0.06666666666666665,2.4,2.1875,0.2,0.0,4.266666666666667,3.1875,3.0,3.6875,15.133333333333333,11.5
2025-11-01,Villarreal,Vallecano,4,0,H,1,1,0,0,3,5,7,3,7,11,0,2.2666666666666666,0.75,1.5166666666666666,1.4666666666666666,3.3125,0.06666666666666667,0.3125,5.133333333333334,5.1875,5.8,3.5625,12.133333333333333,14.1875
2025-11-01,Ath Madrid,Sevilla,3,0,H,0,3,0,0,9,4,6,2,9,12,0,2.1875,1.2,0.9875,2.0625,2.7333333333333334,0.0625,0.13333333333333333,7.875,5.2,6.6875,3.533333333333333,10.375,13.933333333333334
2025-11-01,Sociedad,Ath Bilbao,3,2,H,2,3,0,0,6,2,5,4,20,8,1,2.0,0.8666666666666667,1.1333333333333333,1.875,2.3333333333333335,0.1875,0.3333333333333333,6.25,5.2,5.0625,4.2,14.3125,13.8
2025-11-01,Real Madrid,Valencia,4,0,H,1,1,0,0,7,1,11,1,14,7,0,2.3125,0.8125,1.5,2.1875,2.0,0.375,0.125,6.75,4.25,7.6875,2.875,9.8125,11.875
2025-11-02,Levante,Celta,1,2,A,2,3,1,0,4,4,3,6,10,12,1,1.1875,1.4,-0.2124999999999999,2.1875,2.1333333333333333,0.1875,0.0,4.8125,3.3333333333333335,3.6875,4.066666666666666,12.625,13.333333333333334
2025-11-02,Alaves,Espanol,2,1,H,4,2,1,0,1,6,4,2,14,12,1,1.2666666666666666,1.1875,0.07916666666666661,2.1333333333333333,2.4375,0.13333333333333333,0.125,5.866666666666666,4.1875,4.2,3.375,15.333333333333334,13.9375
2025-11-02,Barcelona,Elche,3,1,H,0,1,0,0,6,3,5,3,12,16,1,3.1875,0.9333333333333333,2.2541666666666664,1.125,2.4,0.0,0.13333333333333333,7.5,3.2,7.625,2.933333333333333,9.1875,12.866666666666667
2025-11-02,Betis,Mallorca,3,0,H,0,3,0,0,4,5,8,1,9,8,0,1.7333333333333334,0.8666666666666667,0.8666666666666667,1.9333333333333333,2.466666666666667,0.06666666666666667,0.13333333333333333,4.266666666666667,3.2666666666666666,5.133333333333334,3.533333333333333,11.0,11.133333333333333
2025-11-03,Oviedo,Osasuna,0,0,D,3,1,0,0,4,2,2,5,17,17,0,0.4666666666666667,0.6875,-0.22083333333333333,2.2,2.6875,0.2,0.125,4.6,2.9375,3.2,2.5625,11.333333333333334,13.0625
2025-11-07,Elche,Sociedad,1,1,D,1,3,0,0,1,3,3,5,14,15,1,1.5625,1.1333333333333333,0.4291666666666667,1.8125,2.2,0.0625,0.06666666666666667,4.1875,5.533333333333333,4.75,4.466666666666667,13.0,14.333333333333334
2025-11-08,Girona,Alaves,1,0,H,0,3,0,0,6,1,2,5,9,15,0,1.1333333333333333,1.0,0.1333333333333333,2.0,2.8125,0.4666666666666667,0.1875,5.0,4.0,4.066666666666666,3.625,9.733333333333333,15.25
2025-11-08,Sevilla,Osasuna,1,0,H,5,3,0,0,5,6,4,3,21,13,0,1.3125,0.6875,0.625,3.0,2.6875,0.1875,0.125,4.75,2.9375,3.625,2.5625,15.1875,13.0625
2025-11-08,Ath Madrid,Levante,3,1,H,3,1,0,0,21,4,10,3,5,6,1,2.1875,1.0666666666666667,1.1208333333333333,2.0625,2.2666666666666666,0.0625,0.06666666666666667,7.875,2.933333333333333,6.6875,3.4,10.375,12.4
2025-11-08,Espanol,Villarreal,0,2,A,0,2,0,0,4,2,3,3,9,9,0,1.2,1.375,-0.17500000000000004,2.2666666666666666,2.875,0.13333333333333333,0.125,5.2,2.75,4.866666666666666,3.375,13.666666666666666,12.3125
2025-11-09,Ath Bilbao,Oviedo,1,0,H,1,1,0,0,7,4,7,2,12,8,0,1.25,1.0625,0.1875,2.1875,2.4375,0.0,0.3125,6.0625,3.0,4.9375,3.375,13.6875,14.125
2025-11-09,Vallecano,Real Madrid,0,0,D,3,2,0,0,5,8,2,5,17,7,0,1.1333333333333333,1.8666666666666667,-0.7333333333333334,1.9333333333333333,1.4,0.2,0.06666666666666667,6.933333333333334,6.133333333333334,5.533333333333333,6.133333333333334,12.066666666666666,10.066666666666666
2025-11-09,Mallorca,Getafe,1,0,H,0,2,0,0,1,14,4,3,15,8,0,1.625,0.8125,0.8125,2.0625,3.5625,0.125,0.25,3.6875,4.5,4.4375,2.875,12.0,15.1875
2025-11-09,Valencia,Betis,1,1,D,3,3,0,0,7,2,4,2,13,10,1,1.4,1.1875,0.2124999999999999,1.8666666666666667,2.0625,0.0,0.0,6.466666666666667,4.6875,3.533333333333333,4.4375,12.533333333333333,9.875
2025-11-09,Celta,Barcelona,2,4,A,1,5,0,1,2,5,3,9,13,10,1,1.4375,2.2,-0.7625000000000002,1.6875,2.0,0.0625,0.13333333333333333,4.625,7.0,4.375,6.933333333333334,10.125,9.4
2025-11-21,Valencia,Levante,1,0,H,4,3,0,0,7,0,3,1,16,15,0,1.4,1.0666666666666667,0.33333333333333326,1.8666666666666667,2.2666666666666666,0.0,0.06666666666666667,6.466666666666667,2.933333333333333,3.533333333333333,3.4,12.533333333333333,12.4
2025-11-22,Alaves,Celta,0,1,A,2,2,0,0,4,2,2,4,21,15,0,1.2666666666666666,1.4,-0.1333333333333333,2.1333333333333333,2.1333333333333333,0.13333333333333333,0.0,5.866666666666666,3.3333333333333335,4.2,4.066666666666666,15.333333333333334,13.333333333333334
2025-11-22,Barcelona,Ath Bilbao,4,0,H,0,2,0,1,5,7,7,2,9,9,0,3.1875,0.8666666666666667,2.3208333333333333,1.125,2.3333333333333335,0.0,0.3333333333333333,7.5,5.2,7.625,4.2,9.1875,13.8
2025-11-22,Osasuna,Sociedad,1,3,A,3,2,1,0,3,3,4,9,13,7,1,1.7333333333333334,1.1333333333333333,0.6000000000000001,2.2,2.2,0.2,0.06666666666666667,4.2,5.533333333333333,5.066666666666666,4.466666666666667,14.266666666666667,14.333333333333334
2025-11-22,Villarreal,Mallorca,2,1,H,2,2,0,0,3,1,7,3,17,8,1,2.2666666666666666,0.8666666666666667,1.4,1.4666666666666666,2.466666666666667,0.06666666666666667,0.13333333333333333,5.133333333333334,3.2666666666666666,5.8,3.533333333333333,12.133333333333333,11.133333333333333
2025-11-23,Oviedo,Vallecano,0,0,D,1,2,1,1,5,6,3,3,11,13,0,0.4666666666666667,0.75,-0.2833333333333333,2.2,3.3125,0.2,0.3125,4.6,5.1875,3.2,3.5625,11.333333333333334,14.1875
2025-11-23,Betis,Girona,1,1,D,3,4,1,0,8,0,7,4,10,16,1,1.7333333333333334,1.0,0.7333333333333334,1.9333333333333333,2.1875,0.06666666666666667,0.0,4.266666666666667,3.1875,5.133333333333334,3.6875,11.0,11.5
2025-11-23,Getafe,Ath Madrid,0,1,A,2,3,0,0,6,7,1,6,9,17,0,0.9333333333333333,1.0666666666666667,-0.1333333333333333,2.4,2.1333333333333333,0.2,0.13333333333333333,4.266666666666667,5.0,3.0,3.8666666666666667,15.133333333333333,12.333333333333334
2025-11-23,Elche,Real Madrid,2,2,D,4,0,1,0,2,8,6,7,10,8,1,1.5625,1.8666666666666667,-0.3041666666666667,1.8125,1.4,0.0625,0.06666666666666667,4.1875,6.133333333333334,4.75,6.133333333333334,13.0,10.066666666666666
2025-11-24,Espanol,Sevilla,2,1,H,4,1,0,0,4,13,5,6,18,7,1,1.2,1.2,0.0,2.2666666666666666,2.7333333333333334,0.13333333333333333,0.13333333333333333,5.2,5.2,4.866666666666666,3.533333333333333,13.666666666666666,13.933333333333334
2025-11-28,Getafe,Elche,1,0,H,2,2,0,0,3,5,6,4,18,11,0,0.9333333333333333,0.9333333333333333,0.0,2.4,2.4,0.2,0.13333333333333333,4.266666666666667,3.2,3.0,2.933333333333333,15.133333333333333,12.866666666666667
2025-11-29,Mallorca,Osasuna,2,2,D,3,4,0,0,2,8,4,2,10,15,1,1.625,0.6875,0.9375,2.0625,2.6875,0.125,0.125,3.6875,2.9375,4.4375,2.5625,12.0,13.0625
2025-11-29,Barcelona,Alaves,3,1,H,2,3,0,0,5,4,6,2,10,17,1,3.1875,1.0,2.1875,1.125,2.8125,0.0,0.1875,7.5,4.0,7.625,3.625,9.1875,15.25
2025-11-29,Levante,Ath Bilbao,0,2,A,3,2,0,0,4,2,4,4,11,19,0,1.1875,0.8666666666666667,0.3208333333333333,2.1875,2.3333333333333335,0.1875,0.3333333333333333,4.8125,5.2,3.6875,4.2,12.625,13.8
2025-11-29,Ath Madrid,Oviedo,2,0,H,0,1,0,0,7,2,8,1,5,8,0,2.1875,1.0625,1.125,2.0625,2.4375,0.0625,0.3125,7.875,3.0,6.6875,3.375,10.375,14.125
2025-11-30,Sociedad,Villarreal,2,3,A,3,7,0,0,8,2,7,5,15,18,1,2.0,1.375,0.625,1.875,2.875,0.1875,0.125,6.25,2.75,5.0625,3.375,14.3125,12.3125
2025-11-30,Sevilla,Betis,0,2,A,2,3,1,0,6,4,3,4,14,22,0,1.3125,1.1875,0.125,3.0,2.0625,0.1875,0.0,4.75,4.6875,3.625,4.4375,15.1875,9.875
2025-11-30,Celta,Espanol,0,1,A,1,2,0,0,4,3,4,2,12,15,0,1.4375,1.1875,0.25,1.6875,2.4375,0.0625,0.125,4.625,4.1875,4.375,3.375,10.125,13.9375
2025-11-30,Girona,Real Madrid,1,1,D,3,0,0,0,2,5,4,4,9,13,1,1.1333333333333333,1.8666666666666667,-0.7333333333333334,2.0,1.4,0.4666666666666667,0.06666666666666667,5.0,6.133333333333334,4.066666666666666,6.133333333333334,9.733333333333333,10.066666666666666
2025-12-01,Vallecano,Valencia,1,1,D,1,1,0,0,10,5,7,2,11,9,1,1.1333333333333333,0.8125,0.3208333333333333,1.9333333333333333,2.0,0.2,0.125,6.933333333333334,4.25,5.533333333333333,2.875,12.066666666666666,11.875
2025-12-02,Barcelona,Ath Madrid,3,1,H,1,1,0,0,5,4,6,2,12,9,1,3.1875,1.0666666666666667,2.1208333333333336,1.125,2.1333333333333333,0.0,0.13333333333333333,7.5,5.0,7.625,3.8666666666666667,9.1875,12.333333333333334
2025-12-03,Ath Bilbao,Real Madrid,0,3,A,2,0,0,0,5,7,4,8,15,4,0,1.25,1.8666666666666667,-0.6166666666666667,2.1875,1.4,0.0,0.06666666666666667,6.0625,6.133333333333334,4.9375,6.133333333333334,13.6875,10.066666666666666
2025-12-05,Oviedo,Mallorca,0,0,D,2,1,2,0,8,5,3,6,14,12,0,0.4666666666666667,0.8666666666666667,-0.4,2.2,2.466666666666667,0.2,0.13333333333333333,4.6,3.2666666666666666,3.2,3.533333333333333,11.333333333333334,11.133333333333333
2025-12-06,Villarreal,Getafe,2,0,H,2,4,0,1,5,3,5,0,19,15,0,2.2666666666666666,0.8125,1.4541666666666666,1.4666666666666666,3.5625,0.06666666666666667,0.25,5.133333333333334,4.5,5.8,2.875,12.133333333333333,15.1875
2025-12-06,Alaves,Sociedad,1,0,H,2,2,0,0,5,8,3,1,20,16,0,1.2666666666666666,1.1333333333333333,0.1333333333333333,2.1333333333333333,2.2,0.13333333333333333,0.06666666666666667,5.866666666666666,5.533333333333333,4.2,4.466666666666667,15.333333333333334,14.333333333333334
2025-12-06,Betis,Barcelona,3,5,A,5,2,0,0,7,7,5,8,14,9,1,1.7333333333333334,2.2,-0.4666666666666668,1.9333333333333333,2.0,0.06666666666666667,0.13333333333333333,4.266666666666667,7.0,5.133333333333334,6.933333333333334,11.0,9.4
2025-12-06,Ath Bilbao,Ath Madrid,1,0,H,3,2,0,0,5,6,3,3,9,12,0,1.25,1.0666666666666667,0.18333333333333335,2.1875,2.1333333333333333,0.0,0.13333333333333333,6.0625,5.0,4.9375,3.8666666666666667,13.6875,12.333333333333334
2025-12-07,Elche,Girona,3,0,H,0,3,0,0,2,2,6,4,18,13,0,1.5625,1.0,0.5625,1.8125,2.1875,0.0625,0.0,4.1875,3.1875,4.75,3.6875,13.0,11.5
2025-12-07,Valencia,Sevilla,1,1,D,3,6,0,0,2,2,3,1,12,18,1,1.4,1.2,0.19999999999999996,1.8666666666666667,2.7333333333333334,0.0,0.13333333333333333,6.466666666666667,5.2,3.533333333333333,3.533333333333333,12.533333333333333,13.933333333333334
2025-12-07,Espanol,Vallecano,1,0,H,4,8,1,1,6,2,2,2,19,22,0,1.2,0.75,0.44999999999999996,2.2666666666666666,3.3125,0.13333333333333333,0.3125,5.2,5.1875,4.866666666666666,3.5625,13.666666666666666,14.1875
2025-12-07,Real Madrid,Celta,0,2,A,6,1,3,0,8,1,7,5,6,12,0,2.3125,1.4,0.9125000000000001,2.1875,2.1333333333333333,0.375,0.0,6.75,3.3333333333333335,7.6875,4.066666666666666,9.8125,13.333333333333334
2025-12-08,Osasuna,Levante,2,0,H,2,2,0,0,3,3,6,5,15,7,0,1.7333333333333334,1.0666666666666667,0.6666666666666667,2.2,2.2666666666666666,0.2,0.06666666666666667,4.2,2.933333333333333,5.066666666666666,3.4,14.266666666666667,12.4
2025-12-12,Sociedad,Girona,1,2,A,1,2,0,0,4,3,4,3,20,5,1,2.0,1.0,1.0,1.875,2.1875,0.1875,0.0,6.25,3.1875,5.0625,3.6875,14.3125,11.5
2025-12-13,Ath Madrid,Valencia,2,1,H,3,1,0,0,5,7,6,2,13,11,1,2.1875,0.8125,1.375,2.0625,2.0,0.0625,0.125,7.875,4.25,6.6875,2.875,10.375,11.875
2025-12-13,Mallorca,Elche,3,1,H,3,0,0,0,1,1,8,0,13,13,1,1.625,0.9333333333333333,0.6916666666666667,2.0625,2.4,0.125,0.13333333333333333,3.6875,3.2,4.4375,2.933333333333333,12.0,12.866666666666667
2025-12-13,Barcelona,Osasuna,2,0,H,0,3,0,0,14,1,7,2,5,8,0,3.1875,0.6875,2.5,1.125,2.6875,0.0,0.125,7.5,2.9375,7.625,2.5625,9.1875,13.0625
2025-12-13,Getafe,Espanol,0,1,A,5,1,0,0,6,4,1,4,18,17,0,0.9333333333333333,1.1875,-0.25416666666666665,2.4,2.4375,0.2,0.125,4.266666666666667,4.1875,3.0,3.375,15.133333333333333,13.9375
2025-12-14,Sevilla,Oviedo,4,0,H,1,2,0,1,5,3,7,1,11,12,0,1.3125,1.0625,0.25,3.0,2.4375,0.1875,0.3125,4.75,3.0,3.625,3.375,15.1875,14.125
2025-12-14,Celta,Ath Bilbao,2,0,H,3,2,0,0,1,4,2,2,11,13,0,1.4375,0.8666666666666667,0.5708333333333333,1.6875,2.3333333333333335,0.0625,0.3333333333333333,4.625,5.2,4.375,4.2,10.125,13.8
2025-12-14,Alaves,Real Madrid,1,2,A,3,1,0,0,5,7,2,6,12,13,1,1.2666666666666666,1.8666666666666667,-0.6000000000000001,2.1333333333333333,1.4,0.13333333333333333,0.06666666666666667,5.866666666666666,6.133333333333334,4.2,6.133333333333334,15.333333333333334,10.066666666666666
2025-12-15,Vallecano,Betis,0,0,D,4,1,0,0,8,3,7,6,10,7,0,1.1333333333333333,1.1875,-0.054166666666666696,1.9333333333333333,2.0625,0.2,0.0,6.933333333333334,4.6875,5.533333333333333,4.4375,12.066666666666666,9.875
2025-12-19,Valencia,Mallorca,1,1,D,2,3,0,0,12,3,2,2,10,12,1,1.4,0.8666666666666667,0.5333333333333332,1.8666666666666667,2.466666666666667,0.0,0.13333333333333333,6.466666666666667,3.2666666666666666,3.533333333333333,3.533333333333333,12.533333333333333,11.133333333333333
2025-12-20,Oviedo,Celta,0,0,D,2,1,0,0,4,3,3,2,14,7,0,0.4666666666666667,1.4,-0.9333333333333332,2.2,2.1333333333333333,0.2,0.0,4.6,3.3333333333333335,3.2,4.066666666666666,11.333333333333334,13.333333333333334
2025-12-20,Levante,Sociedad,1,1,D,6,2,0,0,7,10,3,6,16,13,1,1.1875,1.1333333333333333,0.054166666666666696,2.1875,2.2,0.1875,0.06666666666666667,4.8125,5.533333333333333,3.6875,4.466666666666667,12.625,14.333333333333334
2025-12-20,Osasuna,Alaves,3,0,H,2,2,0,0,9,0,7,3,16,11,0,1.7333333333333334,1.0,0.7333333333333334,2.2,2.8125,0.2,0.1875,4.2,4.0,5.066666666666666,3.625,14.266666666666667,15.25
2025-12-20,Real Madrid,Sevilla,2,0,H,2,5,0,1,6,5,8,5,13,19,0,2.3125,1.2,1.1125,2.1875,2.7333333333333334,0.375,0.13333333333333333,6.75,5.2,7.6875,3.533333333333333,9.8125,13.933333333333334
2025-12-21,Girona,Ath Madrid,0,3,A,2,0,0,0,3,4,2,6,7,14,0,1.1333333333333333,1.0666666666666667,0.06666666666666665,2.0,2.1333333333333333,0.4666666666666667,0.13333333333333333,5.0,5.0,4.066666666666666,3.8666666666666667,9.733333333333333,12.333333333333334
2025-12-21,Villarreal,Barcelona,0,2,A,1,1,1,0,5,10,5,5,10,8,0,2.2666666666666666,2.2,0.06666666666666643,1.4666666666666666,2.0,0.06666666666666667,0.13333333333333333,5.133333333333334,7.0,5.8,6.933333333333334,12.133333333333333,9.4
2025-12-21,Elche,Vallecano,4,0,H,2,3,0,0,4,5,6,8,15,11,0,1.5625,0.75,0.8125,1.8125,3.3125,0.0625,0.3125,4.1875,5.1875,4.75,3.5625,13.0,14.1875
2025-12-21,Betis,Getafe,4,0,H,0,1,0,0,7,5,8,3,13,12,0,1.7333333333333334,0.8125,0.9208333333333334,1.9333333333333333,3.5625,0.06666666666666667,0.25,4.266666666666667,4.5,5.133333333333334,2.875,11.0,15.1875
2025-12-22,Ath Bilbao,Espanol,1,2,A,5,2,0,0,8,4,7,5,10,9,1,1.25,1.1875,0.0625,2.1875,2.4375,0.0,0.125,6.0625,4.1875,4.9375,3.375,13.6875,13.9375
2026-01-02,Vallecano,Getafe,1,1,D,3,4,0,0,3,2,4,4,13,10,1,1.1333333333333333,0.8125,0.3208333333333333,1.9333333333333333,3.5625,0.2,0.25,6.933333333333334,4.5,5.533333333333333,2.875,12.066666666666666,15.1875
2026-01-03,Celta,Valencia,4,1,H,1,3,0,0,2,4,6,5,10,9,1,1.4375,0.8125,0.625,1.6875,2.0,0.0625,0.125,4.625,4.25,4.375,2.875,10.125,11.875
2026-01-03,Osasuna,Ath Bilbao,1,1,D,3,3,0,0,1,9,4,6,12,19,1,1.7333333333333334,0.8666666666666667,0.8666666666666667,2.2,2.3333333333333335,0.2,0.3333333333333333,4.2,5.2,5.066666666666666,4.2,14.266666666666667,13.8
2026-01-03,Elche,Villarreal,1,3,A,3,3,0,0,6,2,2,4,8,11,1,1.5625,1.375,0.1875,1.8125,2.875,0.0625,0.125,4.1875,2.75,4.75,3.375,13.0,12.3125
2026-01-03,Espanol,Barcelona,0,2,A,1,0,0,0,5,7,7,6,10,14,0,1.2,2.2,-1.0000000000000002,2.2666666666666666,2.0,0.13333333333333333,0.13333333333333333,5.2,7.0,4.866666666666666,6.933333333333334,13.666666666666666,9.4
2026-01-04,Sevilla,Levante,0,3,A,3,4,0,0,5,1,7,4,16,10,0,1.3125,1.0666666666666667,0.24583333333333335,3.0,2.2666666666666666,0.1875,0.06666666666666667,4.75,2.933333333333333,3.625,3.4,15.1875,12.4
2026-01-04,Real Madrid,Betis,5,1,H,1,1,0,0,5,8,9,5,10,12,1,2.3125,1.1875,1.125,2.1875,2.0625,0.375,0.0,6.75,4.6875,7.6875,4.4375,9.8125,9.875
2026-01-04,Alaves,Oviedo,1,1,D,3,3,1,1,6,7,7,6,11,20,1,1.2666666666666666,1.0625,0.2041666666666666,2.1333333333333333,2.4375,0.13333333333333333,0.3125,5.866666666666666,3.0,4.2,3.375,15.333333333333334,14.125
2026-01-04,Mallorca,Girona,1,2,A,2,1,0,0,3,6,2,4,10,14,1,1.625,1.0,0.625,2.0625,2.1875,0.125,0.0,3.6875,3.1875,4.4375,3.6875,12.0,11.5
2026-01-04,Sociedad,Ath Madrid,1,1,D,3,2,0,0,6,6,8,2,11,13,1,2.0,1.0666666666666667,0.9333333333333333,1.875,2.1333333333333333,0.1875,0.13333333333333333,6.25,5.0,5.0625,3.8666666666666667,14.3125,12.333333333333334
2026-01-09,Getafe,Sociedad,1,2,A,2,1,0,0,2,4,3,5,17,17,1,0.9333333333333333,1.1333333333333333,-0.19999999999999996,2.4,2.2,0.2,0.06666666666666667,4.266666666666667,5.533333333333333,3.0,4.466666666666667,15.133333333333333,14.333333333333334
2026-01-10,Oviedo,Betis,1,1,D,3,1,0,0,5,2,3,6,15,8,1,0.4666666666666667,1.1875,-0.7208333333333333,2.2,2.0625,0.2,0.0,4.6,4.6875,3.2,4.4375,11.333333333333334,9.875
2026-01-10,Villarreal,Alaves,3,1,H,0,2,0,0,1,6,4,5,10,14,1,2.2666666666666666,1.0,1.2666666666666666,1.4666666666666666,2.8125,0.06666666666666667,0.1875,5.133333333333334,4.0,5.8,3.625,12.133333333333333,15.25
2026-01-10,Girona,Osasuna,1,0,H,2,6,1,0,2,1,4,1,14,13,0,1.1333333333333333,0.6875,0.4458333333333333,2.0,2.6875,0.4666666666666667,0.125,5.0,2.9375,4.066666666666666,2.5625,9.733333333333333,13.0625
2026-01-10,Valencia,Elche,1,1,D,2,3,0,0,8,6,4,1,14,14,1,1.4,0.9333333333333333,0.46666666666666656,1.8666666666666667,2.4,0.0,0.13333333333333333,6.466666666666667,3.2,3.533333333333333,2.933333333333333,12.533333333333333,12.866666666666667
2026-01-11,Vallecano,Mallorca,2,1,H,1,5,1,0,6,5,5,2,14,14,1,1.1333333333333333,0.8666666666666667,0.2666666666666666,1.9333333333333333,2.466666666666667,0.2,0.13333333333333333,6.933333333333334,3.2666666666666666,5.533333333333333,3.533333333333333,12.066666666666666,11.133333333333333
2026-01-11,Levante,Espanol,1,1,D,0,1,0,0,4,3,2,3,10,9,1,1.1875,1.1875,0.0,2.1875,2.4375,0.1875,0.125,4.8125,4.1875,3.6875,3.375,12.625,13.9375
2026-01-12,Sevilla,Celta,0,1,A,3,3,0,0,6,1,2,7,16,16,0,1.3125,1.4,-0.08749999999999991,3.0,2.1333333333333333,0.1875,0.0,4.75,3.3333333333333335,3.625,4.066666666666666,15.1875,13.333333333333334
2026-01-16,Espanol,Girona,0,2,A,5,5,0,0,5,4,2,4,17,17,0,1.2,1.0,0.19999999999999996,2.2666666666666666,2.1875,0.13333333333333333,0.0,5.2,3.1875,4.866666666666666,3.6875,13.666666666666666,11.5
2026-01-17,Real Madrid,Levante,2,0,H,2,1,0,0,8,0,11,0,12,14,0,2.3125,1.0666666666666667,1.2458333333333333,2.1875,2.2666666666666666,0.375,0.06666666666666667,6.75,2.933333333333333,7.6875,3.4,9.8125,12.4
2026-01-17,Mallorca,Ath Bilbao,3,2,H,1,5,0,2,3,7,9,11,10,10,1,1.625,0.8666666666666667,0.7583333333333333,2.0625,2.3333333333333335,0.125,0.3333333333333333,3.6875,5.2,4.4375,4.2,12.0,13.8
2026-01-17,Osasuna,Oviedo,3,2,H,1,4,1,0,3,6,5,5,14,15,1,1.7333333333333334,1.0625,0.6708333333333334,2.2,2.4375,0.2,0.3125,4.2,3.0,5.066666666666666,3.375,14.266666666666667,14.125
2026-01-17,Betis,Villarreal,2,0,H,3,2,0,1,2,3,6,3,14,13,0,1.7333333333333334,1.375,0.3583333333333334,1.9333333333333333,2.875,0.06666666666666667,0.125,4.266666666666667,2.75,5.133333333333334,3.375,11.0,12.3125
2026-01-18,Getafe,Valencia,0,1,A,2,3,0,1,9,3,3,1,8,18,0,0.9333333333333333,0.8125,0.12083333333333335,2.4,2.0,0.2,0.125,4.266666666666667,4.25,3.0,2.875,15.133333333333333,11.875
2026-01-18,Ath Madrid,Alaves,1,0,H,1,1,0,0,6,6,6,0,13,5,0,2.1875,1.0,1.1875,2.0625,2.8125,0.0625,0.1875,7.875,4.0,6.6875,3.625,10.375,15.25
2026-01-18,Celta,Vallecano,3,0,H,4,3,0,1,5,7,7,3,7,14,0,1.4375,0.75,0.6875,1.6875,3.3125,0.0625,0.3125,4.625,5.1875,4.375,3.5625,10.125,14.1875
2026-01-18,Sociedad,Barcelona,2,1,H,3,3,1,0,6,8,6,9,13,8,1,2.0,2.2,-0.20000000000000018,1.875,2.0,0.1875,0.13333333333333333,6.25,7.0,5.0625,6.933333333333334,14.3125,9.4
2026-01-19,Elche,Sevilla,2,2,D,3,1,0,0,9,7,5,8,11,12,1,1.5625,1.2,0.36250000000000004,1.8125,2.7333333333333334,0.0625,0.13333333333333333,4.1875,5.2,4.75,3.533333333333333,13.0,13.933333333333334
2026-01-23,Levante,Elche,3,2,H,2,3,0,0,9,1,6,3,13,13,1,1.1875,0.9333333333333333,0.25416666666666665,2.1875,2.4,0.1875,0.13333333333333333,4.8125,3.2,3.6875,2.933333333333333,12.625,12.866666666666667
2026-01-24,Vallecano,Osasuna,1,3,A,2,2,0,0,4,3,4,5,12,15,1,1.1333333333333333,0.6875,0.4458333333333333,1.9333333333333333,2.6875,0.2,0.125,6.933333333333334,2.9375,5.533333333333333,2.5625,12.066666666666666,13.0625
2026-01-24,Valencia,Espanol,3,2,H,1,5,0,0,2,7,5,6,13,10,1,1.4,1.1875,0.2124999999999999,1.8666666666666667,2.4375,0.0,0.125,6.466666666666667,4.1875,3.533333333333333,3.375,12.533333333333333,13.9375
2026-01-24,Sevilla,Ath Bilbao,2,1,H,2,1,0,0,5,5,7,3,16,12,1,1.3125,0.8666666666666667,0.4458333333333333,3.0,2.3333333333333335,0.1875,0.3333333333333333,4.75,5.2,3.625,4.2,15.1875,13.8
2026-01-24,Villarreal,Real Madrid,0,2,A,3,1,0,0,6,6,1,4,19,10,0,2.2666666666666666,1.8666666666666667,0.3999999999999999,1.4666666666666666,1.4,0.06666666666666667,0.06666666666666667,5.133333333333334,6.133333333333334,5.8,6.133333333333334,12.133333333333333,10.066666666666666
2026-01-25,Ath Madrid,Mallorca,3,0,H,2,1,0,0,10,3,8,1,10,7,0,2.1875,0.8666666666666667,1.3208333333333333,2.0625,2.466666666666667,0.0625,0.13333333333333333,7.875,3.2666666666666666,6.6875,3.533333333333333,10.375,11.133333333333333
2026-01-25,Barcelona,Oviedo,3,0,H,1,2,0,0,10,1,7,3,8,21,0,3.1875,1.0625,2.125,1.125,2.4375,0.0,0.3125,7.5,3.0,7.625,3.375,9.1875,14.125
2026-01-25,Sociedad,Celta,3,1,H,1,1,1,0,2,9,4,4,7,13,1,2.0,1.4,0.6000000000000001,1.875,2.1333333333333333,0.1875,0.0,6.25,3.3333333333333335,5.0625,4.066666666666666,14.3125,13.333333333333334
2026-01-25,Alaves,Betis,2,1,H,1,1,0,0,6,4,9,4,17,11,1,1.2666666666666666,1.1875,0.07916666666666661,2.1333333333333333,2.0625,0.13333333333333333,0.0,5.866666666666666,4.6875,4.2,4.4375,15.333333333333334,9.875
2026-01-26,Girona,Getafe,1,1,D,5,3,0,0,3,4,4,2,13,15,1,1.1333333333333333,0.8125,0.3208333333333333,2.0,3.5625,0.4666666666666667,0.25,5.0,4.5,4.066666666666666,2.875,9.733333333333333,15.1875
2026-01-30,Espanol,Alaves,1,2,A,0,1,0,0,4,2,3,7,15,15,1,1.2,1.0,0.19999999999999996,2.2666666666666666,2.8125,0.13333333333333333,0.1875,5.2,4.0,4.866666666666666,3.625,13.666666666666666,15.25
2026-01-31,Oviedo,Girona,1,0,H,1,1,0,0,4,4,4,1,12,16,0,0.4666666666666667,1.0,-0.5333333333333333,2.2,2.1875,0.2,0.0,4.6,3.1875,3.2,3.6875,11.333333333333334,11.5
2026-01-31,Osasuna,Villarreal,2,2,D,2,2,0,0,6,2,5,4,15,7,1,1.7333333333333334,1.375,0.3583333333333334,2.2,2.875,0.2,0.125,4.2,2.75,5.066666666666666,3.375,14.266666666666667,12.3125
2026-01-31,Levante,Ath Madrid,0,0,D,2,1,0,0,4,7,2,4,11,12,0,1.1875,1.0666666666666667,0.12083333333333335,2.1875,2.1333333333333333,0.1875,0.13333333333333333,4.8125,5.0,3.6875,3.8666666666666667,12.625,12.333333333333334
2026-01-31,Elche,Barcelona,1,3,A,2,1,0,0,2,8,3,8,15,9,1,1.5625,2.2,-0.6375000000000002,1.8125,2.0,0.0625,0.13333333333333333,4.1875,7.0,4.75,6.933333333333334,13.0,9.4
2026-02-01,Real Madrid,Vallecano,2,1,H,2,8,0,2,9,4,6,4,6,18,1,2.3125,0.75,1.5625,2.1875,3.3125,0.375,0.3125,6.75,5.1875,7.6875,3.5625,9.8125,14.1875
2026-02-01,Betis,Valencia,2,1,H,0,4,0,0,3,5,2,4,15,13,1,1.7333333333333334,0.8125,0.9208333333333334,1.9333333333333333,2.0,0.06666666666666667,0.125,4.266666666666667,4.25,5.133333333333334,2.875,11.0,11.875
2026-02-01,Getafe,Celta,0,0,D,1,2,0,0,5,3,2,1,16,14,0,0.9333333333333333,1.4,-0.46666666666666656,2.4,2.1333333333333333,0.2,0.0,4.266666666666667,3.3333333333333335,3.0,4.066666666666666,15.133333333333333,13.333333333333334
2026-02-01,Ath Bilbao,Sociedad,1,1,D,4,2,0,1,6,3,4,6,14,14,1,1.25,1.1333333333333333,0.1166666666666667,2.1875,2.2,0.0,0.06666666666666667,6.0625,5.533333333333333,4.9375,4.466666666666667,13.6875,14.333333333333334
2026-02-02,Mallorca,Sevilla,4,1,H,1,1,0,0,4,8,7,5,16,8,1,1.625,1.2,0.42500000000000004,2.0625,2.7333333333333334,0.125,0.13333333333333333,3.6875,5.2,4.4375,3.533333333333333,12.0,13.933333333333334
2026-02-06,Celta,Osasuna,1,2,A,2,2,0,0,7,3,4,2,9,14,1,1.4375,0.6875,0.75,1.6875,2.6875,0.0625,0.125,4.625,2.9375,4.375,2.5625,10.125,13.0625
2026-02-07,Barcelona,Mallorca,3,0,H,0,0,0,0,12,3,7,4,7,9,0,3.1875,0.8666666666666667,2.3208333333333333,1.125,2.466666666666667,0.0,0.13333333333333333,7.5,3.2666666666666666,7.625,3.533333333333333,9.1875,11.133333333333333
2026-02-07,Sociedad,Elche,3,1,H,0,4,0,0,2,4,3,5,14,8,1,2.0,0.9333333333333333,1.0666666666666667,1.875,2.4,0.1875,0.13333333333333333,6.25,3.2,5.0625,2.933333333333333,14.3125,12.866666666666667
2026-02-08,Alaves,Getafe,0,2,A,2,5,0,0,6,3,5,5,20,20,0,1.2666666666666666,0.8125,0.4541666666666666,2.1333333333333333,3.5625,0.13333333333333333,0.25,5.866666666666666,4.5,4.2,2.875,15.333333333333334,15.1875
2026-02-08,Ath Bilbao,Levante,4,2,H,2,1,0,1,4,3,7,3,17,10,1,1.25,1.0666666666666667,0.18333333333333335,2.1875,2.2666666666666666,0.0,0.06666666666666667,6.0625,2.933333333333333,4.9375,3.4,13.6875,12.4
2026-02-08,Sevilla,Girona,1,1,D,3,3,0,0,5,7,3,6,16,13,1,1.3125,1.0,0.3125,3.0,2.1875,0.1875,0.0,4.75,3.1875,3.625,3.6875,15.1875,11.5
2026-02-08,Ath Madrid,Betis,0,1,A,3,1,0,0,7,3,5,4,12,3,0,2.1875,1.1875,1.0,2.0625,2.0625,0.0625,0.0,7.875,4.6875,6.6875,4.4375,10.375,9.875
2026-02-08,Valencia,Real Madrid,0,2,A,1,1,0,0,5,8,0,6,10,13,0,1.4,1.8666666666666667,-0.4666666666666668,1.8666666666666667,1.4,0.0,0.06666666666666667,6.466666666666667,6.133333333333334,3.533333333333333,6.133333333333334,12.533333333333333,10.066666666666666
2026-02-09,Villarreal,Espanol,4,1,H,3,3,0,0,5,8,3,2,18,11,1,2.2666666666666666,1.1875,1.0791666666666666,1.4666666666666666,2.4375,0.06666666666666667,0.125,5.133333333333334,4.1875,5.8,3.375,12.133333333333333,13.9375
2026-02-13,Elche,Osasuna,0,0,D,2,4,0,0,10,3,5,2,13,18,0,1.5625,0.6875,0.875,1.8125,2.6875,0.0625,0.125,4.1875,2.9375,4.75,2.5625,13.0,13.0625
2026-02-14,Espanol,Celta,2,2,D,1,0,0,0,2,2,3,5,9,11,1,1.2,1.4,-0.19999999999999996,2.2666666666666666,2.1333333333333333,0.13333333333333333,0.0,5.2,3.3333333333333335,4.866666666666666,4.066666666666666,13.666666666666666,13.333333333333334
2026-02-14,Getafe,Villarreal,2,1,H,2,3,0,0,3,4,2,2,21,17,1,0.9333333333333333,1.375,-0.44166666666666665,2.4,2.875,0.2,0.125,4.266666666666667,2.75,3.0,3.375,15.133333333333333,12.3125
2026-02-14,Sevilla,Alaves,1,1,D,5,0,2,0,0,3,2,1,16,13,1,1.3125,1.0,0.3125,3.0,2.8125,0.1875,0.1875,4.75,4.0,3.625,3.625,15.1875,15.25
2026-02-14,Real Madrid,Sociedad,4,1,H,1,1,0,0,4,6,5,3,10,9,1,2.3125,1.1333333333333333,1.1791666666666667,2.1875,2.2,0.375,0.06666666666666667,6.75,5.533333333333333,7.6875,4.466666666666667,9.8125,14.333333333333334
2026-02-15,Oviedo,Ath Bilbao,1,2,A,2,3,0,0,2,3,1,4,8,20,1,0.4666666666666667,0.8666666666666667,-0.4,2.2,2.3333333333333335,0.2,0.3333333333333333,4.6,5.2,3.2,4.2,11.333333333333334,13.8
2026-02-15,Vallecano,Ath Madrid,3,0,H,1,3,0,0,4,8,9,3,10,13,0,1.1333333333333333,1.0666666666666667,0.06666666666666665,1.9333333333333333,2.1333333333333333,0.2,0.13333333333333333,6.933333333333334,5.0,5.533333333333333,3.8666666666666667,12.066666666666666,12.333333333333334
2026-02-15,Levante,Valencia,0,2,A,3,2,1,0,3,2,1,2,11,10,0,1.1875,0.8125,0.375,2.1875,2.0,0.1875,0.125,4.8125,4.25,3.6875,2.875,12.625,11.875
2026-02-15,Mallorca,Betis,1,2,A,4,3,0,0,7,3,3,8,16,10,1,1.625,1.1875,0.4375,2.0625,2.0625,0.125,0.0,3.6875,4.6875,4.4375,4.4375,12.0,9.875
2026-02-16,Girona,Barcelona,2,1,H,1,2,1,0,3,7,9,4,10,6,1,1.1333333333333333,2.2,-1.0666666666666669,2.0,2.0,0.4666666666666667,0.13333333333333333,5.0,7.0,4.066666666666666,6.933333333333334,9.733333333333333,9.4
2026-02-18,Levante,Villarreal,0,1,A,3,4,0,0,3,2,4,6,13,20,0,1.1875,1.375,-0.1875,2.1875,2.875,0.1875,0.125,4.8125,2.75,3.6875,3.375,12.625,12.3125
2026-02-20,Ath Bilbao,Elche,2,1,H,3,3,0,0,4,1,8,2,18,9,1,1.25,0.9333333333333333,0.31666666666666665,2.1875,2.4,0.0,0.13333333333333333,6.0625,3.2,4.9375,2.933333333333333,13.6875,12.866666666666667
2026-02-21,Sociedad,Oviedo,3,3,D,2,1,0,0,7,6,8,6,13,16,1,2.0,1.0625,0.9375,1.875,2.4375,0.1875,0.3125,6.25,3.0,5.0625,3.375,14.3125,14.125
2026-02-21,Betis,Vallecano,1,1,D,4,3,0,0,3,5,3,3,14,13,1,1.7333333333333334,0.75,0.9833333333333334,1.9333333333333333,3.3125,0.06666666666666667,0.3125,4.266666666666667,5.1875,5.133333333333334,3.5625,11.0,14.1875
2026-02-21,Osasuna,Real Madrid,2,1,H,2,4,0,0,3,7,2,5,19,10,1,1.7333333333333334,1.8666666666666667,-0.1333333333333333,2.2,1.4,0.2,0.06666666666666667,4.2,6.133333333333334,5.066666666666666,6.133333333333334,14.266666666666667,10.066666666666666
2026-02-21,Ath Madrid,Espanol,4,2,H,0,1,0,0,5,3,9,2,8,10,1,2.1875,1.1875,1.0,2.0625,2.4375,0.0625,0.125,7.875,4.1875,6.6875,3.375,10.375,13.9375
2026-02-22,Getafe,Sevilla,0,1,A,1,1,1,0,2,2,3,1,5,18,0,0.9333333333333333,1.2,-0.2666666666666666,2.4,2.7333333333333334,0.2,0.13333333333333333,4.266666666666667,5.2,3.0,3.533333333333333,15.133333333333333,13.933333333333334
2026-02-22,Barcelona,Levante,3,0,H,2,1,0,0,13,6,9,2,12,10,0,3.1875,1.0666666666666667,2.1208333333333336,1.125,2.2666666666666666,0.0,0.06666666666666667,7.5,2.933333333333333,7.625,3.4,9.1875,12.4
2026-02-22,Celta,Mallorca,2,0,H,1,5,0,0,7,2,7,0,11,10,0,1.4375,0.8666666666666667,0.5708333333333333,1.6875,2.466666666666667,0.0625,0.13333333333333333,4.625,3.2666666666666666,4.375,3.533333333333333,10.125,11.133333333333333
2026-02-22,Villarreal,Valencia,2,1,H,2,4,0,0,5,4,5,3,7,16,1,2.2666666666666666,0.8125,1.4541666666666666,1.4666666666666666,2.0,0.06666666666666667,0.125,5.133333333333334,4.25,5.8,2.875,12.133333333333333,11.875
2026-02-23,Alaves,Girona,2,2,D,2,2,0,0,7,6,6,5,18,6,1,1.2666666666666666,1.0,0.2666666666666666,2.1333333333333333,2.1875,0.13333333333333333,0.0,5.866666666666666,3.1875,4.2,3.6875,15.333333333333334,11.5
2026-02-27,Levante,Alaves,2,0,H,1,6,0,1,10,6,5,7,14,16,0,1.1875,1.0,0.1875,2.1875,2.8125,0.1875,0.1875,4.8125,4.0,3.6875,3.625,12.625,15.25
2026-02-28,Vallecano,Ath Bilbao,1,1,D,2,3,0,0,5,4,7,2,8,17,1,1.1333333333333333,0.8666666666666667,0.2666666666666666,1.9333333333333333,2.3333333333333335,0.2,0.3333333333333333,6.933333333333334,5.2,5.533333333333333,4.2,12.066666666666666,13.8
2026-02-28,Barcelona,Villarreal,4,1,H,2,1,0,0,3,2,8,1,11,9,1,3.1875,1.375,1.8125,1.125,2.875,0.0,0.125,7.5,2.75,7.625,3.375,9.1875,12.3125
2026-02-28,Mallorca,Sociedad,0,1,A,0,2,0,0,3,7,1,2,6,22,0,1.625,1.1333333333333333,0.4916666666666667,2.0625,2.2,0.125,0.06666666666666667,3.6875,5.533333333333333,4.4375,4.466666666666667,12.0,14.333333333333334
2026-02-28,Oviedo,Ath Madrid,0,1,A,2,2,0,0,8,3,6,1,12,6,0,0.4666666666666667,1.0666666666666667,-0.6,2.2,2.1333333333333333,0.2,0.13333333333333333,4.6,5.0,3.2,3.8666666666666667,11.333333333333334,12.333333333333334
2026-03-01,Elche,Espanol,2,2,D,1,6,0,1,3,1,9,4,14,23,1,1.5625,1.1875,0.375,1.8125,2.4375,0.0625,0.125,4.1875,4.1875,4.75,3.375,13.0,13.9375
2026-03-01,Valencia,Osasuna,1,0,H,3,3,0,0,5,4,1,0,14,13,0,1.4,0.6875,0.7124999999999999,1.8666666666666667,2.6875,0.0,0.125,6.466666666666667,2.9375,3.533333333333333,2.5625,12.533333333333333,13.0625
2026-03-01,Betis,Sevilla,2,2,D,3,3,0,0,4,3,2,6,12,15,1,1.7333333333333334,1.2,0.5333333333333334,1.9333333333333333,2.7333333333333334,0.06666666666666667,0.13333333333333333,4.266666666666667,5.2,5.133333333333334,3.533333333333333,11.0,13.933333333333334
2026-03-01,Girona,Celta,1,2,A,2,2,0,0,10,6,7,5,9,8,1,1.1333333333333333,1.4,-0.2666666666666666,2.0,2.1333333333333333,0.4666666666666667,0.0,5.0,3.3333333333333335,4.066666666666666,4.066666666666666,9.733333333333333,13.333333333333334
2026-03-02,Real Madrid,Getafe,0,1,A,4,6,1,1,10,2,7,3,11,17,0,2.3125,0.8125,1.5,2.1875,3.5625,0.375,0.25,6.75,4.5,7.6875,2.875,9.8125,15.1875
2026-03-04,Vallecano,Oviedo,3,0,H,0,2,0,0,12,2,7,2,10,10,0,1.1333333333333333,1.0625,0.0708333333333333,1.9333333333333333,2.4375,0.2,0.3125,6.933333333333334,3.0,5.533333333333333,3.375,12.066666666666666,14.125
2026-03-06,Celta,Real Madrid,1,2,A,1,2,0,0,1,6,4,3,4,12,1,1.4375,1.8666666666666667,-0.4291666666666667,1.6875,1.4,0.0625,0.06666666666666667,4.625,6.133333333333334,4.375,6.133333333333334,10.125,10.066666666666666
2026-03-07,Osasuna,Mallorca,2,2,D,2,5,1,1,8,0,5,4,11,12,1,1.7333333333333334,0.8666666666666667,0.8666666666666667,2.2,2.466666666666667,0.2,0.13333333333333333,4.2,3.2666666666666666,5.066666666666666,3.533333333333333,14.266666666666667,11.133333333333333
2026-03-07,Levante,Girona,1,1,D,2,2,1,0,2,3,4,5,15,9,1,1.1875,1.0,0.1875,2.1875,2.1875,0.1875,0.0,4.8125,3.1875,3.6875,3.6875,12.625,11.5
2026-03-07,Ath Madrid,Sociedad,3,2,H,1,1,0,0,8,1,9,3,6,10,1,2.1875,1.1333333333333333,1.0541666666666667,2.0625,2.2,0.0625,0.06666666666666667,7.875,5.533333333333333,6.6875,4.466666666666667,10.375,14.333333333333334
2026-03-07,Ath Bilbao,Barcelona,0,1,A,2,1,0,0,2,4,3,2,11,9,0,1.25,2.2,-0.9500000000000002,2.1875,2.0,0.0,0.13333333333333333,6.0625,7.0,4.9375,6.933333333333334,13.6875,9.4
2026-03-08,Villarreal,Elche,2,1,H,1,2,0,0,4,6,7,6,11,16,1,2.2666666666666666,0.9333333333333333,1.3333333333333333,1.4666666666666666,2.4,0.06666666666666667,0.13333333333333333,5.133333333333334,3.2,5.8,2.933333333333333,12.133333333333333,12.866666666666667
2026-03-08,Getafe,Betis,2,0,H,3,2,0,0,3,8,5,5,19,8,0,0.9333333333333333,1.1875,-0.25416666666666665,2.4,2.0625,0.2,0.0,4.266666666666667,4.6875,3.0,4.4375,15.133333333333333,9.875
2026-03-08,Sevilla,Vallecano,1,1,D,1,3,0,0,6,2,2,2,13,15,1,1.3125,0.75,0.5625,3.0,3.3125,0.1875,0.3125,4.75,5.1875,3.625,3.5625,15.1875,14.1875
2026-03-08,Valencia,Alaves,3,2,H,1,6,0,2,10,2,8,4,9,17,1,1.4,1.0,0.3999999999999999,1.8666666666666667,2.8125,0.0,0.1875,6.466666666666667,4.0,3.533333333333333,3.625,12.533333333333333,15.25
2026-03-09,Espanol,Oviedo,1,1,D,3,2,0,0,8,0,9,3,19,13,1,1.2,1.0625,0.13749999999999996,2.2666666666666666,2.4375,0.13333333333333333,0.3125,5.2,3.0,4.866666666666666,3.375,13.666666666666666,14.125
2026-03-13,Alaves,Villarreal,1,1,D,4,1,0,0,5,2,0,4,19,11,1,1.2666666666666666,1.375,-0.10833333333333339,2.1333333333333333,2.875,0.13333333333333333,0.125,5.866666666666666,2.75,4.2,3.375,15.333333333333334,12.3125
2026-03-14,Girona,Ath Bilbao,3,0,H,0,2,0,0,2,9,6,9,8,16,0,1.1333333333333333,0.8666666666666667,0.2666666666666666,2.0,2.3333333333333335,0.4666666666666667,0.3333333333333333,5.0,5.2,4.066666666666666,4.2,9.733333333333333,13.8
2026-03-14,Ath Madrid,Getafe,1,0,H,3,3,0,1,10,3,5,3,11,11,0,2.1875,0.8125,1.375,2.0625,3.5625,0.0625,0.25,7.875,4.5,6.6875,2.875,10.375,15.1875
2026-03-14,Oviedo,Valencia,1,0,H,3,2,0,0,4,7,6,2,12,11,0,0.4666666666666667,0.8125,-0.3458333333333333,2.2,2.0,0.2,0.125,4.6,4.25,3.2,2.875,11.333333333333334,11.875
2026-03-14,Real Madrid,Elche,4,1,H,1,3,0,0,5,4,6,1,11,21,1,2.3125,0.9333333333333333,1.3791666666666667,2.1875,2.4,0.375,0.13333333333333333,6.75,3.2,7.6875,2.933333333333333,9.8125,12.866666666666667
2026-03-15,Mallorca,Espanol,2,1,H,3,3,0,1,5,6,12,2,11,14,1,1.625,1.1875,0.4375,2.0625,2.4375,0.125,0.125,3.6875,4.1875,4.4375,3.375,12.0,13.9375
2026-03-15,Barcelona,Sevilla,5,2,H,0,1,0,0,3,4,8,4,5,14,1,3.1875,1.2,1.9875,1.125,2.7333333333333334,0.0,0.13333333333333333,7.5,5.2,7.625,3.533333333333333,9.1875,13.933333333333334
2026-03-15,Betis,Celta,1,1,D,2,3,0,0,3,4,6,3,11,16,1,1.7333333333333334,1.4,0.3333333333333335,1.9333333333333333,2.1333333333333333,0.06666666666666667,0.0,4.266666666666667,3.3333333333333335,5.133333333333334,4.066666666666666,11.0,13.333333333333334
2026-03-15,Sociedad,Osasuna,3,1,H,3,0,0,0,3,5,6,5,16,11,1,2.0,0.6875,1.3125,1.875,2.6875,0.1875,0.125,6.25,2.9375,5.0625,2.5625,14.3125,13.0625
2026-03-16,Vallecano,Levante,1,1,D,3,5,1,0,5,6,4,5,10,13,1,1.1333333333333333,1.0666666666666667,0.06666666666666665,1.9333333333333333,2.2666666666666666,0.2,0.06666666666666667,6.933333333333334,2.933333333333333,5.533333333333333,3.4,12.066666666666666,12.4
2026-03-20,Villarreal,Sociedad,3,1,H,0,2,0,0,4,5,10,4,10,11,1,2.2666666666666666,1.1333333333333333,1.1333333333333333,1.4666666666666666,2.2,0.06666666666666667,0.06666666666666667,5.133333333333334,5.533333333333333,5.8,4.466666666666667,12.133333333333333,14.333333333333334
2026-03-21,Elche,Mallorca,2,1,H,2,2,0,0,2,2,4,4,12,11,1,1.5625,0.8666666666666667,0.6958333333333333,1.8125,2.466666666666667,0.0625,0.13333333333333333,4.1875,3.2666666666666666,4.75,3.533333333333333,13.0,11.133333333333333
2026-03-21,Espanol,Getafe,1,2,A,2,7,0,0,12,9,5,5,14,20,1,1.2,0.8125,0.38749999999999996,2.2666666666666666,3.5625,0.13333333333333333,0.25,5.2,4.5,4.866666666666666,2.875,13.666666666666666,15.1875
2026-03-21,Levante,Oviedo,4,2,H,2,3,0,0,3,1,8,2,17,18,1,1.1875,1.0625,0.125,2.1875,2.4375,0.1875,0.3125,4.8125,3.0,3.6875,3.375,12.625,14.125
2026-03-21,Osasuna,Girona,1,0,H,2,1,0,0,6,2,11,0,18,7,0,1.7333333333333334,1.0,0.7333333333333334,2.2,2.1875,0.2,0.0,4.2,3.1875,5.066666666666666,3.6875,14.266666666666667,11.5
2026-03-21,Sevilla,Valencia,0,2,A,2,1,0,0,1,3,2,4,13,6,0,1.3125,0.8125,0.5,3.0,2.0,0.1875,0.125,4.75,4.25,3.625,2.875,15.1875,11.875
2026-03-22,Barcelona,Vallecano,1,0,H,3,4,0,0,6,9,4,4,12,11,0,3.1875,0.75,2.4375,1.125,3.3125,0.0,0.3125,7.5,5.1875,7.625,3.5625,9.1875,14.1875
2026-03-22,Celta,Alaves,3,4,A,2,2,0,0,4,1,5,6,13,16,1,1.4375,1.0,0.4375,1.6875,2.8125,0.0625,0.1875,4.625,4.0,4.375,3.625,10.125,15.25
2026-03-22,Ath Bilbao,Betis,2,1,H,1,1,0,0,6,5,6,3,10,6,1,1.25,1.1875,0.0625,2.1875,2.0625,0.0,0.0,6.0625,4.6875,4.9375,4.4375,13.6875,9.875
2026-03-22,Real Madrid,Ath Madrid,3,2,H,1,4,1,0,4,1,10,7,2,15,1,2.3125,1.0666666666666667,1.2458333333333333,2.1875,2.1333333333333333,0.375,0.13333333333333333,6.75,5.0,7.6875,3.8666666666666667,9.8125,12.333333333333334
2026-04-03,Vallecano,Elche,1,0,H,0,4,0,1,9,4,5,4,17,9,0,1.1333333333333333,0.9333333333333333,0.19999999999999996,1.9333333333333333,2.4,0.2,0.13333333333333333,6.933333333333334,3.2,5.533333333333333,2.933333333333333,12.066666666666666,12.866666666666667
2026-04-04,Sociedad,Levante,2,0,H,2,3,0,0,11,5,5,4,11,15,0,2.0,1.0666666666666667,0.9333333333333333,1.875,2.2666666666666666,0.1875,0.06666666666666667,6.25,2.933333333333333,5.0625,3.4,14.3125,12.4
2026-04-04,Mallorca,Real Madrid,2,1,H,3,2,0,0,6,4,2,6,16,13,1,1.625,1.8666666666666667,-0.2416666666666667,2.0625,1.4,0.125,0.06666666666666667,3.6875,6.133333333333334,4.4375,6.133333333333334,12.0,10.066666666666666
2026-04-04,Betis,Espanol,0,0,D,1,3,0,0,4,3,6,1,12,18,0,1.7333333333333334,1.1875,0.5458333333333334,1.9333333333333333,2.4375,0.06666666666666667,0.125,4.266666666666667,4.1875,5.133333333333334,3.375,11.0,13.9375
2026-04-04,Ath Madrid,Barcelona,1,2,A,6,2,1,0,1,9,2,8,15,11,1,2.1875,2.2,-0.012500000000000178,2.0625,2.0,0.0625,0.13333333333333333,7.875,7.0,6.6875,6.933333333333334,10.375,9.4
2026-04-05,Getafe,Ath Bilbao,2,0,H,3,1,0,0,4,3,6,0,11,11,0,0.9333333333333333,0.8666666666666667,0.06666666666666665,2.4,2.3333333333333335,0.2,0.3333333333333333,4.266666666666667,5.2,3.0,4.2,15.133333333333333,13.8
2026-04-05,Valencia,Celta,2,3,A,1,3,0,0,6,0,4,5,14,21,1,1.4,1.4,0.0,1.8666666666666667,2.1333333333333333,0.0,0.0,6.466666666666667,3.3333333333333335,3.533333333333333,4.066666666666666,12.533333333333333,13.333333333333334
2026-04-05,Oviedo,Sevilla,1,0,H,5,3,0,1,5,9,4,0,11,12,0,0.4666666666666667,1.2,-0.7333333333333333,2.2,2.7333333333333334,0.2,0.13333333333333333,4.6,5.2,3.2,3.533333333333333,11.333333333333334,13.933333333333334
2026-04-05,Alaves,Osasuna,2,2,D,2,5,0,0,7,1,6,5,7,17,1,1.2666666666666666,0.6875,0.5791666666666666,2.1333333333333333,2.6875,0.13333333333333333,0.125,5.866666666666666,2.9375,4.2,2.5625,15.333333333333334,13.0625
2026-04-06,Girona,Villarreal,1,0,H,2,2,0,0,7,4,2,0,8,9,0,1.1333333333333333,1.375,-0.2416666666666667,2.0,2.875,0.4666666666666667,0.125,5.0,2.75,4.066666666666666,3.375,9.733333333333333,12.3125
2026-04-10,Real Madrid,Girona,1,1,D,2,1,0,0,10,1,9,2,9,13,1,2.3125,1.0,1.3125,2.1875,2.1875,0.375,0.0,6.75,3.1875,7.6875,3.6875,9.8125,11.5
2026-04-11,Sociedad,Alaves,3,3,D,2,4,1,0,9,5,4,2,11,18,1,2.0,1.0,1.0,1.875,2.8125,0.1875,0.1875,6.25,4.0,5.0625,3.625,14.3125,15.25
2026-04-11,Elche,Valencia,1,0,H,1,1,0,0,5,9,2,8,15,18,0,1.5625,0.8125,0.75,1.8125,2.0,0.0625,0.125,4.1875,4.25,4.75,2.875,13.0,11.875
2026-04-11,Barcelona,Espanol,4,1,H,3,6,0,0,7,5,10,2,10,18,1,3.1875,1.1875,2.0,1.125,2.4375,0.0,0.125,7.5,4.1875,7.625,3.375,9.1875,13.9375
2026-04-11,Sevilla,Ath Madrid,2,1,H,4,4,0,0,6,6,2,2,7,12,1,1.3125,1.0666666666666667,0.24583333333333335,3.0,2.1333333333333333,0.1875,0.13333333333333333,4.75,5.0,3.625,3.8666666666666667,15.1875,12.333333333333334
2026-04-12,Osasuna,Betis,1,1,D,3,4,0,0,6,3,4,3,14,12,1,1.7333333333333334,1.1875,0.5458333333333334,2.2,2.0625,0.2,0.0,4.2,4.6875,5.066666666666666,4.4375,14.266666666666667,9.875
2026-04-12,Mallorca,Vallecano,3,0,H,1,4,0,0,6,7,4,3,13,11,0,1.625,0.75,0.875,2.0625,3.3125,0.125,0.3125,3.6875,5.1875,4.4375,3.5625,12.0,14.1875
2026-04-12,Celta,Oviedo,0,3,A,1,2,0,0,4,1,6,5,9,13,0,1.4375,1.0625,0.375,1.6875,2.4375,0.0625,0.3125,4.625,3.0,4.375,3.375,10.125,14.125
2026-04-12,Ath Bilbao,Villarreal,1,2,A,2,3,0,0,15,3,6,6,15,8,1,1.25,1.375,-0.125,2.1875,2.875,0.0,0.125,6.0625,2.75,4.9375,3.375,13.6875,12.3125
2026-04-13,Levante,Getafe,1,0,H,2,7,0,1,8,2,4,1,12,24,0,1.1875,0.8125,0.375,2.1875,3.5625,0.1875,0.25,4.8125,4.5,3.6875,2.875,12.625,15.1875
2025-08-15,Burgos,Cultural Leonesa,5,1,H,1,1,0,1,3,3,7,1,13,10,1,1.2777777777777777,1.1666666666666667,0.11111111111111094,2.611111111111111,2.5555555555555554,0.05555555555555555,0.16666666666666666,3.8333333333333335,3.3333333333333335,3.611111111111111,4.277777777777778,13.055555555555555,13.777777777777779
2025-08-15,Valladolid,Ceuta,3,0,H,3,2,0,0,6,4,9,0,18,11,0,1.1111111111111112,0.9444444444444444,0.16666666666666674,2.6666666666666665,2.3333333333333335,0.16666666666666666,0.2222222222222222,6.166666666666667,3.5555555555555554,4.777777777777778,2.7777777777777777,16.055555555555557,12.277777777777779
2025-08-16,Santander,Castellon,3,1,H,3,0,0,1,3,12,5,8,16,14,1,2.388888888888889,1.2777777777777777,1.1111111111111112,2.8333333333333335,2.6666666666666665,0.16666666666666666,0.2777777777777778,6.944444444444445,6.388888888888889,6.611111111111111,4.666666666666667,12.833333333333334,12.777777777777779
2025-08-16,Malaga,Eibar,1,1,D,2,2,0,0,8,4,4,3,10,7,1,2.0555555555555554,0.5294117647058824,1.526143790849673,2.3333333333333335,2.4705882352941178,0.1111111111111111,0.11764705882352941,4.0,3.6470588235294117,6.666666666666667,2.7058823529411766,12.944444444444445,13.529411764705882
2025-08-16,Granada,La Coruna,1,3,A,3,2,1,0,7,1,2,7,9,11,1,1.3888888888888888,1.6666666666666667,-0.2777777777777779,2.3333333333333335,2.6666666666666665,0.2222222222222222,0.0,5.333333333333333,5.055555555555555,4.222222222222222,4.277777777777778,12.38888888888889,10.88888888888889
2025-08-17,Sociedad B,Zaragoza,1,0,H,4,2,0,0,2,9,2,5,24,12,0,1.4705882352941178,0.8888888888888888,0.5816993464052289,3.588235294117647,3.0,0.11764705882352941,0.2222222222222222,3.823529411764706,5.277777777777778,4.235294117647059,3.8333333333333335,16.58823529411765,12.777777777777779
2025-08-17,Cadiz,Mirandes,1,0,H,3,2,0,1,8,0,3,0,14,9,0,0.9444444444444444,1.1764705882352942,-0.23202614379084974,3.111111111111111,3.235294117647059,0.1111111111111111,0.29411764705882354,5.722222222222222,3.235294117647059,3.611111111111111,3.3529411764705883,14.0,15.117647058823529
2025-08-17,Huesca,Leganes,1,1,D,2,2,0,0,5,3,3,3,11,12,1,1.1666666666666667,1.0555555555555556,0.11111111111111116,2.7222222222222223,2.6666666666666665,0.16666666666666666,0.16666666666666666,5.333333333333333,3.611111111111111,3.611111111111111,3.5555555555555554,13.222222222222221,11.277777777777779
2025-08-17,Las Palmas,Andorra,1,1,D,2,3,1,0,1,2,2,2,16,17,1,1.5555555555555556,1.4444444444444444,0.11111111111111116,1.8888888888888888,2.9444444444444446,0.2777777777777778,0.05555555555555555,4.666666666666667,4.388888888888889,4.777777777777778,4.833333333333333,12.944444444444445,13.833333333333334
2025-08-18,Sp Gijon,Cordoba,2,1,H,2,2,0,0,2,4,4,5,13,7,1,1.5555555555555556,1.3888888888888888,0.16666666666666674,2.0,2.8333333333333335,0.16666666666666666,0.05555555555555555,5.444444444444445,5.833333333333333,5.277777777777778,5.0,11.722222222222221,15.944444444444445
2025-08-18,Almeria,Albacete,4,4,D,3,2,0,0,17,5,11,5,9,9,1,2.5294117647058822,1.2777777777777777,1.2516339869281046,2.4705882352941178,2.5555555555555554,0.058823529411764705,0.16666666666666666,6.470588235294118,4.888888888888889,6.882352941176471,4.333333333333333,14.352941176470589,12.61111111111111
2025-08-22,Eibar,Granada,3,0,H,2,4,0,1,6,3,6,0,23,16,0,1.7222222222222223,1.1176470588235294,0.6045751633986929,2.5555555555555554,2.588235294117647,0.05555555555555555,0.17647058823529413,5.333333333333333,3.2941176470588234,5.388888888888889,3.411764705882353,15.38888888888889,13.470588235294118
2025-08-22,Castellon,Valladolid,0,1,A,3,3,0,0,8,9,4,4,14,19,0,2.0588235294117645,1.1176470588235294,0.9411764705882351,3.1176470588235294,3.0,0.35294117647058826,0.17647058823529413,5.705882352941177,4.882352941176471,5.176470588235294,3.7058823529411766,15.176470588235293,15.764705882352942
2025-08-22,Leganes,Cadiz,1,1,D,2,1,0,0,7,5,4,3,13,17,1,1.2352941176470589,0.9411764705882353,0.2941176470588236,2.8823529411764706,2.2941176470588234,0.058823529411764705,0.058823529411764705,5.705882352941177,3.3529411764705883,4.470588235294118,2.588235294117647,14.058823529411764,14.588235294117647
2025-08-23,Mirandes,Huesca,0,1,A,5,2,0,0,1,4,2,2,16,13,0,0.9444444444444444,0.8235294117647058,0.12091503267973858,2.7222222222222223,2.0,0.05555555555555555,0.058823529411764705,5.222222222222222,3.764705882352941,4.722222222222222,2.588235294117647,15.277777777777779,12.117647058823529
2025-08-23,Ceuta,Sp Gijon,0,1,A,1,2,0,0,3,3,7,4,11,15,0,1.4705882352941178,1.0,0.47058823529411775,2.7058823529411766,2.6470588235294117,0.0,0.17647058823529413,4.9411764705882355,4.176470588235294,4.647058823529412,3.588235294117647,15.352941176470589,11.352941176470589
2025-08-23,Zaragoza,Andorra,1,3,A,1,2,1,0,6,5,6,10,14,17,1,0.8823529411764706,1.4444444444444444,-0.5620915032679739,3.176470588235294,2.9444444444444446,0.4117647058823529,0.05555555555555555,4.352941176470588,4.388888888888889,3.5294117647058822,4.833333333333333,12.647058823529411,13.833333333333334
2025-08-24,La Coruna,Burgos,0,0,D,2,1,0,0,2,6,2,1,13,14,0,1.3529411764705883,1.1176470588235294,0.23529411764705888,2.4705882352941178,2.588235294117647,0.11764705882352941,0.0,5.352941176470588,3.5294117647058822,4.294117647058823,2.588235294117647,12.117647058823529,13.176470588235293
2025-08-24,Cultural Leonesa,Almeria,0,1,A,1,2,0,0,3,5,6,3,10,15,0,0.5882352941176471,1.3333333333333333,-0.7450980392156862,2.1176470588235294,2.9444444444444446,0.058823529411764705,0.16666666666666666,4.235294117647059,3.5,3.764705882352941,4.444444444444445,11.941176470588236,13.277777777777779
2025-08-24,Malaga,Sociedad B,1,0,H,2,2,0,0,6,2,5,4,12,15,0,2.0555555555555554,1.1111111111111112,0.9444444444444442,2.3333333333333335,3.1666666666666665,0.1111111111111111,0.1111111111111111,4.0,3.611111111111111,6.666666666666667,4.611111111111111,12.944444444444445,17.055555555555557
2025-08-25,Albacete,Santander,2,3,A,1,3,0,0,2,10,2,6,13,7,1,1.2352941176470589,1.7058823529411764,-0.47058823529411753,1.9411764705882353,2.9411764705882355,0.058823529411764705,0.23529411764705882,5.352941176470588,4.176470588235294,4.0588235294117645,4.0588235294117645,10.058823529411764,12.823529411764707
2025-08-25,Cordoba,Las Palmas,1,3,A,4,1,0,0,3,2,5,5,20,16,1,1.2941176470588236,1.0,0.2941176470588236,2.411764705882353,2.0588235294117645,0.11764705882352941,0.0,6.235294117647059,4.0588235294117645,5.588235294117647,3.588235294117647,15.647058823529411,11.529411764705882
2025-08-29,Sociedad B,Almeria,2,2,D,3,4,0,0,2,8,3,5,19,14,1,1.4705882352941178,1.3333333333333333,0.1372549019607845,3.588235294117647,2.9444444444444446,0.11764705882352941,0.16666666666666666,3.823529411764706,3.5,4.235294117647059,4.444444444444445,16.58823529411765,13.277777777777779
2025-08-29,Sp Gijon,Cultural Leonesa,1,0,H,4,1,0,0,10,3,6,2,12,12,0,1.5555555555555556,1.1666666666666667,0.38888888888888884,2.0,2.5555555555555554,0.16666666666666666,0.16666666666666666,5.444444444444445,3.3333333333333335,5.277777777777778,4.277777777777778,11.722222222222221,13.777777777777779
2025-08-30,Santander,Ceuta,4,1,H,0,1,0,1,5,1,9,1,19,7,1,2.388888888888889,0.9444444444444444,1.4444444444444444,2.8333333333333335,2.3333333333333335,0.16666666666666666,0.2222222222222222,6.944444444444445,3.5555555555555554,6.611111111111111,2.7777777777777777,12.833333333333334,12.277777777777779
2025-08-30,Valladolid,Cordoba,0,0,D,2,2,0,0,7,0,6,1,17,16,0,1.1111111111111112,1.3888888888888888,-0.2777777777777777,2.6666666666666665,2.8333333333333335,0.16666666666666666,0.05555555555555555,6.166666666666667,5.833333333333333,4.777777777777778,5.0,16.055555555555557,15.944444444444445
2025-08-30,Castellon,Zaragoza,1,1,D,2,3,0,0,7,3,5,2,14,16,1,2.0588235294117645,0.8888888888888888,1.1699346405228757,3.1176470588235294,3.0,0.35294117647058826,0.2222222222222222,5.705882352941177,5.277777777777778,5.176470588235294,3.8333333333333335,15.176470588235293,12.777777777777779
2025-08-31,Andorra,Burgos,2,1,H,1,2,0,0,5,4,5,4,11,11,1,1.4705882352941178,1.1176470588235294,0.3529411764705883,2.5294117647058822,2.588235294117647,0.058823529411764705,0.0,5.823529411764706,3.5294117647058822,5.0588235294117645,2.588235294117647,13.352941176470589,13.176470588235293
2025-08-31,Cadiz,Albacete,2,1,H,4,3,0,1,7,4,2,4,15,13,1,0.9444444444444444,1.2777777777777777,-0.33333333333333326,3.111111111111111,2.5555555555555554,0.1111111111111111,0.16666666666666666,5.722222222222222,4.888888888888889,3.611111111111111,4.333333333333333,14.0,12.61111111111111
2025-08-31,Las Palmas,Malaga,0,1,A,2,4,0,0,7,3,6,1,8,17,0,1.5555555555555556,1.2352941176470589,0.3202614379084967,1.8888888888888888,2.2941176470588234,0.2777777777777778,0.17647058823529413,4.666666666666667,4.294117647058823,4.777777777777778,3.823529411764706,12.944444444444445,11.882352941176471
2025-08-31,Granada,Mirandes,1,2,A,2,2,1,0,6,1,4,4,15,20,1,1.3888888888888888,1.1764705882352942,0.21241830065359468,2.3333333333333335,3.235294117647059,0.2222222222222222,0.29411764705882354,5.333333333333333,3.235294117647059,4.222222222222222,3.3529411764705883,12.38888888888889,15.117647058823529
2025-09-01,Huesca,Eibar,2,1,H,2,1,0,1,5,6,4,3,14,15,1,1.1666666666666667,0.5294117647058824,0.6372549019607844,2.7222222222222223,2.4705882352941178,0.16666666666666666,0.11764705882352941,5.333333333333333,3.6470588235294117,3.611111111111111,2.7058823529411766,13.222222222222221,13.529411764705882
2025-09-01,Leganes,La Coruna,2,2,D,4,3,0,0,4,3,7,6,8,21,1,1.2352941176470589,1.6666666666666667,-0.43137254901960786,2.8823529411764706,2.6666666666666665,0.058823529411764705,0.0,5.705882352941177,5.055555555555555,4.470588235294118,4.277777777777778,14.058823529411764,10.88888888888889
2025-09-05,Albacete,Mirandes,1,4,A,2,1,1,0,5,2,5,6,10,7,1,1.2352941176470589,1.1764705882352942,0.05882352941176472,1.9411764705882353,3.235294117647059,0.058823529411764705,0.29411764705882354,5.352941176470588,3.235294117647059,4.0588235294117645,3.3529411764705883,10.058823529411764,15.117647058823529
2025-09-05,Cordoba,Castellon,2,1,H,2,0,0,0,4,4,5,2,15,17,1,1.2941176470588236,1.2777777777777777,0.016339869281045916,2.411764705882353,2.6666666666666665,0.11764705882352941,0.2777777777777778,6.235294117647059,6.388888888888889,5.588235294117647,4.666666666666667,15.647058823529411,12.777777777777779
2025-09-06,La Coruna,Sp Gijon,1,0,H,3,1,0,0,6,3,6,3,9,14,0,1.3529411764705883,1.0,0.3529411764705883,2.4705882352941178,2.6470588235294117,0.11764705882352941,0.17647058823529413,5.352941176470588,4.176470588235294,4.294117647058823,3.588235294117647,12.117647058823529,11.352941176470589
2025-09-06,Zaragoza,Valladolid,1,1,D,5,4,0,0,1,7,2,4,16,21,1,0.8823529411764706,1.1176470588235294,-0.23529411764705888,3.176470588235294,3.0,0.4117647058823529,0.17647058823529413,4.352941176470588,4.882352941176471,3.5294117647058822,3.7058823529411766,12.647058823529411,15.764705882352942
2025-09-06,Malaga,Granada,2,2,D,2,1,0,0,2,1,3,7,16,13,1,2.0555555555555554,1.1176470588235294,0.9379084967320259,2.3333333333333335,2.588235294117647,0.1111111111111111,0.17647058823529413,4.0,3.2941176470588234,6.666666666666667,3.411764705882353,12.944444444444445,13.470588235294118
2025-09-07,Ceuta,Huesca,2,1,H,1,2,0,1,8,0,4,1,13,11,1,1.4705882352941178,0.8235294117647058,0.6470588235294119,2.7058823529411766,2.0,0.0,0.058823529411764705,4.9411764705882355,3.764705882352941,4.647058823529412,2.588235294117647,15.352941176470589,12.117647058823529
2025-09-07,Burgos,Las Palmas,0,0,D,2,2,0,0,2,6,2,7,16,13,0,1.2777777777777777,1.0,0.2777777777777777,2.611111111111111,2.0588235294117645,0.05555555555555555,0.0,3.8333333333333335,4.0588235294117645,3.611111111111111,3.588235294117647,13.055555555555555,11.529411764705882
2025-09-07,Sociedad B,Cadiz,3,3,D,4,3,0,0,1,5,5,2,20,13,1,1.4705882352941178,0.9411764705882353,0.5294117647058825,3.588235294117647,2.2941176470588234,0.11764705882352941,0.058823529411764705,3.823529411764706,3.3529411764705883,4.235294117647059,2.588235294117647,16.58823529411765,14.588235294117647
2025-09-07,Almeria,Santander,2,3,A,3,3,1,0,5,3,5,7,15,18,1,2.5294117647058822,1.7058823529411764,0.8235294117647058,2.4705882352941178,2.9411764705882355,0.058823529411764705,0.23529411764705882,6.470588235294118,4.176470588235294,6.882352941176471,4.0588235294117645,14.352941176470589,12.823529411764707
2025-09-07,Cultural Leonesa,Leganes,0,0,D,0,2,0,0,9,3,1,5,17,9,0,0.5882352941176471,1.0555555555555556,-0.4673202614379085,2.1176470588235294,2.6666666666666665,0.058823529411764705,0.16666666666666666,4.235294117647059,3.611111111111111,3.764705882352941,3.5555555555555554,11.941176470588236,11.277777777777779
2025-09-08,Eibar,Andorra,2,0,H,3,4,0,0,10,5,6,5,20,11,0,1.7222222222222223,1.4444444444444444,0.2777777777777779,2.5555555555555554,2.9444444444444446,0.05555555555555555,0.05555555555555555,5.333333333333333,4.388888888888889,5.388888888888889,4.833333333333333,15.38888888888889,13.833333333333334
2025-09-12,Las Palmas,Sociedad B,2,1,H,1,6,0,0,4,2,5,1,14,20,1,1.5555555555555556,1.1111111111111112,0.4444444444444444,1.8888888888888888,3.1666666666666665,0.2777777777777778,0.1111111111111111,4.666666666666667,3.611111111111111,4.777777777777778,4.611111111111111,12.944444444444445,17.055555555555557
2025-09-13,Cadiz,Eibar,1,0,H,2,2,0,0,5,4,4,4,15,12,0,0.9444444444444444,0.5294117647058824,0.41503267973856206,3.111111111111111,2.4705882352941178,0.1111111111111111,0.11764705882352941,5.722222222222222,3.6470588235294117,3.611111111111111,2.7058823529411766,14.0,13.529411764705882
2025-09-13,Mirandes,La Coruna,1,5,A,2,3,0,0,1,6,6,9,13,10,1,0.9444444444444444,1.6666666666666667,-0.7222222222222223,2.7222222222222223,2.6666666666666665,0.05555555555555555,0.0,5.222222222222222,5.055555555555555,4.722222222222222,4.277777777777778,15.277777777777779,10.88888888888889
2025-09-13,Huesca,Malaga,1,0,H,4,2,0,0,4,3,3,3,17,11,0,1.1666666666666667,1.2352941176470589,-0.06862745098039214,2.7222222222222223,2.2941176470588234,0.16666666666666666,0.17647058823529413,5.333333333333333,4.294117647058823,3.611111111111111,3.823529411764706,13.222222222222221,11.882352941176471
2025-09-13,Valladolid,Almeria,3,1,H,5,5,0,0,8,3,8,3,28,13,1,1.1111111111111112,1.3333333333333333,-0.2222222222222221,2.6666666666666665,2.9444444444444446,0.16666666666666666,0.16666666666666666,6.166666666666667,3.5,4.777777777777778,4.444444444444445,16.055555555555557,13.277777777777779
2025-09-14,Andorra,Cordoba,3,1,H,2,4,0,0,3,7,8,5,16,23,1,1.4705882352941178,1.3888888888888888,0.08169934640522891,2.5294117647058822,2.8333333333333335,0.058823529411764705,0.05555555555555555,5.823529411764706,5.833333333333333,5.0588235294117645,5.0,13.352941176470589,15.944444444444445
2025-09-14,Santander,Cultural Leonesa,2,4,A,0,2,0,0,11,1,8,5,8,15,1,2.388888888888889,1.1666666666666667,1.222222222222222,2.8333333333333335,2.5555555555555554,0.16666666666666666,0.16666666666666666,6.944444444444445,3.3333333333333335,6.611111111111111,4.277777777777778,12.833333333333334,13.777777777777779
2025-09-14,Castellon,Ceuta,3,3,D,3,5,0,1,10,6,7,5,11,12,1,2.0588235294117645,0.9444444444444444,1.11437908496732,3.1176470588235294,2.3333333333333335,0.35294117647058826,0.2222222222222222,5.705882352941177,3.5555555555555554,5.176470588235294,2.7777777777777777,15.176470588235293,12.277777777777779
2025-09-14,Sp Gijon,Burgos,2,3,A,1,2,0,0,8,4,9,5,8,10,1,1.5555555555555556,1.1176470588235294,0.43790849673202614,2.0,2.588235294117647,0.16666666666666666,0.0,5.444444444444445,3.5294117647058822,5.277777777777778,2.588235294117647,11.722222222222221,13.176470588235293
2025-09-14,Granada,Leganes,0,2,A,2,3,0,0,5,1,4,3,12,18,0,1.3888888888888888,1.0555555555555556,0.33333333333333326,2.3333333333333335,2.6666666666666665,0.2222222222222222,0.16666666666666666,5.333333333333333,3.611111111111111,4.222222222222222,3.5555555555555554,12.38888888888889,11.277777777777779
2025-09-15,Zaragoza,Albacete,0,0,D,1,3,0,0,3,6,1,1,8,16,0,0.8823529411764706,1.2777777777777777,-0.3954248366013071,3.176470588235294,2.5555555555555554,0.4117647058823529,0.16666666666666666,4.352941176470588,4.888888888888889,3.5294117647058822,4.333333333333333,12.647058823529411,12.61111111111111
2025-09-19,La Coruna,Huesca,4,0,H,1,2,0,0,6,3,6,0,14,9,0,1.3529411764705883,0.8235294117647058,0.5294117647058825,2.4705882352941178,2.0,0.11764705882352941,0.058823529411764705,5.352941176470588,3.764705882352941,4.294117647058823,2.588235294117647,12.117647058823529,12.117647058823529
2025-09-20,Cultural Leonesa,Castellon,1,3,A,2,6,1,0,1,4,2,8,15,11,1,0.5882352941176471,1.2777777777777777,-0.6895424836601306,2.1176470588235294,2.6666666666666665,0.058823529411764705,0.2777777777777778,4.235294117647059,6.388888888888889,3.764705882352941,4.666666666666667,11.941176470588236,12.777777777777779
2025-09-20,Andorra,Mirandes,1,1,D,2,5,0,0,8,4,6,2,15,22,1,1.4705882352941178,1.1764705882352942,0.2941176470588236,2.5294117647058822,3.235294117647059,0.058823529411764705,0.29411764705882354,5.823529411764706,3.235294117647059,5.0588235294117645,3.3529411764705883,13.352941176470589,15.117647058823529
2025-09-20,Leganes,Las Palmas,0,1,A,7,5,1,0,2,4,3,1,23,16,0,1.2352941176470589,1.0,0.23529411764705888,2.8823529411764706,2.0588235294117645,0.058823529411764705,0.0,5.705882352941177,4.0588235294117645,4.470588235294118,3.588235294117647,14.058823529411764,11.529411764705882
2025-09-20,Almeria,Sp Gijon,2,1,H,4,8,0,2,6,1,9,5,15,7,1,2.5294117647058822,1.0,1.5294117647058822,2.4705882352941178,2.6470588235294117,0.058823529411764705,0.17647058823529413,6.470588235294118,4.176470588235294,6.882352941176471,3.588235294117647,14.352941176470589,11.352941176470589
2025-09-21,Ceuta,Zaragoza,1,0,H,5,2,0,0,6,5,3,3,18,10,0,1.4705882352941178,0.8888888888888888,0.5816993464052289,2.7058823529411766,3.0,0.0,0.2222222222222222,4.9411764705882355,5.277777777777778,4.647058823529412,3.8333333333333335,15.352941176470589,12.777777777777779
2025-09-21,Albacete,Valladolid,2,0,H,3,3,0,0,2,6,8,5,8,12,0,1.2352941176470589,1.1176470588235294,0.11764705882352944,1.9411764705882353,3.0,0.058823529411764705,0.17647058823529413,5.352941176470588,4.882352941176471,4.0588235294117645,3.7058823529411766,10.058823529411764,15.764705882352942
2025-09-21,Eibar,Sociedad B,2,1,H,2,2,0,0,2,3,5,4,14,18,1,1.7222222222222223,1.1111111111111112,0.6111111111111112,2.5555555555555554,3.1666666666666665,0.05555555555555555,0.1111111111111111,5.333333333333333,3.611111111111111,5.388888888888889,4.611111111111111,15.38888888888889,17.055555555555557
2025-09-21,Malaga,Cadiz,0,1,A,1,2,0,0,5,2,5,3,10,11,0,2.0555555555555554,0.9411764705882353,1.11437908496732,2.3333333333333335,2.2941176470588234,0.1111111111111111,0.058823529411764705,4.0,3.3529411764705883,6.666666666666667,2.588235294117647,12.944444444444445,14.588235294117647
2025-09-21,Cordoba,Santander,2,2,D,2,3,1,0,12,1,5,6,8,15,1,1.2941176470588236,1.7058823529411764,-0.4117647058823528,2.411764705882353,2.9411764705882355,0.11764705882352941,0.23529411764705882,6.235294117647059,4.176470588235294,5.588235294117647,4.0588235294117645,15.647058823529411,12.823529411764707
2025-09-22,Burgos,Granada,1,1,D,1,3,0,0,6,1,3,2,9,13,1,1.2777777777777777,1.1176470588235294,0.16013071895424824,2.611111111111111,2.588235294117647,0.05555555555555555,0.17647058823529413,3.8333333333333335,3.2941176470588234,3.611111111111111,3.411764705882353,13.055555555555555,13.470588235294118
2025-09-26,Mirandes,Zaragoza,0,1,A,3,4,0,0,4,2,2,2,19,18,0,0.9444444444444444,0.8888888888888888,0.05555555555555558,2.7222222222222223,3.0,0.05555555555555555,0.2222222222222222,5.222222222222222,5.277777777777778,4.722222222222222,3.8333333333333335,15.277777777777779,12.777777777777779
2025-09-27,Eibar,La Coruna,1,1,D,4,5,0,0,6,2,10,3,13,13,1,1.7222222222222223,1.6666666666666667,0.05555555555555558,2.5555555555555554,2.6666666666666665,0.05555555555555555,0.0,5.333333333333333,5.055555555555555,5.388888888888889,4.277777777777778,15.38888888888889,10.88888888888889
2025-09-27,Santander,Andorra,1,2,A,3,3,0,0,15,3,6,4,11,17,1,2.388888888888889,1.4444444444444444,0.9444444444444444,2.8333333333333335,2.9444444444444446,0.16666666666666666,0.05555555555555555,6.944444444444445,4.388888888888889,6.611111111111111,4.833333333333333,12.833333333333334,13.833333333333334
2025-09-27,Las Palmas,Almeria,0,1,A,2,4,1,1,5,1,3,2,12,17,0,1.5555555555555556,1.3333333333333333,0.22222222222222232,1.8888888888888888,2.9444444444444446,0.2777777777777778,0.16666666666666666,4.666666666666667,3.5,4.777777777777778,4.444444444444445,12.944444444444445,13.277777777777779
2025-09-28,Sociedad B,Cordoba,1,1,D,4,5,0,0,8,5,5,3,23,19,1,1.4705882352941178,1.3888888888888888,0.08169934640522891,3.588235294117647,2.8333333333333335,0.11764705882352941,0.05555555555555555,3.823529411764706,5.833333333333333,4.235294117647059,5.0,16.58823529411765,15.944444444444445
2025-09-28,Burgos,Malaga,2,1,H,5,4,0,1,0,3,3,2,13,17,1,1.2777777777777777,1.2352941176470589,0.0424836601307188,2.611111111111111,2.2941176470588234,0.05555555555555555,0.17647058823529413,3.8333333333333335,4.294117647058823,3.611111111111111,3.823529411764706,13.055555555555555,11.882352941176471
2025-09-28,Cadiz,Ceuta,0,0,D,2,2,0,0,1,1,3,3,10,16,0,0.9444444444444444,0.9444444444444444,0.0,3.111111111111111,2.3333333333333335,0.1111111111111111,0.2222222222222222,5.722222222222222,3.5555555555555554,3.611111111111111,2.7777777777777777,14.0,12.277777777777779
2025-09-28,Sp Gijon,Albacete,3,4,A,1,2,0,0,2,8,6,7,12,9,1,1.5555555555555556,1.2777777777777777,0.2777777777777779,2.0,2.5555555555555554,0.16666666666666666,0.16666666666666666,5.444444444444445,4.888888888888889,5.277777777777778,4.333333333333333,11.722222222222221,12.61111111111111
2025-09-28,Valladolid,Cultural Leonesa,0,1,A,3,3,0,0,2,2,1,4,14,21,0,1.1111111111111112,1.1666666666666667,-0.05555555555555558,2.6666666666666665,2.5555555555555554,0.16666666666666666,0.16666666666666666,6.166666666666667,3.3333333333333335,4.777777777777778,4.277777777777778,16.055555555555557,13.777777777777779
2025-09-28,Huesca,Granada,0,1,A,1,1,0,0,13,2,2,3,12,12,0,1.1666666666666667,1.1176470588235294,0.0490196078431373,2.7222222222222223,2.588235294117647,0.16666666666666666,0.17647058823529413,5.333333333333333,3.2941176470588234,3.611111111111111,3.411764705882353,13.222222222222221,13.470588235294118
2025-09-29,Leganes,Castellon,0,1,A,4,2,0,0,6,2,0,1,18,20,0,1.2352941176470589,1.2777777777777777,-0.0424836601307188,2.8823529411764706,2.6666666666666665,0.058823529411764705,0.2777777777777778,5.705882352941177,6.388888888888889,4.470588235294118,4.666666666666667,14.058823529411764,12.777777777777779
2025-10-03,Ceuta,Eibar,1,0,H,4,1,0,1,7,3,3,1,13,10,0,1.4705882352941178,0.5294117647058824,0.9411764705882354,2.7058823529411766,2.4705882352941178,0.0,0.11764705882352941,4.9411764705882355,3.6470588235294117,4.647058823529412,2.7058823529411766,15.352941176470589,13.529411764705882
2025-10-04,La Coruna,Almeria,1,1,D,4,3,0,0,4,2,4,3,11,13,1,1.3529411764705883,1.3333333333333333,0.019607843137255054,2.4705882352941178,2.9444444444444446,0.11764705882352941,0.16666666666666666,5.352941176470588,3.5,4.294117647058823,4.444444444444445,12.117647058823529,13.277777777777779
2025-10-04,Andorra,Leganes,1,2,A,2,3,1,0,7,1,4,5,9,9,1,1.4705882352941178,1.0555555555555556,0.41503267973856217,2.5294117647058822,2.6666666666666665,0.058823529411764705,0.16666666666666666,5.823529411764706,3.611111111111111,5.0588235294117645,3.5555555555555554,13.352941176470589,11.277777777777779
2025-10-04,Huesca,Burgos,2,1,H,2,3,0,0,1,1,4,2,14,13,1,1.1666666666666667,1.1176470588235294,0.0490196078431373,2.7222222222222223,2.588235294117647,0.16666666666666666,0.0,5.333333333333333,3.5294117647058822,3.611111111111111,2.588235294117647,13.222222222222221,13.176470588235293
2025-10-04,Granada,Sociedad B,5,2,H,2,4,0,0,2,5,5,8,18,18,1,1.3888888888888888,1.1111111111111112,0.2777777777777777,2.3333333333333335,3.1666666666666665,0.2222222222222222,0.1111111111111111,5.333333333333333,3.611111111111111,4.222222222222222,4.611111111111111,12.38888888888889,17.055555555555557
2025-10-05,Zaragoza,Cordoba,0,1,A,6,5,1,0,7,4,4,2,12,18,0,0.8823529411764706,1.3888888888888888,-0.5065359477124183,3.176470588235294,2.8333333333333335,0.4117647058823529,0.05555555555555555,4.352941176470588,5.833333333333333,3.5294117647058822,5.0,12.647058823529411,15.944444444444445
2025-10-05,Castellon,Sp Gijon,3,1,H,3,6,0,0,3,1,5,4,13,18,1,2.0588235294117645,1.0,1.0588235294117645,3.1176470588235294,2.6470588235294117,0.35294117647058826,0.17647058823529413,5.705882352941177,4.176470588235294,5.176470588235294,3.588235294117647,15.176470588235293,11.352941176470589
2025-10-05,Santander,Malaga,3,0,H,2,0,0,1,11,3,8,5,16,15,0,2.388888888888889,1.2352941176470589,1.15359477124183,2.8333333333333335,2.2941176470588234,0.16666666666666666,0.17647058823529413,6.944444444444445,4.294117647058823,6.611111111111111,3.823529411764706,12.833333333333334,11.882352941176471
2025-10-05,Valladolid,Mirandes,1,1,D,0,1,0,0,14,2,5,2,9,11,1,1.1111111111111112,1.1764705882352942,-0.065359477124183,2.6666666666666665,3.235294117647059,0.16666666666666666,0.29411764705882354,6.166666666666667,3.235294117647059,4.777777777777778,3.3529411764705883,16.055555555555557,15.117647058823529
2025-10-05,Las Palmas,Cadiz,1,0,H,1,4,0,0,6,5,1,3,11,18,0,1.5555555555555556,0.9411764705882353,0.6143790849673203,1.8888888888888888,2.2941176470588234,0.2777777777777778,0.058823529411764705,4.666666666666667,3.3529411764705883,4.777777777777778,2.588235294117647,12.944444444444445,14.588235294117647
2025-10-06,Cultural Leonesa,Albacete,0,0,D,1,1,0,1,6,1,1,3,19,11,0,0.5882352941176471,1.2777777777777777,-0.6895424836601306,2.1176470588235294,2.5555555555555554,0.058823529411764705,0.16666666666666666,4.235294117647059,4.888888888888889,3.764705882352941,4.333333333333333,11.941176470588236,12.61111111111111
2025-10-10,Granada,Las Palmas,0,0,D,1,1,0,0,7,7,1,1,18,10,0,1.3888888888888888,1.0,0.38888888888888884,2.3333333333333335,2.0588235294117645,0.2222222222222222,0.0,5.333333333333333,4.0588235294117645,4.222222222222222,3.588235294117647,12.38888888888889,11.529411764705882
2025-10-11,Mirandes,Leganes,0,0,D,6,1,0,0,3,10,4,7,16,7,0,0.9444444444444444,1.0555555555555556,-0.11111111111111116,2.7222222222222223,2.6666666666666665,0.05555555555555555,0.16666666666666666,5.222222222222222,3.611111111111111,4.722222222222222,3.5555555555555554,15.277777777777779,11.277777777777779
2025-10-11,Almeria,Zaragoza,4,2,H,2,2,0,0,7,5,14,5,18,12,1,2.5294117647058822,0.8888888888888888,1.6405228758169934,2.4705882352941178,3.0,0.058823529411764705,0.2222222222222222,6.470588235294118,5.277777777777778,6.882352941176471,3.8333333333333335,14.352941176470589,12.777777777777779
2025-10-11,Sociedad B,Andorra,3,0,H,4,2,0,1,2,4,5,3,18,13,0,1.4705882352941178,1.4444444444444444,0.026143790849673332,3.588235294117647,2.9444444444444446,0.11764705882352941,0.05555555555555555,3.823529411764706,4.388888888888889,4.235294117647059,4.833333333333333,16.58823529411765,13.833333333333334
2025-10-12,Albacete,Ceuta,0,0,D,1,3,0,0,6,3,4,1,8,17,0,1.2352941176470589,0.9444444444444444,0.29084967320261446,1.9411764705882353,2.3333333333333335,0.058823529411764705,0.2222222222222222,5.352941176470588,3.5555555555555554,4.0588235294117645,2.7777777777777777,10.058823529411764,12.277777777777779
2025-10-12,Eibar,Castellon,0,0,D,1,4,0,0,1,7,0,5,13,6,0,1.7222222222222223,1.2777777777777777,0.44444444444444464,2.5555555555555554,2.6666666666666665,0.05555555555555555,0.2777777777777778,5.333333333333333,6.388888888888889,5.388888888888889,4.666666666666667,15.38888888888889,12.777777777777779
2025-10-12,Sp Gijon,Santander,2,1,H,1,5,1,1,4,6,4,3,16,13,1,1.5555555555555556,1.7058823529411764,-0.15032679738562083,2.0,2.9411764705882355,0.16666666666666666,0.23529411764705882,5.444444444444445,4.176470588235294,5.277777777777778,4.0588235294117645,11.722222222222221,12.823529411764707
2025-10-12,Burgos,Valladolid,0,1,A,6,7,0,0,2,2,1,3,16,28,0,1.2777777777777777,1.1176470588235294,0.16013071895424824,2.611111111111111,3.0,0.05555555555555555,0.17647058823529413,3.8333333333333335,4.882352941176471,3.611111111111111,3.7058823529411766,13.055555555555555,15.764705882352942
2025-10-12,Cadiz,Huesca,1,0,H,2,3,0,0,13,2,2,1,12,12,0,0.9444444444444444,0.8235294117647058,0.12091503267973858,3.111111111111111,2.0,0.1111111111111111,0.058823529411764705,5.722222222222222,3.764705882352941,3.611111111111111,2.588235294117647,14.0,12.117647058823529
2025-10-12,Malaga,La Coruna,3,0,H,1,3,0,0,1,9,6,5,15,11,0,2.0555555555555554,1.6666666666666667,0.3888888888888886,2.3333333333333335,2.6666666666666665,0.1111111111111111,0.0,4.0,5.055555555555555,6.666666666666667,4.277777777777778,12.944444444444445,10.88888888888889
2025-10-13,Cordoba,Cultural Leonesa,1,0,H,4,2,0,0,4,6,5,5,19,13,0,1.2941176470588236,1.1666666666666667,0.12745098039215685,2.411764705882353,2.5555555555555554,0.11764705882352941,0.16666666666666666,6.235294117647059,3.3333333333333335,5.588235294117647,4.277777777777778,15.647058823529411,13.777777777777779
2025-10-17,Andorra,Granada,0,0,D,4,2,0,0,5,3,3,4,16,15,0,1.4705882352941178,1.1176470588235294,0.3529411764705883,2.5294117647058822,2.588235294117647,0.058823529411764705,0.17647058823529413,5.823529411764706,3.2941176470588234,5.0588235294117645,3.411764705882353,13.352941176470589,13.470588235294118
2025-10-18,Ceuta,Mirandes,2,0,H,2,1,0,0,5,5,5,1,15,17,0,1.4705882352941178,1.1764705882352942,0.2941176470588236,2.7058823529411766,3.235294117647059,0.0,0.29411764705882354,4.9411764705882355,3.235294117647059,4.647058823529412,3.3529411764705883,15.352941176470589,15.117647058823529
2025-10-18,Zaragoza,Cultural Leonesa,0,5,A,5,2,2,0,3,5,2,13,10,10,0,0.8823529411764706,1.1666666666666667,-0.2843137254901962,3.176470588235294,2.5555555555555554,0.4117647058823529,0.16666666666666666,4.352941176470588,3.3333333333333335,3.5294117647058822,4.277777777777778,12.647058823529411,13.777777777777779
2025-10-19,Leganes,Malaga,2,0,H,1,0,0,0,7,5,8,5,9,7,0,1.2352941176470589,1.2352941176470589,0.0,2.8823529411764706,2.2941176470588234,0.058823529411764705,0.17647058823529413,5.705882352941177,4.294117647058823,4.470588235294118,3.823529411764706,14.058823529411764,11.882352941176471
2025-10-19,Castellon,Albacete,0,1,A,5,3,2,1,9,3,5,8,14,18,0,2.0588235294117645,1.2777777777777777,0.7810457516339868,3.1176470588235294,2.5555555555555554,0.35294117647058826,0.16666666666666666,5.705882352941177,4.888888888888889,5.176470588235294,4.333333333333333,15.176470588235293,12.61111111111111
2025-10-19,Valladolid,Sp Gijon,2,3,A,0,3,0,0,5,1,5,5,12,9,1,1.1111111111111112,1.0,0.11111111111111116,2.6666666666666665,2.6470588235294117,0.16666666666666666,0.17647058823529413,6.166666666666667,4.176470588235294,4.777777777777778,3.588235294117647,16.055555555555557,11.352941176470589
2025-10-19,Cordoba,Almeria,1,1,D,2,2,0,0,3,2,5,4,17,11,1,1.2941176470588236,1.3333333333333333,-0.039215686274509665,2.411764705882353,2.9444444444444446,0.11764705882352941,0.16666666666666666,6.235294117647059,3.5,5.588235294117647,4.444444444444445,15.647058823529411,13.277777777777779
2025-10-19,Santander,La Coruna,2,1,H,3,1,0,0,6,6,6,5,9,11,1,2.388888888888889,1.6666666666666667,0.7222222222222221,2.8333333333333335,2.6666666666666665,0.16666666666666666,0.0,6.944444444444445,5.055555555555555,6.611111111111111,4.277777777777778,12.833333333333334,10.88888888888889
2025-10-19,Las Palmas,Eibar,3,1,H,2,1,0,0,1,5,9,2,16,17,1,1.5555555555555556,0.5294117647058824,1.026143790849673,1.8888888888888888,2.4705882352941178,0.2777777777777778,0.11764705882352941,4.666666666666667,3.6470588235294117,4.777777777777778,2.7058823529411766,12.944444444444445,13.529411764705882
2025-10-20,Cadiz,Burgos,1,3,A,3,4,0,0,1,4,3,4,14,19,1,0.9444444444444444,1.1176470588235294,-0.17320261437908502,3.111111111111111,2.588235294117647,0.1111111111111111,0.0,5.722222222222222,3.5294117647058822,3.611111111111111,2.588235294117647,14.0,13.176470588235293
2025-10-24,Huesca,Las Palmas,1,1,D,3,1,0,0,5,4,3,1,19,7,1,1.1666666666666667,1.0,0.16666666666666674,2.7222222222222223,2.0588235294117645,0.16666666666666666,0.0,5.333333333333333,4.0588235294117645,3.611111111111111,3.588235294117647,13.222222222222221,11.529411764705882
2025-10-25,Cultural Leonesa,Ceuta,0,1,A,3,1,0,0,8,2,2,1,15,11,0,0.5882352941176471,0.9444444444444444,-0.35620915032679734,2.1176470588235294,2.3333333333333335,0.058823529411764705,0.2222222222222222,4.235294117647059,3.5555555555555554,3.764705882352941,2.7777777777777777,11.941176470588236,12.277777777777779
2025-10-25,Albacete,Cordoba,1,3,A,0,0,0,0,9,4,4,9,8,10,1,1.2352941176470589,1.3888888888888888,-0.15359477124182996,1.9411764705882353,2.8333333333333335,0.058823529411764705,0.05555555555555555,5.352941176470588,5.833333333333333,4.0588235294117645,5.0,10.058823529411764,15.944444444444445
2025-10-25,Eibar,Leganes,0,0,D,2,5,0,0,7,2,3,3,13,10,0,1.7222222222222223,1.0555555555555556,0.6666666666666667,2.5555555555555554,2.6666666666666665,0.05555555555555555,0.16666666666666666,5.333333333333333,3.611111111111111,5.388888888888889,3.5555555555555554,15.38888888888889,11.277777777777779
2025-10-25,Burgos,Sociedad B,1,0,H,4,3,0,0,6,3,3,1,13,13,0,1.2777777777777777,1.1111111111111112,0.16666666666666652,2.611111111111111,3.1666666666666665,0.05555555555555555,0.1111111111111111,3.8333333333333335,3.611111111111111,3.611111111111111,4.611111111111111,13.055555555555555,17.055555555555557
2025-10-25,Granada,Cadiz,0,0,D,1,2,0,0,8,4,1,1,7,17,0,1.3888888888888888,0.9411764705882353,0.44771241830065356,2.3333333333333335,2.2941176470588234,0.2222222222222222,0.058823529411764705,5.333333333333333,3.3529411764705883,4.222222222222222,2.588235294117647,12.38888888888889,14.588235294117647
2025-10-25,Mirandes,Santander,1,3,A,5,2,0,0,5,4,3,7,28,15,1,0.9444444444444444,1.7058823529411764,-0.761437908496732,2.7222222222222223,2.9411764705882355,0.05555555555555555,0.23529411764705882,5.222222222222222,4.176470588235294,4.722222222222222,4.0588235294117645,15.277777777777779,12.823529411764707
2025-10-26,Malaga,Andorra,4,1,H,2,3,1,0,2,7,7,5,12,13,1,2.0555555555555554,1.4444444444444444,0.6111111111111109,2.3333333333333335,2.9444444444444446,0.1111111111111111,0.05555555555555555,4.0,4.388888888888889,6.666666666666667,4.833333333333333,12.944444444444445,13.833333333333334
2025-10-26,Almeria,Castellon,1,0,H,1,2,0,0,6,3,4,4,11,11,0,2.5294117647058822,1.2777777777777777,1.2516339869281046,2.4705882352941178,2.6666666666666665,0.058823529411764705,0.2777777777777778,6.470588235294118,6.388888888888889,6.882352941176471,4.666666666666667,14.352941176470589,12.777777777777779
2025-10-26,Sp Gijon,Zaragoza,1,0,H,1,1,1,0,2,16,3,3,12,18,0,1.5555555555555556,0.8888888888888888,0.6666666666666667,2.0,3.0,0.16666666666666666,0.2222222222222222,5.444444444444445,5.277777777777778,5.277777777777778,3.8333333333333335,11.722222222222221,12.777777777777779
2025-10-26,La Coruna,Valladolid,1,1,D,3,3,0,1,4,5,4,5,18,17,1,1.3529411764705883,1.1176470588235294,0.23529411764705888,2.4705882352941178,3.0,0.11764705882352941,0.17647058823529413,5.352941176470588,4.882352941176471,4.294117647058823,3.7058823529411766,12.117647058823529,15.764705882352942
2025-10-31,Santander,Sociedad B,1,0,H,5,1,0,0,5,8,1,4,14,19,0,2.388888888888889,1.1111111111111112,1.2777777777777777,2.8333333333333335,3.1666666666666665,0.16666666666666666,0.1111111111111111,6.944444444444445,3.611111111111111,6.611111111111111,4.611111111111111,12.833333333333334,17.055555555555557
2025-11-01,Cultural Leonesa,Mirandes,3,2,H,0,3,0,0,6,2,7,6,11,13,1,0.5882352941176471,1.1764705882352942,-0.5882352941176471,2.1176470588235294,3.235294117647059,0.058823529411764705,0.29411764705882354,4.235294117647059,3.235294117647059,3.764705882352941,3.3529411764705883,11.941176470588236,15.117647058823529
2025-11-01,Albacete,Huesca,2,1,H,3,0,0,0,7,7,6,4,13,6,1,1.2352941176470589,0.8235294117647058,0.41176470588235303,1.9411764705882353,2.0,0.058823529411764705,0.058823529411764705,5.352941176470588,3.764705882352941,4.0588235294117645,2.588235294117647,10.058823529411764,12.117647058823529
2025-11-01,Leganes,Burgos,1,2,A,3,3,0,0,9,4,3,2,17,17,1,1.2352941176470589,1.1176470588235294,0.11764705882352944,2.8823529411764706,2.588235294117647,0.058823529411764705,0.0,5.705882352941177,3.5294117647058822,4.470588235294118,2.588235294117647,14.058823529411764,13.176470588235293
2025-11-01,Almeria,Eibar,3,1,H,2,3,0,0,3,7,5,5,15,7,1,2.5294117647058822,0.5294117647058824,2.0,2.4705882352941178,2.4705882352941178,0.058823529411764705,0.11764705882352941,6.470588235294118,3.6470588235294117,6.882352941176471,2.7058823529411766,14.352941176470589,13.529411764705882
2025-11-02,Andorra,Cadiz,0,0,D,3,2,0,0,9,3,4,1,19,14,0,1.4705882352941178,0.9411764705882353,0.5294117647058825,2.5294117647058822,2.2941176470588234,0.058823529411764705,0.058823529411764705,5.823529411764706,3.3529411764705883,5.0588235294117645,2.588235294117647,13.352941176470589,14.588235294117647
2025-11-02,Cordoba,Ceuta,2,0,H,2,4,0,0,4,5,4,2,18,17,0,1.2941176470588236,0.9444444444444444,0.3496732026143792,2.411764705882353,2.3333333333333335,0.11764705882352941,0.2222222222222222,6.235294117647059,3.5555555555555554,5.588235294117647,2.7777777777777777,15.647058823529411,12.277777777777779
2025-11-02,Sp Gijon,Las Palmas,0,0,D,2,2,0,0,2,3,1,2,21,12,0,1.5555555555555556,1.0,0.5555555555555556,2.0,2.0588235294117645,0.16666666666666666,0.0,5.444444444444445,4.0588235294117645,5.277777777777778,3.588235294117647,11.722222222222221,11.529411764705882
2025-11-02,Castellon,Malaga,2,1,H,6,3,1,0,7,4,6,1,16,14,1,2.0588235294117645,1.2352941176470589,0.8235294117647056,3.1176470588235294,2.2941176470588234,0.35294117647058826,0.17647058823529413,5.705882352941177,4.294117647058823,5.176470588235294,3.823529411764706,15.176470588235293,11.882352941176471
2025-11-02,Zaragoza,La Coruna,0,2,A,1,1,0,0,2,8,3,6,21,10,0,0.8823529411764706,1.6666666666666667,-0.7843137254901962,3.176470588235294,2.6666666666666665,0.4117647058823529,0.0,4.352941176470588,5.055555555555555,3.5294117647058822,4.277777777777778,12.647058823529411,10.88888888888889
2025-11-03,Valladolid,Granada,2,1,H,3,4,0,1,3,2,6,3,21,13,1,1.1111111111111112,1.1176470588235294,-0.006535947712418277,2.6666666666666665,2.588235294117647,0.16666666666666666,0.17647058823529413,6.166666666666667,3.2941176470588234,4.777777777777778,3.411764705882353,16.055555555555557,13.470588235294118
2025-11-05,Sociedad B,Huesca,2,0,H,2,3,0,0,3,6,5,1,19,16,0,1.4705882352941178,0.8235294117647058,0.6470588235294119,3.588235294117647,2.0,0.11764705882352941,0.058823529411764705,3.823529411764706,3.764705882352941,4.235294117647059,2.588235294117647,16.58823529411765,12.117647058823529
2025-11-07,Mirandes,Sp Gijon,2,1,H,4,2,0,0,4,4,9,2,11,10,1,0.9444444444444444,1.0,-0.05555555555555558,2.7222222222222223,2.6470588235294117,0.05555555555555555,0.17647058823529413,5.222222222222222,4.176470588235294,4.722222222222222,3.588235294117647,15.277777777777779,11.352941176470589
2025-11-08,Sociedad B,Leganes,2,1,H,4,6,0,1,2,6,2,3,18,13,1,1.4705882352941178,1.0555555555555556,0.41503267973856217,3.588235294117647,2.6666666666666665,0.11764705882352941,0.16666666666666666,3.823529411764706,3.611111111111111,4.235294117647059,3.5555555555555554,16.58823529411765,11.277777777777779
2025-11-08,Eibar,Albacete,3,2,H,1,3,0,0,4,3,8,9,15,11,1,1.7222222222222223,1.2777777777777777,0.44444444444444464,2.5555555555555554,2.5555555555555554,0.05555555555555555,0.16666666666666666,5.333333333333333,4.888888888888889,5.388888888888889,4.333333333333333,15.38888888888889,12.61111111111111
2025-11-08,Huesca,Andorra,2,2,D,1,5,0,0,1,3,5,3,23,21,1,1.1666666666666667,1.4444444444444444,-0.2777777777777777,2.7222222222222223,2.9444444444444446,0.16666666666666666,0.05555555555555555,5.333333333333333,4.388888888888889,3.611111111111111,4.833333333333333,13.222222222222221,13.833333333333334
2025-11-08,La Coruna,Cultural Leonesa,3,0,H,1,0,0,0,1,1,3,5,12,11,0,1.3529411764705883,1.1666666666666667,0.18627450980392157,2.4705882352941178,2.5555555555555554,0.11764705882352941,0.16666666666666666,5.352941176470588,3.3333333333333335,4.294117647058823,4.277777777777778,12.117647058823529,13.777777777777779
2025-11-08,Malaga,Cordoba,2,2,D,3,3,0,1,2,2,7,6,17,22,1,2.0555555555555554,1.3888888888888888,0.6666666666666665,2.3333333333333335,2.8333333333333335,0.1111111111111111,0.05555555555555555,4.0,5.833333333333333,6.666666666666667,5.0,12.944444444444445,15.944444444444445
2025-11-09,Las Palmas,Santander,3,1,H,5,1,1,0,5,5,7,2,18,14,1,1.5555555555555556,1.7058823529411764,-0.15032679738562083,1.8888888888888888,2.9411764705882355,0.2777777777777778,0.23529411764705882,4.666666666666667,4.176470588235294,4.777777777777778,4.0588235294117645,12.944444444444445,12.823529411764707
2025-11-09,Granada,Zaragoza,3,1,H,0,4,0,0,6,5,7,3,10,16,1,1.3888888888888888,0.8888888888888888,0.5,2.3333333333333335,3.0,0.2222222222222222,0.2222222222222222,5.333333333333333,5.277777777777778,4.222222222222222,3.8333333333333335,12.38888888888889,12.777777777777779
2025-11-09,Cadiz,Valladolid,0,0,D,6,1,0,0,2,4,2,1,16,17,0,0.9444444444444444,1.1176470588235294,-0.17320261437908502,3.111111111111111,3.0,0.1111111111111111,0.17647058823529413,5.722222222222222,4.882352941176471,3.611111111111111,3.7058823529411766,14.0,15.764705882352942
2025-11-10,Burgos,Castellon,0,0,D,2,2,0,0,5,6,3,2,14,11,0,1.2777777777777777,1.2777777777777777,0.0,2.611111111111111,2.6666666666666665,0.05555555555555555,0.2777777777777778,3.8333333333333335,6.388888888888889,3.611111111111111,4.666666666666667,13.055555555555555,12.777777777777779
2025-11-14,Valladolid,Las Palmas,0,1,A,3,2,0,0,10,1,4,4,23,12,0,1.1111111111111112,1.0,0.11111111111111116,2.6666666666666665,2.0588235294117645,0.16666666666666666,0.0,6.166666666666667,4.0588235294117645,4.777777777777778,3.588235294117647,16.055555555555557,11.529411764705882
2025-11-15,Albacete,Andorra,1,0,H,1,1,0,0,4,2,6,6,9,8,0,1.2352941176470589,1.4444444444444444,-0.20915032679738554,1.9411764705882353,2.9444444444444446,0.058823529411764705,0.05555555555555555,5.352941176470588,4.388888888888889,4.0588235294117645,4.833333333333333,10.058823529411764,13.833333333333334
2025-11-15,Castellon,Sociedad B,5,4,H,3,1,0,0,14,1,8,9,9,13,1,2.0588235294117645,1.1111111111111112,0.9477124183006533,3.1176470588235294,3.1666666666666665,0.35294117647058826,0.1111111111111111,5.705882352941177,3.611111111111111,5.176470588235294,4.611111111111111,15.176470588235293,17.055555555555557
2025-11-15,Santander,Granada,2,2,D,5,5,0,0,7,4,5,5,8,17,1,2.388888888888889,1.1176470588235294,1.2712418300653594,2.8333333333333335,2.588235294117647,0.16666666666666666,0.17647058823529413,6.944444444444445,3.2941176470588234,6.611111111111111,3.411764705882353,12.833333333333334,13.470588235294118
2025-11-16,Ceuta,Leganes,1,2,A,2,2,0,0,6,3,1,5,15,17,1,1.4705882352941178,1.0555555555555556,0.41503267973856217,2.7058823529411766,2.6666666666666665,0.0,0.16666666666666666,4.9411764705882355,3.611111111111111,4.647058823529412,3.5555555555555554,15.352941176470589,11.277777777777779
2025-11-16,Almeria,Cadiz,3,0,H,3,0,0,0,13,5,9,3,13,11,0,2.5294117647058822,0.9411764705882353,1.588235294117647,2.4705882352941178,2.2941176470588234,0.058823529411764705,0.058823529411764705,6.470588235294118,3.3529411764705883,6.882352941176471,2.588235294117647,14.352941176470589,14.588235294117647
2025-11-16,Sp Gijon,Eibar,1,1,D,3,5,0,0,10,3,6,3,13,12,1,1.5555555555555556,0.5294117647058824,1.026143790849673,2.0,2.4705882352941178,0.16666666666666666,0.11764705882352941,5.444444444444445,3.6470588235294117,5.277777777777778,2.7058823529411766,11.722222222222221,13.529411764705882
2025-11-16,Cordoba,La Coruna,1,3,A,5,5,1,0,6,5,6,3,13,10,1,1.2941176470588236,1.6666666666666667,-0.37254901960784315,2.411764705882353,2.6666666666666665,0.11764705882352941,0.0,6.235294117647059,5.055555555555555,5.588235294117647,4.277777777777778,15.647058823529411,10.88888888888889
2025-11-16,Mirandes,Burgos,0,2,A,4,1,0,0,7,4,2,4,21,12,0,0.9444444444444444,1.1176470588235294,-0.17320261437908502,2.7222222222222223,2.588235294117647,0.05555555555555555,0.0,5.222222222222222,3.5294117647058822,4.722222222222222,2.588235294117647,15.277777777777779,13.176470588235293
2025-11-16,Zaragoza,Huesca,1,0,H,4,1,1,0,5,3,2,2,9,9,0,0.8823529411764706,0.8235294117647058,0.05882352941176472,3.176470588235294,2.0,0.4117647058823529,0.058823529411764705,4.352941176470588,3.764705882352941,3.5294117647058822,2.588235294117647,12.647058823529411,12.117647058823529
2025-11-17,Cultural Leonesa,Malaga,1,0,H,0,2,0,1,1,9,1,3,6,14,0,0.5882352941176471,1.2352941176470589,-0.6470588235294118,2.1176470588235294,2.2941176470588234,0.058823529411764705,0.17647058823529413,4.235294117647059,4.294117647058823,3.764705882352941,3.823529411764706,11.941176470588236,11.882352941176471
2025-11-21,Las Palmas,Albacete,2,1,H,1,5,0,0,5,3,3,3,16,16,1,1.5555555555555556,1.2777777777777777,0.2777777777777779,1.8888888888888888,2.5555555555555554,0.2777777777777778,0.16666666666666666,4.666666666666667,4.888888888888889,4.777777777777778,4.333333333333333,12.944444444444445,12.61111111111111
2025-11-22,Andorra,Castellon,1,3,A,2,2,0,0,2,4,4,6,14,13,1,1.4705882352941178,1.2777777777777777,0.19281045751634007,2.5294117647058822,2.6666666666666665,0.058823529411764705,0.2777777777777778,5.823529411764706,6.388888888888889,5.0588235294117645,4.666666666666667,13.352941176470589,12.777777777777779
2025-11-22,Eibar,Zaragoza,1,2,A,6,4,0,1,7,0,8,2,18,10,1,1.7222222222222223,0.8888888888888888,0.8333333333333335,2.5555555555555554,3.0,0.05555555555555555,0.2222222222222222,5.333333333333333,5.277777777777778,5.388888888888889,3.8333333333333335,15.38888888888889,12.777777777777779
2025-11-22,Leganes,Almeria,0,3,A,1,4,0,0,5,0,10,4,8,17,0,1.2352941176470589,1.3333333333333333,-0.09803921568627438,2.8823529411764706,2.9444444444444446,0.058823529411764705,0.16666666666666666,5.705882352941177,3.5,4.470588235294118,4.444444444444445,14.058823529411764,13.277777777777779
2025-11-22,Granada,Cordoba,1,1,D,3,5,0,0,7,8,7,5,11,20,1,1.3888888888888888,1.3888888888888888,0.0,2.3333333333333335,2.8333333333333335,0.2222222222222222,0.05555555555555555,5.333333333333333,5.833333333333333,4.222222222222222,5.0,12.38888888888889,15.944444444444445
2025-11-23,La Coruna,Ceuta,2,1,H,3,0,0,0,4,4,7,4,13,10,1,1.3529411764705883,0.9444444444444444,0.4084967320261439,2.4705882352941178,2.3333333333333335,0.11764705882352941,0.2222222222222222,5.352941176470588,3.5555555555555554,4.294117647058823,2.7777777777777777,12.117647058823529,12.277777777777779
2025-11-23,Cadiz,Cultural Leonesa,1,2,A,1,1,0,0,11,6,7,7,11,12,1,0.9444444444444444,1.1666666666666667,-0.22222222222222232,3.111111111111111,2.5555555555555554,0.1111111111111111,0.16666666666666666,5.722222222222222,3.3333333333333335,3.611111111111111,4.277777777777778,14.0,13.777777777777779
2025-11-23,Huesca,Sp Gijon,2,0,H,0,1,0,0,7,5,5,2,8,14,0,1.1666666666666667,1.0,0.16666666666666674,2.7222222222222223,2.6470588235294117,0.16666666666666666,0.17647058823529413,5.333333333333333,4.176470588235294,3.611111111111111,3.588235294117647,13.222222222222221,11.352941176470589
2025-11-23,Burgos,Santander,0,2,A,4,5,0,0,6,3,1,4,17,16,0,1.2777777777777777,1.7058823529411764,-0.4281045751633987,2.611111111111111,2.9411764705882355,0.05555555555555555,0.23529411764705882,3.8333333333333335,4.176470588235294,3.611111111111111,4.0588235294117645,13.055555555555555,12.823529411764707
2025-11-23,Malaga,Mirandes,3,2,H,1,3,0,0,2,1,11,6,19,17,1,2.0555555555555554,1.1764705882352942,0.8790849673202612,2.3333333333333335,3.235294117647059,0.1111111111111111,0.29411764705882354,4.0,3.235294117647059,6.666666666666667,3.3529411764705883,12.944444444444445,15.117647058823529
2025-11-24,Sociedad B,Valladolid,1,0,H,3,3,0,0,4,9,4,3,13,11,0,1.4705882352941178,1.1176470588235294,0.3529411764705883,3.588235294117647,3.0,0.11764705882352941,0.17647058823529413,3.823529411764706,4.882352941176471,4.235294117647059,3.7058823529411766,16.58823529411765,15.764705882352942
2025-11-26,Ceuta,Almeria,3,2,H,3,5,0,0,2,2,7,6,12,15,1,1.4705882352941178,1.3333333333333333,0.1372549019607845,2.7058823529411766,2.9444444444444446,0.0,0.16666666666666666,4.9411764705882355,3.5,4.647058823529412,4.444444444444445,15.352941176470589,13.277777777777779
2025-11-28,Sp Gijon,Andorra,1,1,D,3,3,0,0,8,5,10,2,11,8,1,1.5555555555555556,1.4444444444444444,0.11111111111111116,2.0,2.9444444444444446,0.16666666666666666,0.05555555555555555,5.444444444444445,4.388888888888889,5.277777777777778,4.833333333333333,11.722222222222221,13.833333333333334
2025-11-29,Ceuta,Burgos,1,0,H,5,3,0,0,10,7,5,1,21,12,0,1.4705882352941178,1.1176470588235294,0.3529411764705883,2.7058823529411766,2.588235294117647,0.0,0.0,4.9411764705882355,3.5294117647058822,4.647058823529412,2.588235294117647,15.352941176470589,13.176470588235293
2025-11-29,Cultural Leonesa,Granada,0,1,A,2,3,0,0,4,4,4,3,11,22,0,0.5882352941176471,1.1176470588235294,-0.5294117647058824,2.1176470588235294,2.588235294117647,0.058823529411764705,0.17647058823529413,4.235294117647059,3.2941176470588234,3.764705882352941,3.411764705882353,11.941176470588236,13.470588235294118
2025-11-29,Albacete,La Coruna,0,2,A,1,1,0,0,9,5,3,3,10,5,0,1.2352941176470589,1.6666666666666667,-0.43137254901960786,1.9411764705882353,2.6666666666666665,0.058823529411764705,0.0,5.352941176470588,5.055555555555555,4.0588235294117645,4.277777777777778,10.058823529411764,10.88888888888889
2025-11-29,Almeria,Huesca,0,0,D,1,0,0,0,13,1,6,1,11,6,0,2.5294117647058822,0.8235294117647058,1.7058823529411764,2.4705882352941178,2.0,0.058823529411764705,0.058823529411764705,6.470588235294118,3.764705882352941,6.882352941176471,2.588235294117647,14.352941176470589,12.117647058823529
2025-11-29,Valladolid,Malaga,1,1,D,5,2,1,0,7,2,6,3,19,12,1,1.1111111111111112,1.2352941176470589,-0.12418300653594772,2.6666666666666665,2.2941176470588234,0.16666666666666666,0.17647058823529413,6.166666666666667,4.294117647058823,4.777777777777778,3.823529411764706,16.055555555555557,11.882352941176471
2025-11-30,Zaragoza,Leganes,3,2,H,2,4,0,2,5,3,11,2,15,18,1,0.8823529411764706,1.0555555555555556,-0.17320261437908502,3.176470588235294,2.6666666666666665,0.4117647058823529,0.16666666666666666,4.352941176470588,3.611111111111111,3.5294117647058822,3.5555555555555554,12.647058823529411,11.277777777777779
2025-11-30,Santander,Eibar,4,0,H,0,3,0,0,3,5,8,6,13,19,0,2.388888888888889,0.5294117647058824,1.8594771241830066,2.8333333333333335,2.4705882352941178,0.16666666666666666,0.11764705882352941,6.944444444444445,3.6470588235294117,6.611111111111111,2.7058823529411766,12.833333333333334,13.529411764705882
2025-11-30,Cordoba,Cadiz,1,2,A,2,4,0,0,5,4,6,4,15,22,1,1.2941176470588236,0.9411764705882353,0.3529411764705883,2.411764705882353,2.2941176470588234,0.11764705882352941,0.058823529411764705,6.235294117647059,3.3529411764705883,5.588235294117647,2.588235294117647,15.647058823529411,14.588235294117647
2025-11-30,Mirandes,Sociedad B,1,0,H,3,2,0,1,2,3,5,6,15,15,0,0.9444444444444444,1.1111111111111112,-0.16666666666666674,2.7222222222222223,3.1666666666666665,0.05555555555555555,0.1111111111111111,5.222222222222222,3.611111111111111,4.722222222222222,4.611111111111111,15.277777777777779,17.055555555555557
2025-11-30,Castellon,Las Palmas,1,0,H,3,2,0,0,3,3,5,1,14,9,0,2.0588235294117645,1.0,1.0588235294117645,3.1176470588235294,2.0588235294117645,0.35294117647058826,0.0,5.705882352941177,4.0588235294117645,5.176470588235294,3.588235294117647,15.176470588235293,11.529411764705882
2025-12-06,Andorra,Almeria,1,2,A,1,2,0,0,10,4,6,8,14,13,1,1.4705882352941178,1.3333333333333333,0.1372549019607845,2.5294117647058822,2.9444444444444446,0.058823529411764705,0.16666666666666666,5.823529411764706,3.5,5.0588235294117645,4.444444444444445,13.352941176470589,13.277777777777779
2025-12-06,Huesca,Valladolid,1,4,A,2,4,0,0,6,5,6,6,10,17,1,1.1666666666666667,1.1176470588235294,0.0490196078431373,2.7222222222222223,3.0,0.16666666666666666,0.17647058823529413,5.333333333333333,4.882352941176471,3.611111111111111,3.7058823529411766,13.222222222222221,15.764705882352942
2025-12-06,Sociedad B,Sp Gijon,0,1,A,2,7,0,0,4,6,1,2,11,12,0,1.4705882352941178,1.0,0.47058823529411775,3.588235294117647,2.6470588235294117,0.11764705882352941,0.17647058823529413,3.823529411764706,4.176470588235294,4.235294117647059,3.588235294117647,16.58823529411765,11.352941176470589
2025-12-07,Cadiz,Santander,2,3,A,6,4,0,0,5,7,5,8,22,12,1,0.9444444444444444,1.7058823529411764,-0.761437908496732,3.111111111111111,2.9411764705882355,0.1111111111111111,0.23529411764705882,5.722222222222222,4.176470588235294,3.611111111111111,4.0588235294117645,14.0,12.823529411764707
2025-12-07,Leganes,Cordoba,0,0,D,3,1,0,0,4,5,2,3,17,14,0,1.2352941176470589,1.3888888888888888,-0.15359477124182996,2.8823529411764706,2.8333333333333335,0.058823529411764705,0.05555555555555555,5.705882352941177,5.833333333333333,4.470588235294118,5.0,14.058823529411764,15.944444444444445
2025-12-07,Eibar,Cultural Leonesa,1,2,A,2,3,0,0,8,4,5,3,12,8,1,1.7222222222222223,1.1666666666666667,0.5555555555555556,2.5555555555555554,2.5555555555555554,0.05555555555555555,0.16666666666666666,5.333333333333333,3.3333333333333335,5.388888888888889,4.277777777777778,15.38888888888889,13.777777777777779
2025-12-07,La Coruna,Castellon,1,3,A,3,6,1,0,3,9,3,5,13,15,1,1.3529411764705883,1.2777777777777777,0.07516339869281063,2.4705882352941178,2.6666666666666665,0.11764705882352941,0.2777777777777778,5.352941176470588,6.388888888888889,4.294117647058823,4.666666666666667,12.117647058823529,12.777777777777779
2025-12-07,Granada,Ceuta,1,1,D,2,2,0,0,5,2,3,3,10,12,1,1.3888888888888888,0.9444444444444444,0.4444444444444444,2.3333333333333335,2.3333333333333335,0.2222222222222222,0.2222222222222222,5.333333333333333,3.5555555555555554,4.222222222222222,2.7777777777777777,12.38888888888889,12.277777777777779
2025-12-08,Burgos,Albacete,0,1,A,3,1,0,0,5,5,3,2,14,12,0,1.2777777777777777,1.2777777777777777,0.0,2.611111111111111,2.5555555555555554,0.05555555555555555,0.16666666666666666,3.8333333333333335,4.888888888888889,3.611111111111111,4.333333333333333,13.055555555555555,12.61111111111111
2025-12-08,Las Palmas,Mirandes,0,0,D,1,3,1,0,2,3,3,4,13,11,0,1.5555555555555556,1.1764705882352942,0.3790849673202614,1.8888888888888888,3.235294117647059,0.2777777777777778,0.29411764705882354,4.666666666666667,3.235294117647059,4.777777777777778,3.3529411764705883,12.944444444444445,15.117647058823529
2025-12-08,Malaga,Zaragoza,1,1,D,4,4,0,1,8,4,7,5,11,7,1,2.0555555555555554,0.8888888888888888,1.1666666666666665,2.3333333333333335,3.0,0.1111111111111111,0.2222222222222222,4.0,5.277777777777778,6.666666666666667,3.8333333333333335,12.944444444444445,12.777777777777779
2025-12-12,Cultural Leonesa,Huesca,0,2,A,0,3,0,0,5,7,7,4,7,13,0,0.5882352941176471,0.8235294117647058,-0.23529411764705876,2.1176470588235294,2.0,0.058823529411764705,0.058823529411764705,4.235294117647059,3.764705882352941,3.764705882352941,2.588235294117647,11.941176470588236,12.117647058823529
2025-12-13,Cordoba,Eibar,0,0,D,5,3,0,0,5,0,2,0,17,19,0,1.2941176470588236,0.5294117647058824,0.7647058823529412,2.411764705882353,2.4705882352941178,0.11764705882352941,0.11764705882352941,6.235294117647059,3.6470588235294117,5.588235294117647,2.7058823529411766,15.647058823529411,13.529411764705882
2025-12-13,Sp Gijon,Granada,1,0,H,2,2,0,0,6,1,5,2,14,10,0,1.5555555555555556,1.1176470588235294,0.43790849673202614,2.0,2.588235294117647,0.16666666666666666,0.17647058823529413,5.444444444444445,3.2941176470588234,5.277777777777778,3.411764705882353,11.722222222222221,13.470588235294118
2025-12-13,Valladolid,Andorra,0,1,A,3,2,0,0,8,6,5,2,19,13,0,1.1111111111111112,1.4444444444444444,-0.33333333333333326,2.6666666666666665,2.9444444444444446,0.16666666666666666,0.05555555555555555,6.166666666666667,4.388888888888889,4.777777777777778,4.833333333333333,16.055555555555557,13.833333333333334
2025-12-13,Santander,Leganes,1,1,D,4,3,0,0,7,7,7,4,14,11,1,2.388888888888889,1.0555555555555556,1.3333333333333333,2.8333333333333335,2.6666666666666665,0.16666666666666666,0.16666666666666666,6.944444444444445,3.611111111111111,6.611111111111111,3.5555555555555554,12.833333333333334,11.277777777777779
2025-12-13,La Coruna,Sociedad B,0,3,A,0,4,0,0,6,3,9,3,5,18,0,1.3529411764705883,1.1111111111111112,0.24183006535947715,2.4705882352941178,3.1666666666666665,0.11764705882352941,0.1111111111111111,5.352941176470588,3.611111111111111,4.294117647058823,4.611111111111111,12.117647058823529,17.055555555555557
2025-12-13,Zaragoza,Cadiz,1,2,A,3,5,0,0,8,4,1,6,13,21,1,0.8823529411764706,0.9411764705882353,-0.05882352941176472,3.176470588235294,2.2941176470588234,0.4117647058823529,0.058823529411764705,4.352941176470588,3.3529411764705883,3.5294117647058822,2.588235294117647,12.647058823529411,14.588235294117647
2025-12-14,Albacete,Malaga,1,3,A,3,1,0,0,6,5,5,5,9,4,1,1.2352941176470589,1.2352941176470589,0.0,1.9411764705882353,2.2941176470588234,0.058823529411764705,0.17647058823529413,5.352941176470588,4.294117647058823,4.0588235294117645,3.823529411764706,10.058823529411764,11.882352941176471
2025-12-14,Almeria,Burgos,1,2,A,3,3,0,0,3,1,4,2,21,19,1,2.5294117647058822,1.1176470588235294,1.4117647058823528,2.4705882352941178,2.588235294117647,0.058823529411764705,0.0,6.470588235294118,3.5294117647058822,6.882352941176471,2.588235294117647,14.352941176470589,13.176470588235293
2025-12-14,Ceuta,Las Palmas,1,1,D,2,2,0,0,2,5,4,2,16,11,1,1.4705882352941178,1.0,0.47058823529411775,2.7058823529411766,2.0588235294117645,0.0,0.0,4.9411764705882355,4.0588235294117645,4.647058823529412,3.588235294117647,15.352941176470589,11.529411764705882
2025-12-15,Castellon,Mirandes,3,1,H,4,2,0,0,5,4,6,2,16,15,1,2.0588235294117645,1.1764705882352942,0.8823529411764703,3.1176470588235294,3.235294117647059,0.35294117647058826,0.29411764705882354,5.705882352941177,3.235294117647059,5.176470588235294,3.3529411764705883,15.176470588235293,15.117647058823529
2025-12-19,Eibar,Valladolid,3,0,H,3,4,0,0,3,4,4,2,18,14,0,1.7222222222222223,1.1176470588235294,0.6045751633986929,2.5555555555555554,3.0,0.05555555555555555,0.17647058823529413,5.333333333333333,4.882352941176471,5.388888888888889,3.7058823529411766,15.38888888888889,15.764705882352942
2025-12-20,Andorra,La Coruna,1,0,H,3,4,0,0,1,4,4,1,13,11,0,1.4705882352941178,1.6666666666666667,-0.196078431372549,2.5294117647058822,2.6666666666666665,0.058823529411764705,0.0,5.823529411764706,5.055555555555555,5.0588235294117645,4.277777777777778,13.352941176470589,10.88888888888889
2025-12-20,Huesca,Santander,1,1,D,5,2,0,0,8,3,3,3,13,11,1,1.1666666666666667,1.7058823529411764,-0.5392156862745097,2.7222222222222223,2.9411764705882355,0.16666666666666666,0.23529411764705882,5.333333333333333,4.176470588235294,3.611111111111111,4.0588235294117645,13.222222222222221,12.823529411764707
2025-12-20,Leganes,Sp Gijon,0,1,A,2,3,0,0,6,7,4,5,8,8,0,1.2352941176470589,1.0,0.23529411764705888,2.8823529411764706,2.6470588235294117,0.058823529411764705,0.17647058823529413,5.705882352941177,4.176470588235294,4.470588235294118,3.588235294117647,14.058823529411764,11.352941176470589
2025-12-20,Las Palmas,Cultural Leonesa,4,0,H,1,2,0,0,4,4,4,3,11,13,0,1.5555555555555556,1.1666666666666667,0.38888888888888884,1.8888888888888888,2.5555555555555554,0.2777777777777778,0.16666666666666666,4.666666666666667,3.3333333333333335,4.777777777777778,4.277777777777778,12.944444444444445,13.777777777777779
2025-12-21,Malaga,Almeria,2,1,H,5,4,0,0,1,2,7,5,20,8,1,2.0555555555555554,1.3333333333333333,0.7222222222222221,2.3333333333333335,2.9444444444444446,0.1111111111111111,0.16666666666666666,4.0,3.5,6.666666666666667,4.444444444444445,12.944444444444445,13.277777777777779
2025-12-21,Mirandes,Cordoba,1,2,A,2,3,1,0,10,8,2,6,18,13,1,0.9444444444444444,1.3888888888888888,-0.4444444444444444,2.7222222222222223,2.8333333333333335,0.05555555555555555,0.05555555555555555,5.222222222222222,5.833333333333333,4.722222222222222,5.0,15.277777777777779,15.944444444444445
2025-12-21,Sociedad B,Ceuta,1,3,A,5,5,0,0,3,6,5,7,16,14,1,1.4705882352941178,0.9444444444444444,0.5261437908496733,3.588235294117647,2.3333333333333335,0.11764705882352941,0.2222222222222222,3.823529411764706,3.5555555555555554,4.235294117647059,2.7777777777777777,16.58823529411765,12.277777777777779
2025-12-21,Burgos,Zaragoza,1,1,D,1,3,0,0,5,7,4,6,13,15,1,1.2777777777777777,0.8888888888888888,0.38888888888888884,2.611111111111111,3.0,0.05555555555555555,0.2222222222222222,3.8333333333333335,5.277777777777778,3.611111111111111,3.8333333333333335,13.055555555555555,12.777777777777779
2025-12-21,Granada,Albacete,1,1,D,4,3,0,0,6,5,5,4,12,12,1,1.3888888888888888,1.2777777777777777,0.11111111111111116,2.3333333333333335,2.5555555555555554,0.2222222222222222,0.16666666666666666,5.333333333333333,4.888888888888889,4.222222222222222,4.333333333333333,12.38888888888889,12.61111111111111
2025-12-21,Cadiz,Castellon,2,0,H,4,2,0,0,6,12,4,2,11,13,0,0.9444444444444444,1.2777777777777777,-0.33333333333333326,3.111111111111111,2.6666666666666665,0.1111111111111111,0.2777777777777778,5.722222222222222,6.388888888888889,3.611111111111111,4.666666666666667,14.0,12.777777777777779
2026-01-02,Eibar,Mirandes,2,1,H,2,3,1,1,5,3,4,2,17,17,1,1.7222222222222223,1.1764705882352942,0.5457516339869282,2.5555555555555554,3.235294117647059,0.05555555555555555,0.29411764705882354,5.333333333333333,3.235294117647059,5.388888888888889,3.3529411764705883,15.38888888888889,15.117647058823529
2026-01-03,Cultural Leonesa,Sociedad B,1,1,D,3,5,0,0,1,7,1,4,6,17,1,0.5882352941176471,1.1111111111111112,-0.5228758169934641,2.1176470588235294,3.1666666666666665,0.058823529411764705,0.1111111111111111,4.235294117647059,3.611111111111111,3.764705882352941,4.611111111111111,11.941176470588236,17.055555555555557
2026-01-03,Almeria,Granada,3,2,H,4,5,0,0,5,7,7,5,14,13,1,2.5294117647058822,1.1176470588235294,1.4117647058823528,2.4705882352941178,2.588235294117647,0.058823529411764705,0.17647058823529413,6.470588235294118,3.2941176470588234,6.882352941176471,3.411764705882353,14.352941176470589,13.470588235294118
2026-01-03,Castellon,Huesca,4,1,H,2,2,1,0,1,3,8,6,16,16,1,2.0588235294117645,0.8235294117647058,1.2352941176470587,3.1176470588235294,2.0,0.35294117647058826,0.058823529411764705,5.705882352941177,3.764705882352941,5.176470588235294,2.588235294117647,15.176470588235293,12.117647058823529
2026-01-03,Valladolid,Santander,1,1,D,8,2,1,0,4,0,1,2,19,14,1,1.1111111111111112,1.7058823529411764,-0.5947712418300652,2.6666666666666665,2.9411764705882355,0.16666666666666666,0.23529411764705882,6.166666666666667,4.176470588235294,4.777777777777778,4.0588235294117645,16.055555555555557,12.823529411764707
2026-01-03,Cordoba,Burgos,2,0,H,0,1,0,0,6,6,6,4,19,13,0,1.2941176470588236,1.1176470588235294,0.17647058823529416,2.411764705882353,2.588235294117647,0.11764705882352941,0.0,6.235294117647059,3.5294117647058822,5.588235294117647,2.588235294117647,15.647058823529411,13.176470588235293
2026-01-04,Sp Gijon,Malaga,1,3,A,2,4,1,0,5,5,3,7,11,9,1,1.5555555555555556,1.2352941176470589,0.3202614379084967,2.0,2.2941176470588234,0.16666666666666666,0.17647058823529413,5.444444444444445,4.294117647058823,5.277777777777778,3.823529411764706,11.722222222222221,11.882352941176471
2026-01-04,Ceuta,Andorra,2,1,H,2,2,0,0,4,8,5,8,15,12,1,1.4705882352941178,1.4444444444444444,0.026143790849673332,2.7058823529411766,2.9444444444444446,0.0,0.05555555555555555,4.9411764705882355,4.388888888888889,4.647058823529412,4.833333333333333,15.352941176470589,13.833333333333334
2026-01-04,Albacete,Leganes,1,3,A,1,3,0,0,5,5,4,5,11,8,1,1.2352941176470589,1.0555555555555556,0.1797385620915033,1.9411764705882353,2.6666666666666665,0.058823529411764705,0.16666666666666666,5.352941176470588,3.611111111111111,4.0588235294117645,3.5555555555555554,10.058823529411764,11.277777777777779
2026-01-04,Zaragoza,Las Palmas,1,2,A,3,2,0,0,1,3,2,5,20,18,1,0.8823529411764706,1.0,-0.11764705882352944,3.176470588235294,2.0588235294117645,0.4117647058823529,0.0,4.352941176470588,4.0588235294117645,3.5294117647058822,3.588235294117647,12.647058823529411,11.529411764705882
2026-01-04,La Coruna,Cadiz,2,2,D,4,3,0,0,8,4,5,2,9,16,1,1.3529411764705883,0.9411764705882353,0.41176470588235303,2.4705882352941178,2.2941176470588234,0.11764705882352941,0.058823529411764705,5.352941176470588,3.3529411764705883,4.294117647058823,2.588235294117647,12.117647058823529,14.588235294117647
2026-01-09,Cadiz,Sp Gijon,3,2,H,4,1,0,0,5,15,5,10,7,10,1,0.9444444444444444,1.0,-0.05555555555555558,3.111111111111111,2.6470588235294117,0.1111111111111111,0.17647058823529413,5.722222222222222,4.176470588235294,3.611111111111111,3.588235294117647,14.0,11.352941176470589
2026-01-10,Mirandes,Almeria,2,2,D,4,2,0,0,4,7,3,7,16,10,1,0.9444444444444444,1.3333333333333333,-0.38888888888888884,2.7222222222222223,2.9444444444444446,0.05555555555555555,0.16666666666666666,5.222222222222222,3.5,4.722222222222222,4.444444444444445,15.277777777777779,13.277777777777779
2026-01-10,Sociedad B,Albacete,0,0,D,4,1,0,0,2,8,3,6,20,12,0,1.4705882352941178,1.2777777777777777,0.19281045751634007,3.588235294117647,2.5555555555555554,0.11764705882352941,0.16666666666666666,3.823529411764706,4.888888888888889,4.235294117647059,4.333333333333333,16.58823529411765,12.61111111111111
2026-01-10,Andorra,Cultural Leonesa,1,1,D,1,3,0,0,10,1,5,2,6,13,1,1.4705882352941178,1.1666666666666667,0.303921568627451,2.5294117647058822,2.5555555555555554,0.058823529411764705,0.16666666666666666,5.823529411764706,3.3333333333333335,5.0588235294117645,4.277777777777778,13.352941176470589,13.777777777777779
2026-01-10,Burgos,Eibar,1,0,H,0,0,0,0,2,3,4,2,11,11,0,1.2777777777777777,0.5294117647058824,0.7483660130718953,2.611111111111111,2.4705882352941178,0.05555555555555555,0.11764705882352941,3.8333333333333335,3.6470588235294117,3.611111111111111,2.7058823529411766,13.055555555555555,13.529411764705882
2026-01-10,Las Palmas,La Coruna,1,1,D,2,2,0,0,7,3,6,3,14,12,1,1.5555555555555556,1.6666666666666667,-0.11111111111111116,1.8888888888888888,2.6666666666666665,0.2777777777777778,0.0,4.666666666666667,5.055555555555555,4.777777777777778,4.277777777777778,12.944444444444445,10.88888888888889
2026-01-10,Santander,Zaragoza,2,3,A,3,4,0,1,13,3,6,8,12,12,1,2.388888888888889,0.8888888888888888,1.5,2.8333333333333335,3.0,0.16666666666666666,0.2222222222222222,6.944444444444445,5.277777777777778,6.611111111111111,3.8333333333333335,12.833333333333334,12.777777777777779
2026-01-11,Leganes,Valladolid,3,0,H,4,2,0,0,4,8,4,2,21,14,0,1.2352941176470589,1.1176470588235294,0.11764705882352944,2.8823529411764706,3.0,0.058823529411764705,0.17647058823529413,5.705882352941177,4.882352941176471,4.470588235294118,3.7058823529411766,14.058823529411764,15.764705882352942
2026-01-11,Granada,Castellon,0,0,D,0,0,0,0,6,6,4,3,11,14,0,1.3888888888888888,1.2777777777777777,0.11111111111111116,2.3333333333333335,2.6666666666666665,0.2222222222222222,0.2777777777777778,5.333333333333333,6.388888888888889,4.222222222222222,4.666666666666667,12.38888888888889,12.777777777777779
2026-01-11,Malaga,Ceuta,2,1,H,4,2,0,0,6,6,8,2,6,11,1,2.0555555555555554,0.9444444444444444,1.111111111111111,2.3333333333333335,2.3333333333333335,0.1111111111111111,0.2222222222222222,4.0,3.5555555555555554,6.666666666666667,2.7777777777777777,12.944444444444445,12.277777777777779
2026-01-12,Huesca,Cordoba,1,2,A,8,2,1,0,5,7,1,5,14,8,1,1.1666666666666667,1.3888888888888888,-0.2222222222222221,2.7222222222222223,2.8333333333333335,0.16666666666666666,0.05555555555555555,5.333333333333333,5.833333333333333,3.611111111111111,5.0,13.222222222222221,15.944444444444445
2026-01-16,Castellon,Leganes,2,0,H,3,1,0,0,2,2,4,1,19,10,0,2.0588235294117645,1.0555555555555556,1.003267973856209,3.1176470588235294,2.6666666666666665,0.35294117647058826,0.16666666666666666,5.705882352941177,3.611111111111111,5.176470588235294,3.5555555555555554,15.176470588235293,11.277777777777779
2026-01-17,Ceuta,Valladolid,0,3,A,0,1,0,0,8,3,6,6,16,10,0,1.4705882352941178,1.1176470588235294,0.3529411764705883,2.7058823529411766,3.0,0.0,0.17647058823529413,4.9411764705882355,4.882352941176471,4.647058823529412,3.7058823529411766,15.352941176470589,15.764705882352942
2026-01-17,Cultural Leonesa,Sp Gijon,2,4,A,1,2,0,0,8,1,8,5,8,10,1,0.5882352941176471,1.0,-0.4117647058823529,2.1176470588235294,2.6470588235294117,0.058823529411764705,0.17647058823529413,4.235294117647059,4.176470588235294,3.764705882352941,3.588235294117647,11.941176470588236,11.352941176470589
2026-01-17,Zaragoza,Sociedad B,1,1,D,3,2,0,0,3,4,1,7,8,15,1,0.8823529411764706,1.1111111111111112,-0.2287581699346406,3.176470588235294,3.1666666666666665,0.4117647058823529,0.1111111111111111,4.352941176470588,3.611111111111111,3.5294117647058822,4.611111111111111,12.647058823529411,17.055555555555557
2026-01-17,Almeria,La Coruna,1,2,A,4,3,0,0,2,2,3,6,16,17,1,2.5294117647058822,1.6666666666666667,0.8627450980392155,2.4705882352941178,2.6666666666666665,0.058823529411764705,0.0,6.470588235294118,5.055555555555555,6.882352941176471,4.277777777777778,14.352941176470589,10.88888888888889
2026-01-18,Mirandes,Andorra,1,2,A,2,4,0,0,7,1,5,3,23,15,1,0.9444444444444444,1.4444444444444444,-0.5,2.7222222222222223,2.9444444444444446,0.05555555555555555,0.05555555555555555,5.222222222222222,4.388888888888889,4.722222222222222,4.833333333333333,15.277777777777779,13.833333333333334
2026-01-18,Santander,Las Palmas,4,1,H,2,4,0,0,4,2,7,5,16,10,1,2.388888888888889,1.0,1.3888888888888888,2.8333333333333335,2.0588235294117645,0.16666666666666666,0.0,6.944444444444445,4.0588235294117645,6.611111111111111,3.588235294117647,12.833333333333334,11.529411764705882
2026-01-18,Albacete,Cadiz,1,0,H,2,1,0,0,6,6,2,3,2,6,0,1.2352941176470589,0.9411764705882353,0.2941176470588236,1.9411764705882353,2.2941176470588234,0.058823529411764705,0.058823529411764705,5.352941176470588,3.3529411764705883,4.0588235294117645,2.588235294117647,10.058823529411764,14.588235294117647
2026-01-18,Burgos,Huesca,1,0,H,4,1,1,0,4,5,4,1,15,15,0,1.2777777777777777,0.8235294117647058,0.45424836601307184,2.611111111111111,2.0,0.05555555555555555,0.058823529411764705,3.8333333333333335,3.764705882352941,3.611111111111111,2.588235294117647,13.055555555555555,12.117647058823529
2026-01-18,Cordoba,Malaga,0,1,A,1,1,0,0,8,4,7,5,12,9,0,1.2941176470588236,1.2352941176470589,0.05882352941176472,2.411764705882353,2.2941176470588234,0.11764705882352941,0.17647058823529413,6.235294117647059,4.294117647058823,5.588235294117647,3.823529411764706,15.647058823529411,11.882352941176471
2026-01-19,Granada,Eibar,0,0,D,2,5,0,0,6,2,3,0,10,13,0,1.3888888888888888,0.5294117647058824,0.8594771241830065,2.3333333333333335,2.4705882352941178,0.2222222222222222,0.11764705882352941,5.333333333333333,3.6470588235294117,4.222222222222222,2.7058823529411766,12.38888888888889,13.529411764705882
2026-01-23,Malaga,Burgos,3,0,H,3,5,0,0,1,3,7,2,15,11,0,2.0555555555555554,1.1176470588235294,0.9379084967320259,2.3333333333333335,2.588235294117647,0.1111111111111111,0.0,4.0,3.5294117647058822,6.666666666666667,2.588235294117647,12.944444444444445,13.176470588235293
2026-01-24,Valladolid,Albacete,0,1,A,4,2,1,0,5,9,0,3,6,10,0,1.1111111111111112,1.2777777777777777,-0.16666666666666652,2.6666666666666665,2.5555555555555554,0.16666666666666666,0.16666666666666666,6.166666666666667,4.888888888888889,4.777777777777778,4.333333333333333,16.055555555555557,12.61111111111111
2026-01-24,Leganes,Sociedad B,2,0,H,2,1,0,0,6,3,7,4,11,22,0,1.2352941176470589,1.1111111111111112,0.12418300653594772,2.8823529411764706,3.1666666666666665,0.058823529411764705,0.1111111111111111,5.705882352941177,3.611111111111111,4.470588235294118,4.611111111111111,14.058823529411764,17.055555555555557
2026-01-24,Las Palmas,Cordoba,1,2,A,4,4,1,0,3,5,6,8,13,20,1,1.5555555555555556,1.3888888888888888,0.16666666666666674,1.8888888888888888,2.8333333333333335,0.2777777777777778,0.05555555555555555,4.666666666666667,5.833333333333333,4.777777777777778,5.0,12.944444444444445,15.944444444444445
2026-01-24,Sp Gijon,Mirandes,3,0,H,1,5,0,1,6,6,6,2,7,14,0,1.5555555555555556,1.1764705882352942,0.3790849673202614,2.0,3.235294117647059,0.16666666666666666,0.29411764705882354,5.444444444444445,3.235294117647059,5.277777777777778,3.3529411764705883,11.722222222222221,15.117647058823529
2026-01-24,Cadiz,Granada,1,2,A,2,0,1,0,8,2,5,2,18,9,1,0.9444444444444444,1.1176470588235294,-0.17320261437908502,3.111111111111111,2.588235294117647,0.1111111111111111,0.17647058823529413,5.722222222222222,3.2941176470588234,3.611111111111111,3.411764705882353,14.0,13.470588235294118
2026-01-25,Andorra,Huesca,1,1,D,2,4,0,0,3,1,5,1,18,16,1,1.4705882352941178,0.8235294117647058,0.6470588235294119,2.5294117647058822,2.0,0.058823529411764705,0.058823529411764705,5.823529411764706,3.764705882352941,5.0588235294117645,2.588235294117647,13.352941176470589,12.117647058823529
2026-01-25,Eibar,Almeria,1,0,H,1,1,0,0,6,1,6,4,14,19,0,1.7222222222222223,1.3333333333333333,0.38888888888888906,2.5555555555555554,2.9444444444444446,0.05555555555555555,0.16666666666666666,5.333333333333333,3.5,5.388888888888889,4.444444444444445,15.38888888888889,13.277777777777779
2026-01-25,Zaragoza,Castellon,0,0,D,3,4,1,0,3,13,0,3,8,14,0,0.8823529411764706,1.2777777777777777,-0.3954248366013071,3.176470588235294,2.6666666666666665,0.4117647058823529,0.2777777777777778,4.352941176470588,6.388888888888889,3.5294117647058822,4.666666666666667,12.647058823529411,12.777777777777779
2026-01-25,La Coruna,Santander,0,1,A,3,4,0,1,7,5,1,1,13,13,0,1.3529411764705883,1.7058823529411764,-0.3529411764705881,2.4705882352941178,2.9411764705882355,0.11764705882352941,0.23529411764705882,5.352941176470588,4.176470588235294,4.294117647058823,4.0588235294117645,12.117647058823529,12.823529411764707
2026-01-26,Ceuta,Cultural Leonesa,3,1,H,4,2,0,1,5,8,10,6,15,15,1,1.4705882352941178,1.1666666666666667,0.303921568627451,2.7058823529411766,2.5555555555555554,0.0,0.16666666666666666,4.9411764705882355,3.3333333333333335,4.647058823529412,4.277777777777778,15.352941176470589,13.777777777777779
2026-01-30,Sociedad B,Las Palmas,1,1,D,2,1,0,0,3,3,5,4,12,12,1,1.4705882352941178,1.0,0.47058823529411775,3.588235294117647,2.0588235294117645,0.11764705882352941,0.0,3.823529411764706,4.0588235294117645,4.235294117647059,3.588235294117647,16.58823529411765,11.529411764705882
2026-01-31,Albacete,Zaragoza,2,0,H,2,3,0,0,6,4,4,3,11,8,0,1.2352941176470589,0.8888888888888888,0.34640522875817004,1.9411764705882353,3.0,0.058823529411764705,0.2222222222222222,5.352941176470588,5.277777777777778,4.0588235294117645,3.8333333333333335,10.058823529411764,12.777777777777779
2026-01-31,Burgos,Leganes,2,1,H,4,2,0,0,1,5,4,4,18,10,1,1.2777777777777777,1.0555555555555556,0.2222222222222221,2.611111111111111,2.6666666666666665,0.05555555555555555,0.16666666666666666,3.8333333333333335,3.611111111111111,3.611111111111111,3.5555555555555554,13.055555555555555,11.277777777777779
2026-01-31,Cultural Leonesa,La Coruna,0,1,A,4,2,0,0,4,7,2,5,12,10,0,0.5882352941176471,1.6666666666666667,-1.0784313725490198,2.1176470588235294,2.6666666666666665,0.058823529411764705,0.0,4.235294117647059,5.055555555555555,3.764705882352941,4.277777777777778,11.941176470588236,10.88888888888889
2026-01-31,Cordoba,Valladolid,3,1,H,3,2,0,1,5,1,9,4,10,11,1,1.2941176470588236,1.1176470588235294,0.17647058823529416,2.411764705882353,3.0,0.11764705882352941,0.17647058823529413,6.235294117647059,4.882352941176471,5.588235294117647,3.7058823529411766,15.647058823529411,15.764705882352942
2026-02-01,Almeria,Ceuta,4,2,H,2,3,0,0,5,2,9,4,21,14,1,2.5294117647058822,0.9444444444444444,1.5849673202614378,2.4705882352941178,2.3333333333333335,0.058823529411764705,0.2222222222222222,6.470588235294118,3.5555555555555554,6.882352941176471,2.7777777777777777,14.352941176470589,12.277777777777779
2026-02-01,Eibar,Sp Gijon,1,0,H,3,2,0,1,8,3,5,3,14,7,0,1.7222222222222223,1.0,0.7222222222222223,2.5555555555555554,2.6470588235294117,0.05555555555555555,0.17647058823529413,5.333333333333333,4.176470588235294,5.388888888888889,3.588235294117647,15.38888888888889,11.352941176470589
2026-02-01,Castellon,Andorra,2,0,H,3,4,0,0,6,6,6,5,27,12,0,2.0588235294117645,1.4444444444444444,0.6143790849673201,3.1176470588235294,2.9444444444444446,0.35294117647058826,0.05555555555555555,5.705882352941177,4.388888888888889,5.176470588235294,4.833333333333333,15.176470588235293,13.833333333333334
2026-02-01,Huesca,Cadiz,1,0,H,3,3,0,1,5,4,4,1,13,11,0,1.1666666666666667,0.9411764705882353,0.22549019607843146,2.7222222222222223,2.2941176470588234,0.16666666666666666,0.058823529411764705,5.333333333333333,3.3529411764705883,3.611111111111111,2.588235294117647,13.222222222222221,14.588235294117647
2026-02-01,Granada,Santander,1,0,H,5,4,0,0,5,4,6,2,17,17,0,1.3888888888888888,1.7058823529411764,-0.31699346405228757,2.3333333333333335,2.9411764705882355,0.2222222222222222,0.23529411764705882,5.333333333333333,4.176470588235294,4.222222222222222,4.0588235294117645,12.38888888888889,12.823529411764707
2026-02-02,Mirandes,Malaga,2,1,H,4,3,0,0,7,6,5,3,11,10,1,0.9444444444444444,1.2352941176470589,-0.29084967320261446,2.7222222222222223,2.2941176470588234,0.05555555555555555,0.17647058823529413,5.222222222222222,4.294117647058823,4.722222222222222,3.823529411764706,15.277777777777779,11.882352941176471
2026-02-06,Leganes,Granada,1,0,H,1,2,0,1,3,5,2,1,14,10,0,1.2352941176470589,1.1176470588235294,0.11764705882352944,2.8823529411764706,2.588235294117647,0.058823529411764705,0.17647058823529413,5.705882352941177,3.2941176470588234,4.470588235294118,3.411764705882353,14.058823529411764,13.470588235294118
2026-02-07,Andorra,Sociedad B,1,2,A,4,5,0,0,2,3,3,2,11,18,1,1.4705882352941178,1.1111111111111112,0.3594771241830066,2.5294117647058822,3.1666666666666665,0.058823529411764705,0.1111111111111111,5.823529411764706,3.611111111111111,5.0588235294117645,4.611111111111111,13.352941176470589,17.055555555555557
2026-02-07,Las Palmas,Burgos,0,0,D,5,3,0,0,8,2,6,1,13,12,0,1.5555555555555556,1.1176470588235294,0.43790849673202614,1.8888888888888888,2.588235294117647,0.2777777777777778,0.0,4.666666666666667,3.5294117647058822,4.777777777777778,2.588235294117647,12.944444444444445,13.176470588235293
2026-02-07,Zaragoza,Eibar,1,1,D,1,4,1,0,5,7,3,2,10,19,1,0.8823529411764706,0.5294117647058824,0.3529411764705882,3.176470588235294,2.4705882352941178,0.4117647058823529,0.11764705882352941,4.352941176470588,3.6470588235294117,3.5294117647058822,2.7058823529411766,12.647058823529411,13.529411764705882
2026-02-08,Valladolid,Castellon,0,4,A,1,2,0,0,3,3,3,4,15,12,0,1.1111111111111112,1.2777777777777777,-0.16666666666666652,2.6666666666666665,2.6666666666666665,0.16666666666666666,0.2777777777777778,6.166666666666667,6.388888888888889,4.777777777777778,4.666666666666667,16.055555555555557,12.777777777777779
2026-02-08,Cadiz,Almeria,1,2,A,4,2,0,0,6,4,6,6,13,9,1,0.9444444444444444,1.3333333333333333,-0.38888888888888884,3.111111111111111,2.9444444444444446,0.1111111111111111,0.16666666666666666,5.722222222222222,3.5,3.611111111111111,4.444444444444445,14.0,13.277777777777779
2026-02-08,La Coruna,Albacete,2,1,H,3,2,0,0,4,1,1,4,7,10,1,1.3529411764705883,1.2777777777777777,0.07516339869281063,2.4705882352941178,2.5555555555555554,0.11764705882352941,0.16666666666666666,5.352941176470588,4.888888888888889,4.294117647058823,4.333333333333333,12.117647058823529,12.61111111111111
2026-02-08,Sp Gijon,Huesca,2,1,H,4,1,0,0,6,4,5,4,15,8,1,1.5555555555555556,0.8235294117647058,0.7320261437908497,2.0,2.0,0.16666666666666666,0.058823529411764705,5.444444444444445,3.764705882352941,5.277777777777778,2.588235294117647,11.722222222222221,12.117647058823529
2026-02-08,Malaga,Cultural Leonesa,2,1,H,2,6,0,0,8,2,8,3,8,17,1,2.0555555555555554,1.1666666666666667,0.8888888888888886,2.3333333333333335,2.5555555555555554,0.1111111111111111,0.16666666666666666,4.0,3.3333333333333335,6.666666666666667,4.277777777777778,12.944444444444445,13.777777777777779
2026-02-09,Santander,Mirandes,1,0,H,4,6,1,1,7,3,7,2,12,15,0,2.388888888888889,1.1764705882352942,1.2124183006535947,2.8333333333333335,3.235294117647059,0.16666666666666666,0.29411764705882354,6.944444444444445,3.235294117647059,6.611111111111111,3.3529411764705883,12.833333333333334,15.117647058823529
2026-02-13,Almeria,Andorra,3,2,H,2,4,0,0,6,5,6,7,12,19,1,2.5294117647058822,1.4444444444444444,1.0849673202614378,2.4705882352941178,2.9444444444444446,0.058823529411764705,0.05555555555555555,6.470588235294118,4.388888888888889,6.882352941176471,4.833333333333333,14.352941176470589,13.833333333333334
2026-02-14,Cordoba,Leganes,2,1,H,1,1,0,0,7,4,6,4,16,6,1,1.2941176470588236,1.0555555555555556,0.23856209150326801,2.411764705882353,2.6666666666666665,0.11764705882352941,0.16666666666666666,6.235294117647059,3.611111111111111,5.588235294117647,3.5555555555555554,15.647058823529411,11.277777777777779
2026-02-14,Burgos,Cadiz,1,1,D,1,2,0,0,6,0,6,3,6,14,1,1.2777777777777777,0.9411764705882353,0.3366013071895424,2.611111111111111,2.2941176470588234,0.05555555555555555,0.058823529411764705,3.8333333333333335,3.3529411764705883,3.611111111111111,2.588235294117647,13.055555555555555,14.588235294117647
2026-02-14,Cultural Leonesa,Zaragoza,0,0,D,1,3,0,0,1,8,2,3,8,16,0,0.5882352941176471,0.8888888888888888,-0.30065359477124176,2.1176470588235294,3.0,0.058823529411764705,0.2222222222222222,4.235294117647059,5.277777777777778,3.764705882352941,3.8333333333333335,11.941176470588236,12.777777777777779
2026-02-14,Granada,Valladolid,5,1,H,1,3,0,1,4,2,9,2,14,15,1,1.3888888888888888,1.1176470588235294,0.2712418300653594,2.3333333333333335,3.0,0.2222222222222222,0.17647058823529413,5.333333333333333,4.882352941176471,4.222222222222222,3.7058823529411766,12.38888888888889,15.764705882352942
2026-02-15,Mirandes,Las Palmas,1,1,D,3,1,0,0,3,5,2,7,19,9,1,0.9444444444444444,1.0,-0.05555555555555558,2.7222222222222223,2.0588235294117645,0.05555555555555555,0.0,5.222222222222222,4.0588235294117645,4.722222222222222,3.588235294117647,15.277777777777779,11.529411764705882
2026-02-15,Eibar,Santander,2,1,H,5,2,0,1,5,5,4,3,15,6,1,1.7222222222222223,1.7058823529411764,0.016339869281045916,2.5555555555555554,2.9411764705882355,0.05555555555555555,0.23529411764705882,5.333333333333333,4.176470588235294,5.388888888888889,4.0588235294117645,15.38888888888889,12.823529411764707
2026-02-15,Huesca,Ceuta,2,0,H,2,1,0,1,2,5,3,4,14,11,0,1.1666666666666667,0.9444444444444444,0.22222222222222232,2.7222222222222223,2.3333333333333335,0.16666666666666666,0.2222222222222222,5.333333333333333,3.5555555555555554,3.611111111111111,2.7777777777777777,13.222222222222221,12.277777777777779
2026-02-15,Albacete,Sp Gijon,1,1,D,1,0,0,0,4,2,2,2,10,12,1,1.2352941176470589,1.0,0.23529411764705888,1.9411764705882353,2.6470588235294117,0.058823529411764705,0.17647058823529413,5.352941176470588,4.176470588235294,4.0588235294117645,3.588235294117647,10.058823529411764,11.352941176470589
2026-02-15,Castellon,La Coruna,2,0,H,3,3,0,0,4,3,3,1,11,9,0,2.0588235294117645,1.6666666666666667,0.39215686274509776,3.1176470588235294,2.6666666666666665,0.35294117647058826,0.0,5.705882352941177,5.055555555555555,5.176470588235294,4.277777777777778,15.176470588235293,10.88888888888889
2026-02-16,Sociedad B,Malaga,2,1,H,5,4,1,0,5,1,8,4,19,14,1,1.4705882352941178,1.2352941176470589,0.23529411764705888,3.588235294117647,2.2941176470588234,0.11764705882352941,0.17647058823529413,3.823529411764706,4.294117647058823,4.235294117647059,3.823529411764706,16.58823529411765,11.882352941176471
2026-02-20,Ceuta,Granada,2,1,H,5,3,0,0,5,5,4,3,19,14,1,1.4705882352941178,1.1176470588235294,0.3529411764705883,2.7058823529411766,2.588235294117647,0.0,0.17647058823529413,4.9411764705882355,3.2941176470588234,4.647058823529412,3.411764705882353,15.352941176470589,13.470588235294118
2026-02-21,Leganes,Cultural Leonesa,1,1,D,3,3,0,0,7,0,1,2,7,14,1,1.2352941176470589,1.1666666666666667,0.06862745098039214,2.8823529411764706,2.5555555555555554,0.058823529411764705,0.16666666666666666,5.705882352941177,3.3333333333333335,4.470588235294118,4.277777777777778,14.058823529411764,13.777777777777779
2026-02-21,Huesca,Mirandes,1,2,A,4,3,0,0,9,4,7,6,9,14,1,1.1666666666666667,1.1764705882352942,-0.009803921568627416,2.7222222222222223,3.235294117647059,0.16666666666666666,0.29411764705882354,5.333333333333333,3.235294117647059,3.611111111111111,3.3529411764705883,13.222222222222221,15.117647058823529
2026-02-21,La Coruna,Eibar,1,0,H,6,1,1,0,6,3,5,2,14,10,0,1.3529411764705883,0.5294117647058824,0.823529411764706,2.4705882352941178,2.4705882352941178,0.11764705882352941,0.11764705882352941,5.352941176470588,3.6470588235294117,4.294117647058823,2.7058823529411766,12.117647058823529,13.529411764705882
2026-02-21,Almeria,Cordoba,2,1,H,2,2,0,0,6,6,4,5,18,11,1,2.5294117647058822,1.3888888888888888,1.1405228758169934,2.4705882352941178,2.8333333333333335,0.058823529411764705,0.05555555555555555,6.470588235294118,5.833333333333333,6.882352941176471,5.0,14.352941176470589,15.944444444444445
2026-02-21,Las Palmas,Castellon,1,1,D,2,3,0,1,4,4,3,6,20,10,1,1.5555555555555556,1.2777777777777777,0.2777777777777779,1.8888888888888888,2.6666666666666665,0.2777777777777778,0.2777777777777778,4.666666666666667,6.388888888888889,4.777777777777778,4.666666666666667,12.944444444444445,12.777777777777779
2026-02-22,Sp Gijon,Valladolid,2,2,D,3,2,0,0,6,3,4,4,10,13,1,1.5555555555555556,1.1176470588235294,0.43790849673202614,2.0,3.0,0.16666666666666666,0.17647058823529413,5.444444444444445,4.882352941176471,5.277777777777778,3.7058823529411766,11.722222222222221,15.764705882352942
2026-02-22,Andorra,Zaragoza,2,1,H,3,4,0,1,6,5,6,2,20,18,1,1.4705882352941178,0.8888888888888888,0.5816993464052289,2.5294117647058822,3.0,0.058823529411764705,0.2222222222222222,5.823529411764706,5.277777777777778,5.0588235294117645,3.8333333333333335,13.352941176470589,12.777777777777779
2026-02-22,Santander,Burgos,1,0,H,3,2,0,0,5,7,3,1,10,8,0,2.388888888888889,1.1176470588235294,1.2712418300653594,2.8333333333333335,2.588235294117647,0.16666666666666666,0.0,6.944444444444445,3.5294117647058822,6.611111111111111,2.588235294117647,12.833333333333334,13.176470588235293
2026-02-22,Malaga,Albacete,1,0,H,2,1,0,0,4,3,8,2,13,17,0,2.0555555555555554,1.2777777777777777,0.7777777777777777,2.3333333333333335,2.5555555555555554,0.1111111111111111,0.16666666666666666,4.0,4.888888888888889,6.666666666666667,4.333333333333333,12.944444444444445,12.61111111111111
2026-02-23,Cadiz,Sociedad B,0,2,A,1,2,0,0,8,3,2,10,12,15,0,0.9444444444444444,1.1111111111111112,-0.16666666666666674,3.111111111111111,3.1666666666666665,0.1111111111111111,0.1111111111111111,5.722222222222222,3.611111111111111,3.611111111111111,4.611111111111111,14.0,17.055555555555557
2026-02-25,Ceuta,Cordoba,3,2,H,4,2,0,0,4,5,3,5,19,17,1,1.4705882352941178,1.3888888888888888,0.08169934640522891,2.7058823529411766,2.8333333333333335,0.0,0.05555555555555555,4.9411764705882355,5.833333333333333,4.647058823529412,5.0,15.352941176470589,15.944444444444445
2026-02-27,Albacete,Almeria,1,1,D,1,1,0,0,5,7,5,5,9,8,1,1.2352941176470589,1.3333333333333333,-0.09803921568627438,1.9411764705882353,2.9444444444444446,0.058823529411764705,0.16666666666666666,5.352941176470588,3.5,4.0588235294117645,4.444444444444445,10.058823529411764,13.277777777777779
2026-02-28,Zaragoza,Burgos,0,1,A,3,2,0,0,5,2,7,3,10,14,0,0.8823529411764706,1.1176470588235294,-0.23529411764705888,3.176470588235294,2.588235294117647,0.4117647058823529,0.0,4.352941176470588,3.5294117647058822,3.5294117647058822,2.588235294117647,12.647058823529411,13.176470588235293
2026-02-28,Granada,Malaga,0,1,A,3,2,0,0,4,4,1,5,13,13,0,1.3888888888888888,1.2352941176470589,0.15359477124182996,2.3333333333333335,2.2941176470588234,0.2222222222222222,0.17647058823529413,5.333333333333333,4.294117647058823,4.222222222222222,3.823529411764706,12.38888888888889,11.882352941176471
2026-02-28,Valladolid,Huesca,1,0,H,2,3,0,0,4,6,7,4,11,12,0,1.1111111111111112,0.8235294117647058,0.2875816993464053,2.6666666666666665,2.0,0.16666666666666666,0.058823529411764705,6.166666666666667,3.764705882352941,4.777777777777778,2.588235294117647,16.055555555555557,12.117647058823529
2026-02-28,Castellon,Santander,1,3,A,2,2,1,0,3,3,3,7,13,13,1,2.0588235294117645,1.7058823529411764,0.3529411764705881,3.1176470588235294,2.9411764705882355,0.35294117647058826,0.23529411764705882,5.705882352941177,4.176470588235294,5.176470588235294,4.0588235294117645,15.176470588235293,12.823529411764707
2026-03-01,Sociedad B,La Coruna,2,3,A,3,1,1,0,5,2,4,4,11,12,1,1.4705882352941178,1.6666666666666667,-0.196078431372549,3.588235294117647,2.6666666666666665,0.11764705882352941,0.0,3.823529411764706,5.055555555555555,4.235294117647059,4.277777777777778,16.58823529411765,10.88888888888889
2026-03-01,Mirandes,Ceuta,0,1,A,0,4,0,1,8,4,10,4,6,18,0,0.9444444444444444,0.9444444444444444,0.0,2.7222222222222223,2.3333333333333335,0.05555555555555555,0.2222222222222222,5.222222222222222,3.5555555555555554,4.722222222222222,2.7777777777777777,15.277777777777779,12.277777777777779
2026-03-01,Cultural Leonesa,Las Palmas,0,3,A,5,4,0,0,5,4,5,5,17,16,0,0.5882352941176471,1.0,-0.4117647058823529,2.1176470588235294,2.0588235294117645,0.058823529411764705,0.0,4.235294117647059,4.0588235294117645,3.764705882352941,3.588235294117647,11.941176470588236,11.529411764705882
2026-03-01,Eibar,Cadiz,3,1,H,0,2,0,0,4,0,7,1,10,12,1,1.7222222222222223,0.9411764705882353,0.781045751633987,2.5555555555555554,2.2941176470588234,0.05555555555555555,0.058823529411764705,5.333333333333333,3.3529411764705883,5.388888888888889,2.588235294117647,15.38888888888889,14.588235294117647
2026-03-02,Sp Gijon,Leganes,0,0,D,2,3,0,0,5,0,4,0,16,11,0,1.5555555555555556,1.0555555555555556,0.5,2.0,2.6666666666666665,0.16666666666666666,0.16666666666666666,5.444444444444445,3.611111111111111,5.277777777777778,3.5555555555555554,11.722222222222221,11.277777777777779
2026-03-02,Cordoba,Andorra,1,4,A,0,4,0,0,9,3,4,8,16,10,1,1.2941176470588236,1.4444444444444444,-0.15032679738562083,2.411764705882353,2.9444444444444446,0.11764705882352941,0.05555555555555555,6.235294117647059,4.388888888888889,5.588235294117647,4.833333333333333,15.647058823529411,13.833333333333334
2026-03-06,Cadiz,Zaragoza,0,1,A,3,2,0,0,6,3,4,3,16,11,0,0.9444444444444444,0.8888888888888888,0.05555555555555558,3.111111111111111,3.0,0.1111111111111111,0.2222222222222222,5.722222222222222,5.277777777777778,3.611111111111111,3.8333333333333335,14.0,12.777777777777779
2026-03-07,Huesca,Albacete,0,0,D,1,2,1,0,5,12,4,6,11,14,0,1.1666666666666667,1.2777777777777777,-0.11111111111111094,2.7222222222222223,2.5555555555555554,0.16666666666666666,0.16666666666666666,5.333333333333333,4.888888888888889,3.611111111111111,4.333333333333333,13.222222222222221,12.61111111111111
2026-03-07,Sociedad B,Castellon,4,2,H,6,3,0,0,2,6,8,8,18,9,1,1.4705882352941178,1.2777777777777777,0.19281045751634007,3.588235294117647,2.6666666666666665,0.11764705882352941,0.2777777777777778,3.823529411764706,6.388888888888889,4.235294117647059,4.666666666666667,16.58823529411765,12.777777777777779
2026-03-07,Burgos,Mirandes,2,0,H,2,5,0,1,1,6,4,6,9,18,0,1.2777777777777777,1.1764705882352942,0.10130718954248352,2.611111111111111,3.235294117647059,0.05555555555555555,0.29411764705882354,3.8333333333333335,3.235294117647059,3.611111111111111,3.3529411764705883,13.055555555555555,15.117647058823529
2026-03-07,Malaga,Valladolid,3,3,D,4,4,1,0,0,9,6,6,15,21,1,2.0555555555555554,1.1176470588235294,0.9379084967320259,2.3333333333333335,3.0,0.1111111111111111,0.17647058823529413,4.0,4.882352941176471,6.666666666666667,3.7058823529411766,12.944444444444445,15.764705882352942
2026-03-08,Las Palmas,Ceuta,4,0,H,0,1,0,0,7,1,9,2,11,13,0,1.5555555555555556,0.9444444444444444,0.6111111111111112,1.8888888888888888,2.3333333333333335,0.2777777777777778,0.2222222222222222,4.666666666666667,3.5555555555555554,4.777777777777778,2.7777777777777777,12.944444444444445,12.277777777777779
2026-03-08,Andorra,Sp Gijon,1,0,H,4,2,0,0,9,0,3,0,8,11,0,1.4705882352941178,1.0,0.47058823529411775,2.5294117647058822,2.6470588235294117,0.058823529411764705,0.17647058823529413,5.823529411764706,4.176470588235294,5.0588235294117645,3.588235294117647,13.352941176470589,11.352941176470589
2026-03-08,Leganes,Eibar,0,1,A,4,0,0,0,10,2,3,6,14,14,0,1.2352941176470589,0.5294117647058824,0.7058823529411765,2.8823529411764706,2.4705882352941178,0.058823529411764705,0.11764705882352941,5.705882352941177,3.6470588235294117,4.470588235294118,2.7058823529411766,14.058823529411764,13.529411764705882
2026-03-08,Santander,Cordoba,4,3,H,2,3,0,0,6,7,8,9,10,13,1,2.388888888888889,1.3888888888888888,1.0,2.8333333333333335,2.8333333333333335,0.16666666666666666,0.05555555555555555,6.944444444444445,5.833333333333333,6.611111111111111,5.0,12.833333333333334,15.944444444444445
2026-03-08,La Coruna,Granada,0,2,A,0,0,0,0,10,4,3,5,10,8,0,1.3529411764705883,1.1176470588235294,0.23529411764705888,2.4705882352941178,2.588235294117647,0.11764705882352941,0.17647058823529413,5.352941176470588,3.2941176470588234,4.294117647058823,3.411764705882353,12.117647058823529,13.470588235294118
2026-03-09,Almeria,Cultural Leonesa,3,0,H,1,2,0,0,1,2,4,2,9,13,0,2.5294117647058822,1.1666666666666667,1.3627450980392155,2.4705882352941178,2.5555555555555554,0.058823529411764705,0.16666666666666666,6.470588235294118,3.3333333333333335,6.882352941176471,4.277777777777778,14.352941176470589,13.777777777777779
2026-03-13,Mirandes,Cadiz,0,2,A,0,0,0,0,3,2,6,6,9,13,0,0.9444444444444444,0.9411764705882353,0.0032679738562091387,2.7222222222222223,2.2941176470588234,0.05555555555555555,0.058823529411764705,5.222222222222222,3.3529411764705883,4.722222222222222,2.588235294117647,15.277777777777779,14.588235294117647
2026-03-14,Cultural Leonesa,Santander,1,2,A,3,1,0,0,6,3,6,3,10,4,1,0.5882352941176471,1.7058823529411764,-1.1176470588235294,2.1176470588235294,2.9411764705882355,0.058823529411764705,0.23529411764705882,4.235294117647059,4.176470588235294,3.764705882352941,4.0588235294117645,11.941176470588236,12.823529411764707
2026-03-14,Valladolid,Leganes,3,2,H,2,2,0,0,3,4,8,4,16,9,1,1.1111111111111112,1.0555555555555556,0.05555555555555558,2.6666666666666665,2.6666666666666665,0.16666666666666666,0.16666666666666666,6.166666666666667,3.611111111111111,4.777777777777778,3.5555555555555554,16.055555555555557,11.277777777777779
2026-03-14,Zaragoza,Almeria,2,0,H,5,4,0,0,5,5,4,1,11,13,0,0.8823529411764706,1.3333333333333333,-0.4509803921568627,3.176470588235294,2.9444444444444446,0.4117647058823529,0.16666666666666666,4.352941176470588,3.5,3.5294117647058822,4.444444444444445,12.647058823529411,13.277777777777779
2026-03-14,Ceuta,La Coruna,1,2,A,2,4,0,0,3,4,5,5,11,11,1,1.4705882352941178,1.6666666666666667,-0.196078431372549,2.7058823529411766,2.6666666666666665,0.0,0.0,4.9411764705882355,5.055555555555555,4.647058823529412,4.277777777777778,15.352941176470589,10.88888888888889
2026-03-15,Cordoba,Sociedad B,0,2,A,2,5,0,1,16,2,6,5,16,20,0,1.2941176470588236,1.1111111111111112,0.18300653594771243,2.411764705882353,3.1666666666666665,0.11764705882352941,0.1111111111111111,6.235294117647059,3.611111111111111,5.588235294117647,4.611111111111111,15.647058823529411,17.055555555555557
2026-03-15,Granada,Andorra,1,1,D,4,3,0,0,6,9,5,4,12,15,1,1.3888888888888888,1.4444444444444444,-0.05555555555555558,2.3333333333333335,2.9444444444444446,0.2222222222222222,0.05555555555555555,5.333333333333333,4.388888888888889,4.222222222222222,4.833333333333333,12.38888888888889,13.833333333333334
2026-03-15,Eibar,Burgos,0,0,D,3,2,0,0,6,2,3,2,19,10,0,1.7222222222222223,1.1176470588235294,0.6045751633986929,2.5555555555555554,2.588235294117647,0.05555555555555555,0.0,5.333333333333333,3.5294117647058822,5.388888888888889,2.588235294117647,15.38888888888889,13.176470588235293
2026-03-15,Malaga,Huesca,5,3,H,3,1,0,0,2,5,10,5,10,10,1,2.0555555555555554,0.8235294117647058,1.2320261437908495,2.3333333333333335,2.0,0.1111111111111111,0.058823529411764705,4.0,3.764705882352941,6.666666666666667,2.588235294117647,12.944444444444445,12.117647058823529
2026-03-15,Sp Gijon,Castellon,4,1,H,2,3,0,1,1,5,6,5,7,10,1,1.5555555555555556,1.2777777777777777,0.2777777777777779,2.0,2.6666666666666665,0.16666666666666666,0.2777777777777778,5.444444444444445,6.388888888888889,5.277777777777778,4.666666666666667,11.722222222222221,12.777777777777779
2026-03-16,Albacete,Las Palmas,2,1,H,3,2,0,0,4,2,4,4,17,9,1,1.2352941176470589,1.0,0.23529411764705888,1.9411764705882353,2.0588235294117645,0.058823529411764705,0.0,5.352941176470588,4.0588235294117645,4.0588235294117645,3.588235294117647,10.058823529411764,11.529411764705882
2026-03-20,Huesca,Almeria,1,3,A,1,2,0,1,4,5,4,8,10,19,1,1.1666666666666667,1.3333333333333333,-0.16666666666666652,2.7222222222222223,2.9444444444444446,0.16666666666666666,0.16666666666666666,5.333333333333333,3.5,3.611111111111111,4.444444444444445,13.222222222222221,13.277777777777779
2026-03-21,Leganes,Ceuta,5,2,H,5,2,0,0,4,7,8,5,19,8,1,1.2352941176470589,0.9444444444444444,0.29084967320261446,2.8823529411764706,2.3333333333333335,0.058823529411764705,0.2222222222222222,5.705882352941177,3.5555555555555554,4.470588235294118,2.7777777777777777,14.058823529411764,12.277777777777779
2026-03-21,Andorra,Eibar,0,1,A,4,4,0,0,5,4,3,2,8,11,0,1.4705882352941178,0.5294117647058824,0.9411764705882354,2.5294117647058822,2.4705882352941178,0.058823529411764705,0.11764705882352941,5.823529411764706,3.6470588235294117,5.0588235294117645,2.7058823529411766,13.352941176470589,13.529411764705882
2026-03-21,Santander,Albacete,0,4,A,4,5,1,0,6,5,5,5,12,12,0,2.388888888888889,1.2777777777777777,1.1111111111111112,2.8333333333333335,2.5555555555555554,0.16666666666666666,0.16666666666666666,6.944444444444445,4.888888888888889,6.611111111111111,4.333333333333333,12.833333333333334,12.61111111111111
2026-03-21,Cadiz,Malaga,0,3,A,2,0,0,0,4,2,1,6,15,7,0,0.9444444444444444,1.2352941176470589,-0.29084967320261446,3.111111111111111,2.2941176470588234,0.1111111111111111,0.17647058823529413,5.722222222222222,4.294117647058823,3.611111111111111,3.823529411764706,14.0,11.882352941176471
2026-03-21,La Coruna,Zaragoza,2,1,H,3,3,0,0,7,1,4,4,12,6,1,1.3529411764705883,0.8888888888888888,0.4640522875816995,2.4705882352941178,3.0,0.11764705882352941,0.2222222222222222,5.352941176470588,5.277777777777778,4.294117647058823,3.8333333333333335,12.117647058823529,12.777777777777779
2026-03-22,Burgos,Cordoba,4,0,H,2,4,0,0,5,15,6,2,11,19,0,1.2777777777777777,1.3888888888888888,-0.11111111111111116,2.611111111111111,2.8333333333333335,0.05555555555555555,0.05555555555555555,3.8333333333333335,5.833333333333333,3.611111111111111,5.0,13.055555555555555,15.944444444444445
2026-03-22,Mirandes,Valladolid,2,1,H,1,2,0,0,8,4,7,4,11,16,1,0.9444444444444444,1.1176470588235294,-0.17320261437908502,2.7222222222222223,3.0,0.05555555555555555,0.17647058823529413,5.222222222222222,4.882352941176471,4.722222222222222,3.7058823529411766,15.277777777777779,15.764705882352942
2026-03-22,Sociedad B,Granada,0,2,A,5,5,0,0,7,5,5,4,15,17,0,1.4705882352941178,1.1176470588235294,0.3529411764705883,3.588235294117647,2.588235294117647,0.11764705882352941,0.17647058823529413,3.823529411764706,3.2941176470588234,4.235294117647059,3.411764705882353,16.58823529411765,13.470588235294118
2026-03-22,Las Palmas,Sp Gijon,1,0,H,1,0,0,0,7,8,5,4,6,12,0,1.5555555555555556,1.0,0.5555555555555556,1.8888888888888888,2.6470588235294117,0.2777777777777778,0.17647058823529413,4.666666666666667,4.176470588235294,4.777777777777778,3.588235294117647,12.944444444444445,11.352941176470589
2026-03-23,Castellon,Cultural Leonesa,1,1,D,3,5,0,0,1,4,4,5,13,20,1,2.0588235294117645,1.1666666666666667,0.8921568627450978,3.1176470588235294,2.5555555555555554,0.35294117647058826,0.16666666666666666,5.705882352941177,3.3333333333333335,5.176470588235294,4.277777777777778,15.176470588235293,13.777777777777779
2026-03-27,Cordoba,Mirandes,2,2,D,3,2,0,0,4,3,10,3,19,15,1,1.2941176470588236,1.1764705882352942,0.11764705882352944,2.411764705882353,3.235294117647059,0.11764705882352941,0.29411764705882354,6.235294117647059,3.235294117647059,5.588235294117647,3.3529411764705883,15.647058823529411,15.117647058823529
2026-03-28,Ceuta,Cadiz,2,1,H,2,4,0,0,2,2,3,1,15,19,1,1.4705882352941178,0.9411764705882353,0.5294117647058825,2.7058823529411766,2.2941176470588234,0.0,0.058823529411764705,4.9411764705882355,3.3529411764705883,4.647058823529412,2.588235294117647,15.352941176470589,14.588235294117647
2026-03-28,Granada,Huesca,4,2,H,2,4,0,0,2,6,4,3,11,15,1,1.3888888888888888,0.8235294117647058,0.565359477124183,2.3333333333333335,2.0,0.2222222222222222,0.058823529411764705,5.333333333333333,3.764705882352941,4.222222222222222,2.588235294117647,12.38888888888889,12.117647058823529
2026-03-28,Valladolid,Burgos,0,1,A,2,5,0,0,6,1,4,2,17,12,0,1.1111111111111112,1.1176470588235294,-0.006535947712418277,2.6666666666666665,2.588235294117647,0.16666666666666666,0.0,6.166666666666667,3.5294117647058822,4.777777777777778,2.588235294117647,16.055555555555557,13.176470588235293
2026-03-28,Malaga,Leganes,0,0,D,0,3,0,0,9,5,6,3,10,14,0,2.0555555555555554,1.0555555555555556,0.9999999999999998,2.3333333333333335,2.6666666666666665,0.1111111111111111,0.16666666666666666,4.0,3.611111111111111,6.666666666666667,3.5555555555555554,12.944444444444445,11.277777777777779
2026-03-28,Albacete,Castellon,1,1,D,4,6,0,1,6,8,4,6,12,16,1,1.2352941176470589,1.2777777777777777,-0.0424836601307188,1.9411764705882353,2.6666666666666665,0.058823529411764705,0.2777777777777778,5.352941176470588,6.388888888888889,4.0588235294117645,4.666666666666667,10.058823529411764,12.777777777777779
2026-03-28,Sp Gijon,La Coruna,1,1,D,1,3,0,0,7,12,2,2,6,6,1,1.5555555555555556,1.6666666666666667,-0.11111111111111116,2.0,2.6666666666666665,0.16666666666666666,0.0,5.444444444444445,5.055555555555555,5.277777777777778,4.277777777777778,11.722222222222221,10.88888888888889
2026-03-29,Eibar,Las Palmas,3,1,H,4,2,0,0,2,10,7,4,15,7,1,1.7222222222222223,1.0,0.7222222222222223,2.5555555555555554,2.0588235294117645,0.05555555555555555,0.0,5.333333333333333,4.0588235294117645,5.388888888888889,3.588235294117647,15.38888888888889,11.529411764705882
2026-03-29,Cultural Leonesa,Andorra,0,4,A,3,2,0,0,1,2,6,7,15,15,0,0.5882352941176471,1.4444444444444444,-0.8562091503267973,2.1176470588235294,2.9444444444444446,0.058823529411764705,0.05555555555555555,4.235294117647059,4.388888888888889,3.764705882352941,4.833333333333333,11.941176470588236,13.833333333333334
2026-03-29,Zaragoza,Santander,2,0,H,3,3,0,0,6,7,7,2,14,13,0,0.8823529411764706,1.7058823529411764,-0.8235294117647058,3.176470588235294,2.9411764705882355,0.4117647058823529,0.23529411764705882,4.352941176470588,4.176470588235294,3.5294117647058822,4.0588235294117645,12.647058823529411,12.823529411764707
2026-03-29,Almeria,Sociedad B,5,1,H,2,5,0,0,7,7,10,6,13,15,1,2.5294117647058822,1.1111111111111112,1.418300653594771,2.4705882352941178,3.1666666666666665,0.058823529411764705,0.1111111111111111,6.470588235294118,3.611111111111111,6.882352941176471,4.611111111111111,14.352941176470589,17.055555555555557
2026-03-31,Mirandes,Albacete,1,1,D,1,4,0,0,9,3,5,3,9,12,1,0.9444444444444444,1.2777777777777777,-0.33333333333333326,2.7222222222222223,2.5555555555555554,0.05555555555555555,0.16666666666666666,5.222222222222222,4.888888888888889,4.722222222222222,4.333333333333333,15.277777777777779,12.61111111111111
2026-03-31,La Coruna,Cordoba,2,0,H,1,1,0,0,2,8,4,2,23,18,0,1.3529411764705883,1.3888888888888888,-0.035947712418300526,2.4705882352941178,2.8333333333333335,0.11764705882352941,0.05555555555555555,5.352941176470588,5.833333333333333,4.294117647058823,5.0,12.117647058823529,15.944444444444445
2026-03-31,Valladolid,Cadiz,3,0,H,0,1,0,0,7,2,6,1,13,13,0,1.1111111111111112,0.9411764705882353,0.16993464052287588,2.6666666666666665,2.2941176470588234,0.16666666666666666,0.058823529411764705,6.166666666666667,3.3529411764705883,4.777777777777778,2.588235294117647,16.055555555555557,14.588235294117647
2026-04-01,Andorra,Malaga,3,3,D,4,3,0,0,8,5,8,6,17,16,1,1.4705882352941178,1.2352941176470589,0.23529411764705888,2.5294117647058822,2.2941176470588234,0.058823529411764705,0.17647058823529413,5.823529411764706,4.294117647058823,5.0588235294117645,3.823529411764706,13.352941176470589,11.882352941176471
2026-04-01,Burgos,Ceuta,1,1,D,2,2,0,0,8,3,3,1,15,6,1,1.2777777777777777,0.9444444444444444,0.33333333333333326,2.611111111111111,2.3333333333333335,0.05555555555555555,0.2222222222222222,3.8333333333333335,3.5555555555555554,3.611111111111111,2.7777777777777777,13.055555555555555,12.277777777777779
2026-04-01,Huesca,Cultural Leonesa,1,1,D,6,4,0,0,5,5,2,6,12,13,1,1.1666666666666667,1.1666666666666667,0.0,2.7222222222222223,2.5555555555555554,0.16666666666666666,0.16666666666666666,5.333333333333333,3.3333333333333335,3.611111111111111,4.277777777777778,13.222222222222221,13.777777777777779
2026-04-01,Santander,Sp Gijon,3,1,H,4,2,0,0,3,7,7,5,16,12,1,2.388888888888889,1.0,1.3888888888888888,2.8333333333333335,2.6470588235294117,0.16666666666666666,0.17647058823529413,6.944444444444445,4.176470588235294,6.611111111111111,3.588235294117647,12.833333333333334,11.352941176470589
2026-04-02,Las Palmas,Granada,2,0,H,2,1,0,0,4,3,4,3,9,12,0,1.5555555555555556,1.1176470588235294,0.43790849673202614,1.8888888888888888,2.588235294117647,0.2777777777777778,0.17647058823529413,4.666666666666667,3.2941176470588234,4.777777777777778,3.411764705882353,12.944444444444445,13.470588235294118
2026-04-02,Castellon,Almeria,2,0,H,3,4,1,0,8,5,6,3,16,12,0,2.0588235294117645,1.3333333333333333,0.7254901960784312,3.1176470588235294,2.9444444444444446,0.35294117647058826,0.16666666666666666,5.705882352941177,3.5,5.176470588235294,4.444444444444445,15.176470588235293,13.277777777777779
2026-04-02,Sociedad B,Eibar,0,1,A,1,2,0,0,10,3,2,5,6,15,0,1.4705882352941178,0.5294117647058824,0.9411764705882354,3.588235294117647,2.4705882352941178,0.11764705882352941,0.11764705882352941,3.823529411764706,3.6470588235294117,4.235294117647059,2.7058823529411766,16.58823529411765,13.529411764705882
2026-04-02,Leganes,Zaragoza,1,1,D,2,0,0,0,3,10,5,8,16,9,1,1.2352941176470589,0.8888888888888888,0.34640522875817004,2.8823529411764706,3.0,0.058823529411764705,0.2222222222222222,5.705882352941177,5.277777777777778,4.470588235294118,3.8333333333333335,14.058823529411764,12.777777777777779
2026-04-04,Cadiz,Cordoba,1,3,A,3,3,1,0,1,5,2,9,17,19,1,0.9444444444444444,1.3888888888888888,-0.4444444444444444,3.111111111111111,2.8333333333333335,0.1111111111111111,0.05555555555555555,5.722222222222222,5.833333333333333,3.611111111111111,5.0,14.0,15.944444444444445
2026-04-04,Albacete,Burgos,2,3,A,4,2,0,0,5,2,1,4,11,17,1,1.2352941176470589,1.1176470588235294,0.11764705882352944,1.9411764705882353,2.588235294117647,0.058823529411764705,0.0,5.352941176470588,3.5294117647058822,4.0588235294117645,2.588235294117647,10.058823529411764,13.176470588235293
2026-04-04,Cultural Leonesa,Valladolid,1,0,H,7,3,0,0,3,2,3,2,16,12,0,0.5882352941176471,1.1176470588235294,-0.5294117647058824,2.1176470588235294,3.0,0.058823529411764705,0.17647058823529413,4.235294117647059,4.882352941176471,3.764705882352941,3.7058823529411766,11.941176470588236,15.764705882352942
2026-04-04,La Coruna,Malaga,1,1,D,2,4,0,0,11,9,6,1,10,13,1,1.3529411764705883,1.2352941176470589,0.11764705882352944,2.4705882352941178,2.2941176470588234,0.11764705882352941,0.17647058823529413,5.352941176470588,4.294117647058823,4.294117647058823,3.823529411764706,12.117647058823529,11.882352941176471
2026-04-05,Eibar,Ceuta,3,0,H,2,2,0,0,6,2,6,1,14,13,0,1.7222222222222223,0.9444444444444444,0.7777777777777779,2.5555555555555554,2.3333333333333335,0.05555555555555555,0.2222222222222222,5.333333333333333,3.5555555555555554,5.388888888888889,2.7777777777777777,15.38888888888889,12.277777777777779
2026-04-05,Andorra,Santander,6,2,H,1,4,0,1,6,2,9,3,12,17,1,1.4705882352941178,1.7058823529411764,-0.23529411764705865,2.5294117647058822,2.9411764705882355,0.058823529411764705,0.23529411764705882,5.823529411764706,4.176470588235294,5.0588235294117645,4.0588235294117645,13.352941176470589,12.823529411764707
2026-04-05,Almeria,Leganes,2,1,H,3,2,0,0,5,1,7,3,13,11,1,2.5294117647058822,1.0555555555555556,1.4738562091503267,2.4705882352941178,2.6666666666666665,0.058823529411764705,0.16666666666666666,6.470588235294118,3.611111111111111,6.882352941176471,3.5555555555555554,14.352941176470589,11.277777777777779
2026-04-05,Las Palmas,Huesca,2,1,H,0,2,0,0,4,1,4,4,12,19,1,1.5555555555555556,0.8235294117647058,0.7320261437908497,1.8888888888888888,2.0,0.2777777777777778,0.058823529411764705,4.666666666666667,3.764705882352941,4.777777777777778,2.588235294117647,12.944444444444445,12.117647058823529
2026-04-05,Zaragoza,Mirandes,1,2,A,5,8,0,0,6,6,4,3,16,22,1,0.8823529411764706,1.1764705882352942,-0.2941176470588236,3.176470588235294,3.235294117647059,0.4117647058823529,0.29411764705882354,4.352941176470588,3.235294117647059,3.5294117647058822,3.3529411764705883,12.647058823529411,15.117647058823529
2026-04-06,Castellon,Granada,3,2,H,2,3,0,0,6,4,3,6,22,15,1,2.0588235294117645,1.1176470588235294,0.9411764705882351,3.1176470588235294,2.588235294117647,0.35294117647058826,0.17647058823529413,5.705882352941177,3.2941176470588234,5.176470588235294,3.411764705882353,15.176470588235293,13.470588235294118
2026-04-06,Sp Gijon,Sociedad B,1,0,H,1,3,0,0,8,3,11,2,7,11,0,1.5555555555555556,1.1111111111111112,0.4444444444444444,2.0,3.1666666666666665,0.16666666666666666,0.1111111111111111,5.444444444444445,3.611111111111111,5.277777777777778,4.611111111111111,11.722222222222221,17.055555555555557
2026-04-10,Ceuta,Sociedad B,0,0,D,2,4,0,0,4,3,4,3,17,25,0,1.4705882352941178,1.1111111111111112,0.3594771241830066,2.7058823529411766,3.1666666666666665,0.0,0.1111111111111111,4.9411764705882355,3.611111111111111,4.647058823529412,4.611111111111111,15.352941176470589,17.055555555555557
2026-04-11,Burgos,Sp Gijon,1,0,H,3,3,0,0,2,4,4,0,12,12,0,1.2777777777777777,1.0,0.2777777777777777,2.611111111111111,2.6470588235294117,0.05555555555555555,0.17647058823529413,3.8333333333333335,4.176470588235294,3.611111111111111,3.588235294117647,13.055555555555555,11.352941176470589
2026-04-11,Leganes,Albacete,2,1,H,1,3,0,0,10,4,5,3,16,13,1,1.2352941176470589,1.2777777777777777,-0.0424836601307188,2.8823529411764706,2.5555555555555554,0.058823529411764705,0.16666666666666666,5.705882352941177,4.888888888888889,4.470588235294118,4.333333333333333,14.058823529411764,12.61111111111111
2026-04-11,Malaga,Las Palmas,2,0,H,1,1,0,0,5,5,5,3,14,9,0,2.0555555555555554,1.0,1.0555555555555554,2.3333333333333335,2.0588235294117645,0.1111111111111111,0.0,4.0,4.0588235294117645,6.666666666666667,3.588235294117647,12.944444444444445,11.529411764705882
2026-04-11,Cordoba,Zaragoza,1,0,H,3,6,0,0,5,5,4,2,16,16,0,1.2941176470588236,0.8888888888888888,0.40522875816993476,2.411764705882353,3.0,0.11764705882352941,0.2222222222222222,6.235294117647059,5.277777777777778,5.588235294117647,3.8333333333333335,15.647058823529411,12.777777777777779
2026-04-12,Granada,Cultural Leonesa,1,0,H,5,4,2,1,4,3,5,3,13,18,0,1.3888888888888888,1.1666666666666667,0.2222222222222221,2.3333333333333335,2.5555555555555554,0.2222222222222222,0.16666666666666666,5.333333333333333,3.3333333333333335,4.222222222222222,4.277777777777778,12.38888888888889,13.777777777777779
2026-04-12,Huesca,La Coruna,1,1,D,2,2,1,0,6,9,2,3,14,6,1,1.1666666666666667,1.6666666666666667,-0.5,2.7222222222222223,2.6666666666666665,0.16666666666666666,0.0,5.333333333333333,5.055555555555555,3.611111111111111,4.277777777777778,13.222222222222221,10.88888888888889
2026-04-12,Cadiz,Andorra,0,1,A,4,2,0,0,6,3,5,3,14,13,0,0.9444444444444444,1.4444444444444444,-0.5,3.111111111111111,2.9444444444444446,0.1111111111111111,0.05555555555555555,5.722222222222222,4.388888888888889,3.611111111111111,4.833333333333333,14.0,13.833333333333334
2026-04-12,Mirandes,Castellon,2,2,D,0,1,0,1,8,7,7,6,14,14,1,0.9444444444444444,1.2777777777777777,-0.33333333333333326,2.7222222222222223,2.6666666666666665,0.05555555555555555,0.2777777777777778,5.222222222222222,6.388888888888889,4.722222222222222,4.666666666666667,15.277777777777779,12.777777777777779
2026-04-12,Santander,Almeria,5,1,H,4,2,1,1,8,0,13,3,15,13,1,2.388888888888889,1.3333333333333333,1.0555555555555556,2.8333333333333335,2.9444444444444446,0.16666666666666666,0.16666666666666666,6.944444444444445,3.5,6.611111111111111,4.444444444444445,12.833333333333334,13.277777777777779
2026-04-13,Valladolid,Eibar,0,0,D,2,5,0,0,9,1,2,0,12,19,0,1.1111111111111112,0.5294117647058824,0.5816993464052288,2.6666666666666665,2.4705882352941178,0.16666666666666666,0.11764705882352941,6.166666666666667,3.6470588235294117,4.777777777777778,2.7058823529411766,16.055555555555557,13.529411764705882
2025-08-23,Genoa,Lecce,0,0,D,2,3,0,0,3,7,2,0,16,13,0,1.2352941176470589,0.625,0.6102941176470589,1.7647058823529411,1.5,0.11764705882352941,0.0,3.7058823529411766,4.375,4.176470588235294,1.9375,12.882352941176471,12.9375
2025-08-23,Sassuolo,Napoli,0,2,A,3,1,1,0,1,2,2,4,17,17,0,1.1875,1.2941176470588236,-0.1066176470588236,1.9375,1.588235294117647,0.1875,0.11764705882352941,3.9375,4.764705882352941,3.5,4.352941176470588,11.6875,11.588235294117647
2025-08-23,Milan,Cremonese,1,2,A,1,4,0,0,9,2,6,3,10,14,1,1.375,0.7647058823529411,0.6102941176470589,1.8125,2.0,0.0625,0.11764705882352941,5.375,3.235294117647059,5.0,2.764705882352941,10.375,14.117647058823529
2025-08-23,Roma,Bologna,1,0,H,1,1,0,0,2,4,4,2,15,13,0,1.625,1.625,0.0,1.5625,2.3125,0.0,0.25,5.625,4.0,4.75,3.9375,13.1875,14.6875
2025-08-24,Cagliari,Fiorentina,1,1,D,4,2,0,0,3,2,6,1,18,14,1,1.0625,1.0625,0.0,2.0,2.125,0.0625,0.125,4.0625,3.5,3.25,2.8125,14.8125,13.3125
2025-08-24,Como,Lazio,2,0,H,2,3,0,0,6,0,6,1,15,12,0,2.0,0.625,1.375,2.0,1.75,0.17647058823529413,0.125,4.529411764705882,3.0625,6.352941176470588,3.4375,12.764705882352942,9.75
2025-08-24,Atalanta,Pisa,1,1,D,2,0,0,0,10,4,6,2,9,10,1,1.4705882352941178,1.0,0.47058823529411775,1.2352941176470589,2.0,0.0,0.0625,7.176470588235294,3.5625,5.176470588235294,2.625,10.941176470588236,13.0625
2025-08-24,Juventus,Parma,2,0,H,1,2,1,0,6,6,8,2,9,13,0,2.0,0.6875,1.3125,1.0625,1.875,0.0625,0.125,6.0625,3.5625,6.875,2.8125,11.375,11.0625
2025-08-25,Udinese,Verona,1,1,D,3,2,0,0,5,1,4,3,14,14,1,1.0,0.6470588235294118,0.3529411764705882,1.8125,2.5294117647058822,0.0,0.17647058823529413,4.375,3.235294117647059,3.8125,3.411764705882353,14.5625,16.705882352941178
2025-08-25,Inter,Torino,5,0,H,0,0,0,0,6,5,9,4,14,6,0,2.75,1.0,1.75,1.5625,2.0,0.0,0.0625,7.375,3.75,7.125,4.0625,13.5,14.3125
2025-08-29,Cremonese,Sassuolo,3,2,H,2,2,0,0,5,4,6,6,12,17,1,0.8666666666666667,1.25,-0.3833333333333333,2.066666666666667,2.5,0.06666666666666667,0.0625,3.3333333333333335,3.8125,3.6,3.9375,13.533333333333333,12.25
2025-08-29,Lecce,Milan,0,2,A,1,0,0,0,4,5,2,6,10,8,0,0.6875,1.5625,-0.875,1.8125,1.3125,0.125,0.0625,4.5625,3.75,2.6875,3.6875,12.625,9.3125
2025-08-30,Bologna,Como,1,0,H,4,3,0,0,7,4,2,2,13,19,0,1.0,1.4666666666666666,-0.46666666666666656,1.4375,2.2666666666666666,0.125,0.0,5.25,3.533333333333333,3.9375,3.933333333333333,12.75,14.6
2025-08-30,Parma,Atalanta,1,1,D,2,2,0,0,1,2,3,3,8,15,1,0.75,1.2666666666666666,-0.5166666666666666,1.6875,1.9333333333333333,0.125,0.13333333333333333,4.25,4.533333333333333,2.8125,4.0,10.8125,11.8
2025-08-30,Napoli,Cagliari,1,0,H,2,1,0,0,13,0,6,1,16,12,0,1.7333333333333334,1.0,0.7333333333333334,1.1333333333333333,2.625,0.0,0.0625,6.0,3.0625,5.266666666666667,3.375,11.933333333333334,14.625
2025-08-30,Pisa,Roma,0,1,A,2,1,0,0,1,7,3,5,14,10,0,0.4375,1.1875,-0.75,1.875,2.125,0.125,0.125,3.75,4.25,2.875,3.9375,12.75,15.4375
2025-08-31,Genoa,Juventus,0,1,A,1,2,0,0,3,4,1,3,14,15,0,1.2352941176470589,1.4375,-0.20220588235294112,1.7647058823529411,1.625,0.11764705882352941,0.0625,3.7058823529411766,4.1875,4.176470588235294,5.125,12.882352941176471,13.0625
2025-08-31,Torino,Fiorentina,0,0,D,2,2,0,0,7,3,4,4,21,13,0,1.3125,1.0625,0.25,1.75,2.125,0.0,0.125,4.0,3.5,4.375,2.8125,14.0625,13.3125
2025-08-31,Inter,Udinese,1,2,A,1,3,0,0,13,2,4,5,17,5,1,2.75,1.375,1.375,1.5625,2.0625,0.0,0.125,7.375,4.25,7.125,3.5625,13.5,13.4375
2025-08-31,Lazio,Verona,4,0,H,0,0,0,0,8,1,6,4,8,19,0,1.375,0.6470588235294118,0.7279411764705882,2.1875,2.5294117647058822,0.3125,0.17647058823529413,4.5625,3.235294117647059,4.375,3.411764705882353,10.6875,16.705882352941178
2025-09-13,Cagliari,Parma,2,0,H,3,1,0,0,4,5,5,5,15,18,0,1.0625,0.6875,0.375,2.0,1.875,0.0625,0.125,4.0625,3.5625,3.25,2.8125,14.8125,11.0625
2025-09-13,Juventus,Inter,4,3,H,2,1,0,0,5,9,4,4,14,10,1,2.0,1.9375,0.0625,1.0625,2.0,0.0625,0.0,6.0625,5.6875,6.875,5.25,11.375,13.625
2025-09-13,Fiorentina,Napoli,1,3,A,0,0,0,0,8,5,3,9,14,14,1,1.25,1.2941176470588236,-0.044117647058823595,2.3125,1.588235294117647,0.0,0.11764705882352941,5.625,4.764705882352941,4.25,4.352941176470588,11.875,11.588235294117647
2025-09-14,Roma,Torino,0,1,A,2,3,0,0,7,4,5,4,11,17,0,1.625,1.0,0.625,1.5625,2.0,0.0,0.0625,5.625,3.75,4.75,4.0625,13.1875,14.3125
2025-09-14,Atalanta,Lecce,4,1,H,0,0,0,0,8,2,8,3,12,7,1,1.4705882352941178,0.625,0.8455882352941178,1.2352941176470589,1.5,0.0,0.0,7.176470588235294,4.375,5.176470588235294,1.9375,10.941176470588236,12.9375
2025-09-14,Pisa,Udinese,0,1,A,1,2,0,0,8,6,2,3,13,15,0,0.4375,1.375,-0.9375,1.875,2.0625,0.125,0.125,3.75,4.25,2.875,3.5625,12.75,13.4375
2025-09-14,Sassuolo,Lazio,1,0,H,6,3,0,0,3,7,3,3,15,11,0,1.1875,0.625,0.5625,1.9375,1.75,0.1875,0.125,3.9375,3.0625,3.5,3.4375,11.6875,9.75
2025-09-14,Milan,Bologna,1,0,H,3,2,0,0,7,4,3,0,17,16,0,1.375,1.625,-0.25,1.8125,2.3125,0.0625,0.25,5.375,4.0,5.0,3.9375,10.375,14.6875
2025-09-15,Verona,Cremonese,0,0,D,2,1,0,0,10,1,9,2,18,3,0,0.8,0.7647058823529411,0.03529411764705892,2.1333333333333333,2.0,0.06666666666666667,0.11764705882352941,4.733333333333333,3.235294117647059,4.266666666666667,2.764705882352941,15.066666666666666,14.117647058823529
2025-09-15,Como,Genoa,1,1,D,2,2,1,0,0,8,4,6,13,17,1,2.0,1.1333333333333333,0.8666666666666667,2.0,1.8666666666666667,0.17647058823529413,0.06666666666666667,4.529411764705882,3.6666666666666665,6.352941176470588,3.8666666666666667,12.764705882352942,12.333333333333334
2025-09-19,Lecce,Cagliari,1,2,A,2,3,0,0,4,7,5,6,10,19,1,0.6875,1.0,-0.3125,1.8125,2.625,0.125,0.0625,4.5625,3.0625,2.6875,3.375,12.625,14.625
2025-09-20,Bologna,Genoa,2,1,H,1,5,0,0,8,2,6,4,12,15,1,1.0,1.1333333333333333,-0.1333333333333333,1.4375,1.8666666666666667,0.125,0.06666666666666667,5.25,3.6666666666666665,3.9375,3.8666666666666667,12.75,12.333333333333334
2025-09-20,Verona,Juventus,1,1,D,3,3,0,0,5,3,4,4,18,10,1,0.8,1.4375,-0.6375,2.1333333333333333,1.625,0.06666666666666667,0.0625,4.733333333333333,4.1875,4.266666666666667,5.125,15.066666666666666,13.0625
2025-09-20,Udinese,Milan,0,3,A,2,0,0,0,1,4,4,6,9,7,0,1.0,1.5625,-0.5625,1.8125,1.3125,0.0,0.0625,4.375,3.75,3.8125,3.6875,14.5625,9.3125
2025-09-21,Lazio,Roma,0,1,A,1,1,2,0,3,6,2,6,14,22,0,1.375,1.1875,0.1875,2.1875,2.125,0.3125,0.125,4.5625,4.25,4.375,3.9375,10.6875,15.4375
2025-09-21,Cremonese,Parma,0,0,D,1,0,0,0,3,3,1,3,16,8,0,0.8666666666666667,0.6875,0.1791666666666667,2.066666666666667,1.875,0.06666666666666667,0.125,3.3333333333333335,3.5625,3.6,2.8125,13.533333333333333,11.0625
2025-09-21,Torino,Atalanta,0,3,A,0,0,0,0,1,0,5,5,11,9,0,1.3125,1.2666666666666666,0.04583333333333339,1.75,1.9333333333333333,0.0,0.13333333333333333,4.0,4.533333333333333,4.375,4.0,14.0625,11.8
2025-09-21,Fiorentina,Como,1,2,A,4,3,0,0,2,6,1,7,16,19,1,1.25,1.4666666666666666,-0.21666666666666656,2.3125,2.2666666666666666,0.0,0.0,5.625,3.533333333333333,4.25,3.933333333333333,11.875,14.6
2025-09-21,Inter,Sassuolo,2,1,H,2,1,0,0,7,3,6,5,15,8,1,2.75,1.25,1.5,1.5625,2.5,0.0,0.0625,7.375,3.8125,7.125,3.9375,13.5,12.25
2025-09-22,Napoli,Pisa,3,2,H,1,2,0,0,5,3,6,6,10,18,1,1.7333333333333334,1.0,0.7333333333333334,1.1333333333333333,2.0,0.0,0.0625,6.0,3.5625,5.266666666666667,2.625,11.933333333333334,13.0625
2025-09-27,Como,Cremonese,1,1,D,3,4,1,0,4,3,6,2,16,17,1,2.0,0.7647058823529411,1.2352941176470589,2.0,2.0,0.17647058823529413,0.11764705882352941,4.529411764705882,3.235294117647059,6.352941176470588,2.764705882352941,12.764705882352942,14.117647058823529
2025-09-27,Juventus,Atalanta,1,1,D,0,3,0,1,14,5,10,2,6,7,1,2.0,1.2666666666666666,0.7333333333333334,1.0625,1.9333333333333333,0.0625,0.13333333333333333,6.0625,4.533333333333333,6.875,4.0,11.375,11.8
2025-09-27,Cagliari,Inter,0,2,A,0,2,0,0,4,4,0,5,13,14,0,1.0625,1.9375,-0.875,2.0,2.0,0.0625,0.0,4.0625,5.6875,3.25,5.25,14.8125,13.625
2025-09-28,Sassuolo,Udinese,3,1,H,0,3,0,0,1,5,5,5,5,22,1,1.1875,1.375,-0.1875,1.9375,2.0625,0.1875,0.125,3.9375,4.25,3.5,3.5625,11.6875,13.4375
2025-09-28,Pisa,Fiorentina,0,0,D,0,1,0,0,4,6,1,2,15,15,0,0.4375,1.0625,-0.625,1.875,2.125,0.125,0.125,3.75,3.5,2.875,2.8125,12.75,13.3125
2025-09-28,Roma,Verona,2,0,H,0,4,0,0,8,1,5,3,11,19,0,1.625,0.6470588235294118,0.9779411764705882,1.5625,2.5294117647058822,0.0,0.17647058823529413,5.625,3.235294117647059,4.75,3.411764705882353,13.1875,16.705882352941178
2025-09-28,Lecce,Bologna,2,2,D,4,2,0,0,3,9,4,5,13,13,1,0.6875,1.625,-0.9375,1.8125,2.3125,0.125,0.25,4.5625,4.0,2.6875,3.9375,12.625,14.6875
2025-09-28,Milan,Napoli,2,1,H,1,0,1,0,1,7,3,7,7,7,1,1.375,1.2941176470588236,0.0808823529411764,1.8125,1.588235294117647,0.0625,0.11764705882352941,5.375,4.764705882352941,5.0,4.352941176470588,10.375,11.588235294117647
2025-09-29,Parma,Torino,2,1,H,3,3,0,0,4,3,2,4,10,12,1,0.75,1.0,-0.25,1.6875,2.0,0.125,0.0625,4.25,3.75,2.8125,4.0625,10.8125,14.3125
2025-09-29,Genoa,Lazio,0,3,A,5,1,0,0,6,0,5,6,18,16,0,1.2352941176470589,0.625,0.6102941176470589,1.7647058823529411,1.75,0.11764705882352941,0.125,3.7058823529411766,3.0625,4.176470588235294,3.4375,12.882352941176471,9.75
2025-10-03,Verona,Sassuolo,0,1,A,2,2,0,0,4,2,9,3,14,12,0,0.8,1.25,-0.44999999999999996,2.1333333333333333,2.5,0.06666666666666667,0.0625,4.733333333333333,3.8125,4.266666666666667,3.9375,15.066666666666666,12.25
2025-10-04,Lazio,Torino,3,3,D,3,3,0,0,3,5,4,8,13,22,1,1.375,1.0,0.375,2.1875,2.0,0.3125,0.0625,4.5625,3.75,4.375,4.0625,10.6875,14.3125
2025-10-04,Parma,Lecce,0,1,A,1,2,0,0,4,9,2,3,16,16,0,0.75,0.625,0.125,1.6875,1.5,0.125,0.0,4.25,4.375,2.8125,1.9375,10.8125,12.9375
2025-10-04,Inter,Cremonese,4,1,H,1,1,0,0,13,1,9,2,9,8,1,2.75,0.7647058823529411,1.9852941176470589,1.5625,2.0,0.0,0.11764705882352941,7.375,3.235294117647059,7.125,2.764705882352941,13.5,14.117647058823529
2025-10-04,Atalanta,Como,1,1,D,1,3,0,0,8,3,4,4,10,19,1,1.4705882352941178,1.4666666666666666,0.0039215686274511885,1.2352941176470589,2.2666666666666666,0.0,0.0,7.176470588235294,3.533333333333333,5.176470588235294,3.933333333333333,10.941176470588236,14.6
2025-10-05,Udinese,Cagliari,1,1,D,1,2,0,0,7,2,4,2,14,16,1,1.0,1.0,0.0,1.8125,2.625,0.0,0.0625,4.375,3.0625,3.8125,3.375,14.5625,14.625
2025-10-05,Bologna,Pisa,4,0,H,0,1,0,1,2,2,7,0,16,12,0,1.0,1.0,0.0,1.4375,2.0,0.125,0.0625,5.25,3.5625,3.9375,2.625,12.75,13.0625
2025-10-05,Fiorentina,Roma,1,2,A,2,3,0,0,3,4,3,3,19,21,1,1.25,1.1875,0.0625,2.3125,2.125,0.0,0.125,5.625,4.25,4.25,3.9375,11.875,15.4375
2025-10-05,Napoli,Genoa,2,1,H,1,3,0,0,7,5,5,1,16,15,1,1.7333333333333334,1.1333333333333333,0.6000000000000001,1.1333333333333333,1.8666666666666667,0.0,0.06666666666666667,6.0,3.6666666666666665,5.266666666666667,3.8666666666666667,11.933333333333334,12.333333333333334
2025-10-05,Juventus,Milan,0,0,D,2,2,0,0,6,0,3,4,15,8,0,2.0,1.5625,0.4375,1.0625,1.3125,0.0625,0.0625,6.0625,3.75,6.875,3.6875,11.375,9.3125
2025-10-18,Lecce,Sassuolo,0,0,D,2,2,0,0,6,4,2,2,16,14,0,0.6875,1.25,-0.5625,1.8125,2.5,0.125,0.0625,4.5625,3.8125,2.6875,3.9375,12.625,12.25
2025-10-18,Pisa,Verona,0,0,D,4,2,0,0,3,8,0,3,8,14,0,0.4375,0.6470588235294118,-0.2095588235294118,1.875,2.5294117647058822,0.125,0.17647058823529413,3.75,3.235294117647059,2.875,3.411764705882353,12.75,16.705882352941178
2025-10-18,Torino,Napoli,1,0,H,1,2,0,0,3,11,2,5,9,9,0,1.3125,1.2941176470588236,0.018382352941176405,1.75,1.588235294117647,0.0,0.11764705882352941,4.0,4.764705882352941,4.375,4.352941176470588,14.0625,11.588235294117647
2025-10-18,Roma,Inter,0,1,A,4,3,0,0,4,5,5,3,18,29,0,1.625,1.9375,-0.3125,1.5625,2.0,0.0,0.0,5.625,5.6875,4.75,5.25,13.1875,13.625
2025-10-19,Como,Juventus,2,0,H,3,1,0,0,4,1,6,3,17,15,0,2.0,1.4375,0.5625,2.0,1.625,0.17647058823529413,0.0625,4.529411764705882,4.1875,6.352941176470588,5.125,12.764705882352942,13.0625
2025-10-19,Cagliari,Bologna,0,2,A,1,3,0,0,2,7,3,7,15,22,0,1.0625,1.625,-0.5625,2.0,2.3125,0.0625,0.25,4.0625,4.0,3.25,3.9375,14.8125,14.6875
2025-10-19,Genoa,Parma,0,0,D,2,5,0,1,3,0,7,0,15,13,0,1.2352941176470589,0.6875,0.5477941176470589,1.7647058823529411,1.875,0.11764705882352941,0.125,3.7058823529411766,3.5625,4.176470588235294,2.8125,12.882352941176471,11.0625
2025-10-19,Atalanta,Lazio,0,0,D,4,0,0,0,7,1,6,1,10,5,0,1.4705882352941178,0.625,0.8455882352941178,1.2352941176470589,1.75,0.0,0.125,7.176470588235294,3.0625,5.176470588235294,3.4375,10.941176470588236,9.75
2025-10-19,Milan,Fiorentina,2,1,H,3,3,0,0,1,3,4,1,14,12,1,1.375,1.0625,0.3125,1.8125,2.125,0.0625,0.125,5.375,3.5,5.0,2.8125,10.375,13.3125
2025-10-20,Cremonese,Udinese,1,1,D,4,2,0,0,5,4,4,1,15,14,1,0.8666666666666667,1.375,-0.5083333333333333,2.066666666666667,2.0625,0.06666666666666667,0.125,3.3333333333333335,4.25,3.6,3.5625,13.533333333333333,13.4375
2025-10-24,Milan,Pisa,2,2,D,1,3,0,0,6,2,7,2,8,21,1,1.375,1.0,0.375,1.8125,2.0,0.0625,0.0625,5.375,3.5625,5.0,2.625,10.375,13.0625
2025-10-25,Parma,Como,0,0,D,0,1,0,0,3,3,3,2,7,14,0,0.75,1.4666666666666666,-0.7166666666666666,1.6875,2.2666666666666666,0.125,0.0,4.25,3.533333333333333,2.8125,3.933333333333333,10.8125,14.6
2025-10-25,Udinese,Lecce,3,2,H,2,2,0,0,4,9,4,3,12,12,1,1.0,0.625,0.375,1.8125,1.5,0.0,0.0,4.375,4.375,3.8125,1.9375,14.5625,12.9375
2025-10-25,Napoli,Inter,3,1,H,2,1,0,0,1,4,3,3,15,10,1,1.7333333333333334,1.9375,-0.2041666666666666,1.1333333333333333,2.0,0.0,0.0,6.0,5.6875,5.266666666666667,5.25,11.933333333333334,13.625
2025-10-25,Cremonese,Atalanta,1,1,D,3,1,0,0,2,10,5,6,6,8,1,0.8666666666666667,1.2666666666666666,-0.3999999999999999,2.066666666666667,1.9333333333333333,0.06666666666666667,0.13333333333333333,3.3333333333333335,4.533333333333333,3.6,4.0,13.533333333333333,11.8
2025-10-26,Torino,Genoa,2,1,H,2,2,0,0,9,1,6,3,14,9,1,1.3125,1.1333333333333333,0.1791666666666667,1.75,1.8666666666666667,0.0,0.06666666666666667,4.0,3.6666666666666665,4.375,3.8666666666666667,14.0625,12.333333333333334
2025-10-26,Sassuolo,Roma,0,1,A,3,2,0,0,6,6,1,8,18,16,0,1.1875,1.1875,0.0,1.9375,2.125,0.1875,0.125,3.9375,4.25,3.5,3.9375,11.6875,15.4375
2025-10-26,Verona,Cagliari,2,2,D,3,4,0,0,3,2,6,3,16,12,1,0.8,1.0,-0.19999999999999996,2.1333333333333333,2.625,0.06666666666666667,0.0625,4.733333333333333,3.0625,4.266666666666667,3.375,15.066666666666666,14.625
2025-10-26,Fiorentina,Bologna,2,2,D,3,5,0,1,5,6,7,3,13,20,1,1.25,1.625,-0.375,2.3125,2.3125,0.0,0.25,5.625,4.0,4.25,3.9375,11.875,14.6875
2025-10-26,Lazio,Juventus,1,0,H,2,4,0,0,2,5,3,5,11,18,0,1.375,1.4375,-0.0625,2.1875,1.625,0.3125,0.0625,4.5625,4.1875,4.375,5.125,10.6875,13.0625
2025-10-28,Lecce,Napoli,0,1,A,2,1,0,0,3,5,2,3,10,14,0,0.6875,1.2941176470588236,-0.6066176470588236,1.8125,1.588235294117647,0.125,0.11764705882352941,4.5625,4.764705882352941,2.6875,4.352941176470588,12.625,11.588235294117647
2025-10-28,Atalanta,Milan,1,1,D,1,3,0,0,9,4,3,1,9,8,1,1.4705882352941178,1.5625,-0.09191176470588225,1.2352941176470589,1.3125,0.0,0.0625,7.176470588235294,3.75,5.176470588235294,3.6875,10.941176470588236,9.3125
2025-10-29,Como,Verona,3,1,H,1,4,0,0,1,3,5,9,11,21,1,2.0,0.6470588235294118,1.3529411764705883,2.0,2.5294117647058822,0.17647058823529413,0.17647058823529413,4.529411764705882,3.235294117647059,6.352941176470588,3.411764705882353,12.764705882352942,16.705882352941178
2025-10-29,Juventus,Udinese,3,1,H,1,4,0,0,8,4,11,2,12,13,1,2.0,1.375,0.625,1.0625,2.0625,0.0625,0.125,6.0625,4.25,6.875,3.5625,11.375,13.4375
2025-10-29,Roma,Parma,2,1,H,0,3,0,0,9,2,6,5,8,9,1,1.625,0.6875,0.9375,1.5625,1.875,0.0,0.125,5.625,3.5625,4.75,2.8125,13.1875,11.0625
2025-10-29,Bologna,Torino,0,0,D,2,3,0,0,3,3,2,2,11,20,0,1.0,1.0,0.0,1.4375,2.0,0.125,0.0625,5.25,3.75,3.9375,4.0625,12.75,14.3125
2025-10-29,Genoa,Cremonese,0,2,A,3,1,0,0,7,3,1,4,16,13,0,1.2352941176470589,0.7647058823529411,0.47058823529411775,1.7647058823529411,2.0,0.11764705882352941,0.11764705882352941,3.7058823529411766,3.235294117647059,4.176470588235294,2.764705882352941,12.882352941176471,14.117647058823529
2025-10-29,Inter,Fiorentina,3,0,H,1,2,0,1,8,5,8,2,11,16,0,2.75,1.0625,1.6875,1.5625,2.125,0.0,0.125,7.375,3.5,7.125,2.8125,13.5,13.3125
2025-10-30,Cagliari,Sassuolo,1,2,A,4,4,0,0,6,7,1,4,20,21,1,1.0625,1.25,-0.1875,2.0,2.5,0.0625,0.0625,4.0625,3.8125,3.25,3.9375,14.8125,12.25
2025-10-30,Pisa,Lazio,0,0,D,2,2,0,0,3,1,2,6,16,12,0,0.4375,0.625,-0.1875,1.875,1.75,0.125,0.125,3.75,3.0625,2.875,3.4375,12.75,9.75
2025-11-01,Udinese,Atalanta,1,0,H,1,3,0,0,5,4,5,0,14,11,0,1.0,1.2666666666666666,-0.2666666666666666,1.8125,1.9333333333333333,0.0,0.13333333333333333,4.375,4.533333333333333,3.8125,4.0,14.5625,11.8
2025-11-01,Napoli,Como,0,0,D,3,2,0,0,4,2,8,2,15,16,0,1.7333333333333334,1.4666666666666666,0.26666666666666683,1.1333333333333333,2.2666666666666666,0.0,0.0,6.0,3.533333333333333,5.266666666666667,3.933333333333333,11.933333333333334,14.6
2025-11-01,Cremonese,Juventus,1,2,A,1,0,0,0,2,3,2,5,10,14,1,0.8666666666666667,1.4375,-0.5708333333333333,2.066666666666667,1.625,0.06666666666666667,0.0625,3.3333333333333335,4.1875,3.6,5.125,13.533333333333333,13.0625
2025-11-02,Verona,Inter,1,2,A,2,1,0,0,4,8,2,6,15,4,1,0.8,1.9375,-1.1375,2.1333333333333333,2.0,0.06666666666666667,0.0,4.733333333333333,5.6875,4.266666666666667,5.25,15.066666666666666,13.625
2025-11-02,Fiorentina,Lecce,0,1,A,4,1,0,0,4,4,4,4,14,21,0,1.25,0.625,0.625,2.3125,1.5,0.0,0.0,5.625,4.375,4.25,1.9375,11.875,12.9375
2025-11-02,Torino,Pisa,2,2,D,2,1,0,0,4,2,3,3,14,8,1,1.3125,1.0,0.3125,1.75,2.0,0.0,0.0625,4.0,3.5625,4.375,2.625,14.0625,13.0625
2025-11-02,Parma,Bologna,1,3,A,3,2,1,0,1,5,1,6,16,15,1,0.75,1.625,-0.875,1.6875,2.3125,0.125,0.25,4.25,4.0,2.8125,3.9375,10.8125,14.6875
2025-11-02,Milan,Roma,1,0,H,1,5,0,0,7,8,8,6,12,13,0,1.375,1.1875,0.1875,1.8125,2.125,0.0625,0.125,5.375,4.25,5.0,3.9375,10.375,15.4375
2025-11-03,Sassuolo,Genoa,1,2,A,1,3,0,0,3,7,4,5,13,13,1,1.1875,1.1333333333333333,0.054166666666666696,1.9375,1.8666666666666667,0.1875,0.06666666666666667,3.9375,3.6666666666666665,3.5,3.8666666666666667,11.6875,12.333333333333334
2025-11-03,Lazio,Cagliari,2,0,H,0,2,0,0,7,5,3,5,8,18,0,1.375,1.0,0.375,2.1875,2.625,0.3125,0.0625,4.5625,3.0625,4.375,3.375,10.6875,14.625
2025-11-07,Pisa,Cremonese,1,0,H,4,2,0,0,4,5,6,3,11,17,0,0.4375,0.7647058823529411,-0.3272058823529411,1.875,2.0,0.125,0.11764705882352941,3.75,3.235294117647059,2.875,2.764705882352941,12.75,14.117647058823529
2025-11-08,Como,Cagliari,0,0,D,3,1,0,0,10,0,6,2,21,15,0,2.0,1.0,1.0,2.0,2.625,0.17647058823529413,0.0625,4.529411764705882,3.0625,6.352941176470588,3.375,12.764705882352942,14.625
2025-11-08,Lecce,Verona,0,0,D,1,4,0,0,7,2,6,2,10,18,0,0.6875,0.6470588235294118,0.0404411764705882,1.8125,2.5294117647058822,0.125,0.17647058823529413,4.5625,3.235294117647059,2.6875,3.411764705882353,12.625,16.705882352941178
2025-11-08,Juventus,Torino,0,0,D,0,1,0,0,6,2,6,3,9,4,0,2.0,1.0,1.0,1.0625,2.0,0.0625,0.0625,6.0625,3.75,6.875,4.0625,11.375,14.3125
2025-11-08,Parma,Milan,2,2,D,1,1,0,0,4,3,4,5,14,10,1,0.75,1.5625,-0.8125,1.6875,1.3125,0.125,0.0625,4.25,3.75,2.8125,3.6875,10.8125,9.3125
2025-11-09,Atalanta,Sassuolo,0,3,A,0,2,0,0,4,1,2,4,9,8,0,1.4705882352941178,1.25,0.22058823529411775,1.2352941176470589,2.5,0.0,0.0625,7.176470588235294,3.8125,5.176470588235294,3.9375,10.941176470588236,12.25
2025-11-09,Bologna,Napoli,2,0,H,1,3,0,0,5,4,4,1,14,15,0,1.0,1.2941176470588236,-0.2941176470588236,1.4375,1.588235294117647,0.125,0.11764705882352941,5.25,4.764705882352941,3.9375,4.352941176470588,12.75,11.588235294117647
2025-11-09,Genoa,Fiorentina,2,2,D,2,3,0,0,3,7,6,3,20,15,1,1.2352941176470589,1.0625,0.17279411764705888,1.7647058823529411,2.125,0.11764705882352941,0.125,3.7058823529411766,3.5,4.176470588235294,2.8125,12.882352941176471,13.3125
2025-11-09,Roma,Udinese,2,0,H,2,1,0,0,3,4,4,4,13,14,0,1.625,1.375,0.25,1.5625,2.0625,0.0,0.125,5.625,4.25,4.75,3.5625,13.1875,13.4375
2025-11-09,Inter,Lazio,2,0,H,3,1,0,0,3,1,3,5,26,11,0,2.75,0.625,2.125,1.5625,1.75,0.0,0.125,7.375,3.0625,7.125,3.4375,13.5,9.75
2025-11-22,Cagliari,Genoa,3,3,D,4,3,0,1,6,2,5,8,22,16,1,1.0625,1.1333333333333333,-0.0708333333333333,2.0,1.8666666666666667,0.0625,0.06666666666666667,4.0625,3.6666666666666665,3.25,3.8666666666666667,14.8125,12.333333333333334
2025-11-22,Udinese,Bologna,0,3,A,0,1,0,0,7,2,3,5,19,16,0,1.0,1.625,-0.625,1.8125,2.3125,0.0,0.25,4.375,4.0,3.8125,3.9375,14.5625,14.6875
2025-11-22,Fiorentina,Juventus,1,1,D,2,3,0,0,7,3,2,4,11,18,1,1.25,1.4375,-0.1875,2.3125,1.625,0.0,0.0625,5.625,4.1875,4.25,5.125,11.875,13.0625
2025-11-22,Napoli,Atalanta,3,1,H,1,2,0,0,5,3,6,3,11,12,1,1.7333333333333334,1.2666666666666666,0.4666666666666668,1.1333333333333333,1.9333333333333333,0.0,0.13333333333333333,6.0,4.533333333333333,5.266666666666667,4.0,11.933333333333334,11.8
2025-11-23,Verona,Parma,1,2,A,4,3,0,0,4,4,2,7,24,6,1,0.8,0.6875,0.11250000000000004,2.1333333333333333,1.875,0.06666666666666667,0.125,4.733333333333333,3.5625,4.266666666666667,2.8125,15.066666666666666,11.0625
2025-11-23,Cremonese,Roma,1,3,A,2,2,0,0,3,5,4,6,12,16,1,0.8666666666666667,1.1875,-0.3208333333333333,2.066666666666667,2.125,0.06666666666666667,0.125,3.3333333333333335,4.25,3.6,3.9375,13.533333333333333,15.4375
2025-11-23,Lazio,Lecce,2,0,H,1,1,0,0,8,2,9,1,8,13,0,1.375,0.625,0.75,2.1875,1.5,0.3125,0.0,4.5625,4.375,4.375,1.9375,10.6875,12.9375
2025-11-23,Inter,Milan,0,1,A,1,2,0,0,9,1,6,3,7,9,0,2.75,1.5625,1.1875,1.5625,1.3125,0.0,0.0625,7.375,3.75,7.125,3.6875,13.5,9.3125
2025-11-24,Torino,Como,1,5,A,0,1,0,0,3,4,2,7,6,9,1,1.3125,1.4666666666666666,-0.15416666666666656,1.75,2.2666666666666666,0.0,0.0,4.0,3.533333333333333,4.375,3.933333333333333,14.0625,14.6
2025-11-24,Sassuolo,Pisa,2,2,D,2,1,0,0,5,2,7,3,10,10,1,1.1875,1.0,0.1875,1.9375,2.0,0.1875,0.0625,3.9375,3.5625,3.5,2.625,11.6875,13.0625
2025-11-28,Como,Sassuolo,2,0,H,2,1,0,0,4,4,13,5,11,7,0,2.0,1.25,0.75,2.0,2.5,0.17647058823529413,0.0625,4.529411764705882,3.8125,6.352941176470588,3.9375,12.764705882352942,12.25
2025-11-29,Genoa,Verona,2,1,H,1,3,0,0,2,3,4,5,9,19,1,1.2352941176470589,0.6470588235294118,0.5882352941176471,1.7647058823529411,2.5294117647058822,0.11764705882352941,0.17647058823529413,3.7058823529411766,3.235294117647059,4.176470588235294,3.411764705882353,12.882352941176471,16.705882352941178
2025-11-29,Parma,Udinese,0,2,A,1,2,1,1,5,9,2,5,6,19,0,0.75,1.375,-0.625,1.6875,2.0625,0.125,0.125,4.25,4.25,2.8125,3.5625,10.8125,13.4375
2025-11-29,Juventus,Cagliari,2,1,H,1,5,0,0,1,6,6,3,16,16,1,2.0,1.0,1.0,1.0625,2.625,0.0625,0.0625,6.0625,3.0625,6.875,3.375,11.375,14.625
2025-11-29,Milan,Lazio,1,0,H,3,3,0,0,1,4,4,4,10,12,0,1.375,0.625,0.75,1.8125,1.75,0.0625,0.125,5.375,3.0625,5.0,3.4375,10.375,9.75
2025-11-30,Lecce,Torino,2,1,H,2,3,0,0,6,6,2,6,16,22,1,0.6875,1.0,-0.3125,1.8125,2.0,0.125,0.0625,4.5625,3.75,2.6875,4.0625,12.625,14.3125
2025-11-30,Pisa,Inter,0,2,A,2,1,0,0,4,6,2,3,13,15,0,0.4375,1.9375,-1.5,1.875,2.0,0.125,0.0,3.75,5.6875,2.875,5.25,12.75,13.625
2025-11-30,Atalanta,Fiorentina,2,0,H,1,3,0,0,4,5,9,3,15,10,0,1.4705882352941178,1.0625,0.40808823529411775,1.2352941176470589,2.125,0.0,0.125,7.176470588235294,3.5,5.176470588235294,2.8125,10.941176470588236,13.3125
2025-11-30,Roma,Napoli,0,1,A,4,3,0,0,4,2,2,5,14,13,0,1.625,1.2941176470588236,0.3308823529411764,1.5625,1.588235294117647,0.0,0.11764705882352941,5.625,4.764705882352941,4.75,4.352941176470588,13.1875,11.588235294117647
2025-12-01,Bologna,Cremonese,1,3,A,0,2,0,0,13,8,7,5,13,12,1,1.0,0.7647058823529411,0.23529411764705888,1.4375,2.0,0.125,0.11764705882352941,5.25,3.235294117647059,3.9375,2.764705882352941,12.75,14.117647058823529
2025-12-06,Sassuolo,Fiorentina,3,1,H,2,3,0,0,7,1,5,1,15,15,1,1.1875,1.0625,0.125,1.9375,2.125,0.1875,0.125,3.9375,3.5,3.5,2.8125,11.6875,13.3125
2025-12-06,Inter,Como,4,0,H,1,2,0,0,7,4,7,3,16,13,0,2.75,1.4666666666666666,1.2833333333333334,1.5625,2.2666666666666666,0.0,0.0,7.375,3.533333333333333,7.125,3.933333333333333,13.5,14.6
2025-12-06,Verona,Atalanta,3,1,H,2,1,0,0,5,5,7,5,14,7,1,0.8,1.2666666666666666,-0.46666666666666656,2.1333333333333333,1.9333333333333333,0.06666666666666667,0.13333333333333333,4.733333333333333,4.533333333333333,4.266666666666667,4.0,15.066666666666666,11.8
2025-12-07,Cremonese,Lecce,2,0,H,1,2,0,0,5,5,4,1,15,12,0,0.8666666666666667,0.625,0.2416666666666667,2.066666666666667,1.5,0.06666666666666667,0.0,3.3333333333333335,4.375,3.6,1.9375,13.533333333333333,12.9375
2025-12-07,Cagliari,Roma,1,0,H,2,1,0,1,4,1,8,2,18,16,0,1.0625,1.1875,-0.125,2.0,2.125,0.0625,0.125,4.0625,4.25,3.25,3.9375,14.8125,15.4375
2025-12-07,Lazio,Bologna,1,1,D,4,3,1,0,7,3,9,6,13,18,1,1.375,1.625,-0.25,2.1875,2.3125,0.3125,0.25,4.5625,4.0,4.375,3.9375,10.6875,14.6875
2025-12-07,Napoli,Juventus,2,1,H,2,1,0,0,9,0,4,2,6,15,1,1.7333333333333334,1.4375,0.2958333333333334,1.1333333333333333,1.625,0.0,0.0625,6.0,4.1875,5.266666666666667,5.125,11.933333333333334,13.0625
2025-12-08,Pisa,Parma,0,1,A,2,2,1,0,6,0,2,2,15,7,0,0.4375,0.6875,-0.25,1.875,1.875,0.125,0.125,3.75,3.5625,2.875,2.8125,12.75,11.0625
2025-12-08,Udinese,Genoa,1,2,A,1,0,0,0,6,2,6,6,16,12,1,1.0,1.1333333333333333,-0.1333333333333333,1.8125,1.8666666666666667,0.0,0.06666666666666667,4.375,3.6666666666666665,3.8125,3.8666666666666667,14.5625,12.333333333333334
2025-12-08,Torino,Milan,2,3,A,2,1,0,0,2,4,4,6,16,7,1,1.3125,1.5625,-0.25,1.75,1.3125,0.0,0.0625,4.0,3.75,4.375,3.6875,14.0625,9.3125
2025-12-12,Lecce,Pisa,1,0,H,2,1,0,0,12,1,3,0,17,6,0,0.6875,1.0,-0.3125,1.8125,2.0,0.125,0.0625,4.5625,3.5625,2.6875,2.625,12.625,13.0625
2025-12-13,Torino,Cremonese,1,0,H,1,2,0,0,6,6,6,3,20,13,0,1.3125,0.7647058823529411,0.5477941176470589,1.75,2.0,0.0,0.11764705882352941,4.0,3.235294117647059,4.375,2.764705882352941,14.0625,14.117647058823529
2025-12-13,Parma,Lazio,0,1,A,2,1,0,2,4,4,5,5,14,8,0,0.75,0.625,0.125,1.6875,1.75,0.125,0.125,4.25,3.0625,2.8125,3.4375,10.8125,9.75
2025-12-13,Atalanta,Cagliari,2,1,H,1,2,0,0,5,4,8,1,13,15,1,1.4705882352941178,1.0,0.47058823529411775,1.2352941176470589,2.625,0.0,0.0625,7.176470588235294,3.0625,5.176470588235294,3.375,10.941176470588236,14.625
2025-12-14,Milan,Sassuolo,2,2,D,1,3,0,0,7,3,5,3,12,12,1,1.375,1.25,0.125,1.8125,2.5,0.0625,0.0625,5.375,3.8125,5.0,3.9375,10.375,12.25
2025-12-14,Fiorentina,Verona,1,2,A,1,5,0,0,9,4,4,3,10,22,1,1.25,0.6470588235294118,0.6029411764705882,2.3125,2.5294117647058822,0.0,0.17647058823529413,5.625,3.235294117647059,4.25,3.411764705882353,11.875,16.705882352941178
2025-12-14,Udinese,Napoli,1,0,H,1,0,0,0,1,3,5,0,16,9,0,1.0,1.2941176470588236,-0.2941176470588236,1.8125,1.588235294117647,0.0,0.11764705882352941,4.375,4.764705882352941,3.8125,4.352941176470588,14.5625,11.588235294117647
2025-12-14,Genoa,Inter,1,2,A,2,3,0,0,1,6,3,8,10,20,1,1.2352941176470589,1.9375,-0.7022058823529411,1.7647058823529411,2.0,0.11764705882352941,0.0,3.7058823529411766,5.6875,4.176470588235294,5.25,12.882352941176471,13.625
2025-12-14,Bologna,Juventus,0,1,A,3,1,1,0,3,4,4,3,10,11,0,1.0,1.4375,-0.4375,1.4375,1.625,0.125,0.0625,5.25,4.1875,3.9375,5.125,12.75,13.0625
2025-12-15,Roma,Como,1,0,H,3,3,0,0,6,3,4,1,16,8,0,1.625,1.4666666666666666,0.15833333333333344,1.5625,2.2666666666666666,0.0,0.0,5.625,3.533333333333333,4.75,3.933333333333333,13.1875,14.6
2025-12-20,Lazio,Cremonese,0,0,D,4,3,0,1,3,0,2,2,13,21,0,1.375,0.7647058823529411,0.6102941176470589,2.1875,2.0,0.3125,0.11764705882352941,4.5625,3.235294117647059,4.375,2.764705882352941,10.6875,14.117647058823529
2025-12-20,Juventus,Roma,2,1,H,2,3,0,0,2,4,9,5,14,13,1,2.0,1.1875,0.8125,1.0625,2.125,0.0625,0.125,6.0625,4.25,6.875,3.9375,11.375,15.4375
2025-12-21,Cagliari,Pisa,2,2,D,3,2,0,0,2,6,5,3,15,20,1,1.0625,1.0,0.0625,2.0,2.0,0.0625,0.0625,4.0625,3.5625,3.25,2.625,14.8125,13.0625
2025-12-21,Sassuolo,Torino,0,1,A,3,1,0,0,2,3,1,5,15,17,0,1.1875,1.0,0.1875,1.9375,2.0,0.1875,0.0625,3.9375,3.75,3.5,4.0625,11.6875,14.3125
2025-12-21,Fiorentina,Udinese,5,1,H,3,1,0,1,1,4,7,4,10,8,1,1.25,1.375,-0.125,2.3125,2.0625,0.0,0.125,5.625,4.25,4.25,3.5625,11.875,13.4375
2025-12-21,Genoa,Atalanta,0,1,A,1,2,1,0,6,10,3,4,11,19,0,1.2352941176470589,1.2666666666666666,-0.03137254901960773,1.7647058823529411,1.9333333333333333,0.11764705882352941,0.13333333333333333,3.7058823529411766,4.533333333333333,4.176470588235294,4.0,12.882352941176471,11.8
2025-12-27,Parma,Fiorentina,1,0,H,2,2,0,0,5,6,2,4,10,15,0,0.75,1.0625,-0.3125,1.6875,2.125,0.125,0.125,4.25,3.5,2.8125,2.8125,10.8125,13.3125
2025-12-27,Lecce,Como,0,3,A,2,4,0,0,4,6,5,6,10,23,0,0.6875,1.4666666666666666,-0.7791666666666666,1.8125,2.2666666666666666,0.125,0.0,4.5625,3.533333333333333,2.6875,3.933333333333333,12.625,14.6
2025-12-27,Torino,Cagliari,1,2,A,3,0,0,0,6,2,10,4,14,13,1,1.3125,1.0,0.3125,1.75,2.625,0.0,0.0625,4.0,3.0625,4.375,3.375,14.0625,14.625
2025-12-27,Udinese,Lazio,1,1,D,3,4,0,0,5,6,4,2,19,14,1,1.0,0.625,0.375,1.8125,1.75,0.0,0.125,4.375,3.0625,3.8125,3.4375,14.5625,9.75
2025-12-27,Pisa,Juventus,0,2,A,4,1,0,0,2,8,0,7,10,12,0,0.4375,1.4375,-1.0,1.875,1.625,0.125,0.0625,3.75,4.1875,2.875,5.125,12.75,13.0625
2025-12-28,Milan,Verona,3,0,H,0,1,0,0,7,3,5,1,5,15,0,1.375,0.6470588235294118,0.7279411764705882,1.8125,2.5294117647058822,0.0625,0.17647058823529413,5.375,3.235294117647059,5.0,3.411764705882353,10.375,16.705882352941178
2025-12-28,Cremonese,Napoli,0,2,A,2,2,0,0,1,10,2,8,13,8,0,0.8666666666666667,1.2941176470588236,-0.4274509803921569,2.066666666666667,1.588235294117647,0.06666666666666667,0.11764705882352941,3.3333333333333335,4.764705882352941,3.6,4.352941176470588,13.533333333333333,11.588235294117647
2025-12-28,Bologna,Sassuolo,1,1,D,2,3,0,0,2,3,6,5,18,19,1,1.0,1.25,-0.25,1.4375,2.5,0.125,0.0625,5.25,3.8125,3.9375,3.9375,12.75,12.25
2025-12-28,Atalanta,Inter,0,1,A,2,1,0,0,4,7,0,4,8,12,0,1.4705882352941178,1.9375,-0.46691176470588225,1.2352941176470589,2.0,0.0,0.0,7.176470588235294,5.6875,5.176470588235294,5.25,10.941176470588236,13.625
2025-12-29,Roma,Genoa,3,1,H,0,1,0,0,6,1,8,2,13,13,1,1.625,1.1333333333333333,0.4916666666666667,1.5625,1.8666666666666667,0.0,0.06666666666666667,5.625,3.6666666666666665,4.75,3.8666666666666667,13.1875,12.333333333333334
2026-01-02,Cagliari,Milan,0,1,A,2,1,0,0,6,7,1,4,10,8,0,1.0625,1.5625,-0.5,2.0,1.3125,0.0625,0.0625,4.0625,3.75,3.25,3.6875,14.8125,9.3125
2026-01-03,Como,Udinese,1,0,H,1,3,0,0,3,2,3,1,12,15,0,2.0,1.375,0.625,2.0,2.0625,0.17647058823529413,0.125,4.529411764705882,4.25,6.352941176470588,3.5625,12.764705882352942,13.4375
2026-01-03,Genoa,Pisa,1,1,D,1,3,0,0,2,7,4,2,9,17,1,1.2352941176470589,1.0,0.23529411764705888,1.7647058823529411,2.0,0.11764705882352941,0.0625,3.7058823529411766,3.5625,4.176470588235294,2.625,12.882352941176471,13.0625
2026-01-03,Sassuolo,Parma,1,1,D,2,1,0,0,4,7,3,5,12,7,1,1.1875,0.6875,0.5,1.9375,1.875,0.1875,0.125,3.9375,3.5625,3.5,2.8125,11.6875,11.0625
2026-01-03,Juventus,Lecce,1,1,D,0,3,0,0,10,1,5,1,6,7,1,2.0,0.625,1.375,1.0625,1.5,0.0625,0.0,6.0625,4.375,6.875,1.9375,11.375,12.9375
2026-01-03,Atalanta,Roma,1,0,H,1,2,0,0,7,5,2,4,16,15,0,1.4705882352941178,1.1875,0.28308823529411775,1.2352941176470589,2.125,0.0,0.125,7.176470588235294,4.25,5.176470588235294,3.9375,10.941176470588236,15.4375
2026-01-04,Lazio,Napoli,0,2,A,5,1,2,1,2,6,0,3,10,13,0,1.375,1.2941176470588236,0.0808823529411764,2.1875,1.588235294117647,0.3125,0.11764705882352941,4.5625,4.764705882352941,4.375,4.352941176470588,10.6875,11.588235294117647
2026-01-04,Fiorentina,Cremonese,1,0,H,1,2,0,0,7,3,8,2,10,19,0,1.25,0.7647058823529411,0.4852941176470589,2.3125,2.0,0.0,0.11764705882352941,5.625,3.235294117647059,4.25,2.764705882352941,11.875,14.117647058823529
2026-01-04,Verona,Torino,0,3,A,0,2,0,0,4,7,3,5,13,7,0,0.8,1.0,-0.19999999999999996,2.1333333333333333,2.0,0.06666666666666667,0.0625,4.733333333333333,3.75,4.266666666666667,4.0625,15.066666666666666,14.3125
2026-01-04,Inter,Bologna,3,1,H,3,3,0,0,7,1,10,2,20,21,1,2.75,1.625,1.125,1.5625,2.3125,0.0,0.25,7.375,4.0,7.125,3.9375,13.5,14.6875
2026-01-06,Pisa,Como,0,3,A,2,2,0,0,1,5,4,7,9,13,0,0.4375,1.4666666666666666,-1.0291666666666666,1.875,2.2666666666666666,0.125,0.0,3.75,3.533333333333333,2.875,3.933333333333333,12.75,14.6
2026-01-06,Lecce,Roma,0,2,A,3,1,0,0,2,2,1,3,10,20,0,0.6875,1.1875,-0.5,1.8125,2.125,0.125,0.125,4.5625,4.25,2.6875,3.9375,12.625,15.4375
2026-01-06,Sassuolo,Juventus,0,3,A,0,0,0,0,5,5,2,10,3,12,0,1.1875,1.4375,-0.25,1.9375,1.625,0.1875,0.0625,3.9375,4.1875,3.5,5.125,11.6875,13.0625
2026-01-07,Bologna,Atalanta,0,2,A,0,0,0,0,6,6,2,5,16,15,0,1.0,1.2666666666666666,-0.2666666666666666,1.4375,1.9333333333333333,0.125,0.13333333333333333,5.25,4.533333333333333,3.9375,4.0,12.75,11.8
2026-01-07,Napoli,Verona,2,2,D,0,3,0,0,6,1,4,4,7,15,1,1.7333333333333334,0.6470588235294118,1.0862745098039217,1.1333333333333333,2.5294117647058822,0.0,0.17647058823529413,6.0,3.235294117647059,5.266666666666667,3.411764705882353,11.933333333333334,16.705882352941178
2026-01-07,Lazio,Fiorentina,2,2,D,3,5,0,0,8,2,9,5,11,15,1,1.375,1.0625,0.3125,2.1875,2.125,0.3125,0.125,4.5625,3.5,4.375,2.8125,10.6875,13.3125
2026-01-07,Parma,Inter,0,2,A,0,3,0,0,1,3,0,8,4,20,0,0.75,1.9375,-1.1875,1.6875,2.0,0.125,0.0,4.25,5.6875,2.8125,5.25,10.8125,13.625
2026-01-07,Torino,Udinese,1,2,A,2,1,0,0,3,6,4,4,16,8,1,1.3125,1.375,-0.0625,1.75,2.0625,0.0,0.125,4.0,4.25,4.375,3.5625,14.0625,13.4375
2026-01-08,Cremonese,Cagliari,2,2,D,2,2,0,0,2,4,5,5,16,12,1,0.8666666666666667,1.0,-0.1333333333333333,2.066666666666667,2.625,0.06666666666666667,0.0625,3.3333333333333335,3.0625,3.6,3.375,13.533333333333333,14.625
2026-01-08,Milan,Genoa,1,1,D,4,1,0,0,12,1,8,2,12,8,1,1.375,1.1333333333333333,0.2416666666666667,1.8125,1.8666666666666667,0.0625,0.06666666666666667,5.375,3.6666666666666665,5.0,3.8666666666666667,10.375,12.333333333333334
2026-01-10,Como,Bologna,1,1,D,3,3,0,1,4,2,3,2,14,3,1,2.0,1.625,0.375,2.0,2.3125,0.17647058823529413,0.25,4.529411764705882,4.0,6.352941176470588,3.9375,12.764705882352942,14.6875
2026-01-10,Udinese,Pisa,2,2,D,1,4,0,0,3,8,2,7,13,16,1,1.0,1.0,0.0,1.8125,2.0,0.0,0.0625,4.375,3.5625,3.8125,2.625,14.5625,13.0625
2026-01-10,Roma,Sassuolo,2,0,H,2,2,0,0,5,2,6,3,15,16,0,1.625,1.25,0.375,1.5625,2.5,0.0,0.0625,5.625,3.8125,4.75,3.9375,13.1875,12.25
2026-01-10,Atalanta,Torino,2,0,H,1,2,0,0,5,4,5,3,14,17,0,1.4705882352941178,1.0,0.47058823529411775,1.2352941176470589,2.0,0.0,0.0625,7.176470588235294,3.75,5.176470588235294,4.0625,10.941176470588236,14.3125
2026-01-11,Lecce,Parma,1,2,A,3,1,2,0,3,3,1,2,16,17,1,0.6875,0.6875,0.0,1.8125,1.875,0.125,0.125,4.5625,3.5625,2.6875,2.8125,12.625,11.0625
2026-01-11,Fiorentina,Milan,1,1,D,2,3,0,0,8,5,7,3,10,14,1,1.25,1.5625,-0.3125,2.3125,1.3125,0.0,0.0625,5.625,3.75,4.25,3.6875,11.875,9.3125
2026-01-11,Verona,Lazio,0,1,A,2,1,0,0,2,1,2,2,12,7,0,0.8,0.625,0.17500000000000004,2.1333333333333333,1.75,0.06666666666666667,0.125,4.733333333333333,3.0625,4.266666666666667,3.4375,15.066666666666666,9.75
2026-01-11,Inter,Napoli,2,2,D,0,1,0,0,4,1,4,3,12,11,1,2.75,1.2941176470588236,1.4558823529411764,1.5625,1.588235294117647,0.0,0.11764705882352941,7.375,4.764705882352941,7.125,4.352941176470588,13.5,11.588235294117647
2026-01-12,Genoa,Cagliari,3,0,H,2,5,0,0,2,3,7,3,17,20,0,1.2352941176470589,1.0,0.23529411764705888,1.7647058823529411,2.625,0.11764705882352941,0.0625,3.7058823529411766,3.0625,4.176470588235294,3.375,12.882352941176471,14.625
2026-01-12,Juventus,Cremonese,5,0,H,0,1,0,0,4,5,11,2,16,8,0,2.0,0.7647058823529411,1.2352941176470589,1.0625,2.0,0.0625,0.11764705882352941,6.0625,3.235294117647059,6.875,2.764705882352941,11.375,14.117647058823529
2026-01-14,Napoli,Parma,0,0,D,1,3,0,0,7,1,4,1,11,12,0,1.7333333333333334,0.6875,1.0458333333333334,1.1333333333333333,1.875,0.0,0.125,6.0,3.5625,5.266666666666667,2.8125,11.933333333333334,11.0625
2026-01-14,Inter,Lecce,1,0,H,2,1,0,0,11,3,7,1,11,14,0,2.75,0.625,2.125,1.5625,1.5,0.0,0.0,7.375,4.375,7.125,1.9375,13.5,12.9375
2026-01-15,Verona,Bologna,2,3,A,1,2,0,0,4,5,5,5,13,14,1,0.8,1.625,-0.825,2.1333333333333333,2.3125,0.06666666666666667,0.25,4.733333333333333,4.0,4.266666666666667,3.9375,15.066666666666666,14.6875
2026-01-15,Como,Milan,1,3,A,1,0,0,0,8,4,8,4,7,5,1,2.0,1.5625,0.4375,2.0,1.3125,0.17647058823529413,0.0625,4.529411764705882,3.75,6.352941176470588,3.6875,12.764705882352942,9.3125
2026-01-16,Pisa,Atalanta,1,1,D,1,2,0,0,10,1,6,4,12,11,1,0.4375,1.2666666666666666,-0.8291666666666666,1.875,1.9333333333333333,0.125,0.13333333333333333,3.75,4.533333333333333,2.875,4.0,12.75,11.8
2026-01-17,Udinese,Inter,0,1,A,0,1,0,0,2,5,1,5,17,11,0,1.0,1.9375,-0.9375,1.8125,2.0,0.0,0.0,4.375,5.6875,3.8125,5.25,14.5625,13.625
2026-01-17,Napoli,Sassuolo,1,0,H,0,3,0,0,5,4,4,4,10,11,0,1.7333333333333334,1.25,0.4833333333333334,1.1333333333333333,2.5,0.0,0.0625,6.0,3.8125,5.266666666666667,3.9375,11.933333333333334,12.25
2026-01-17,Cagliari,Juventus,1,0,H,0,1,0,0,1,18,1,5,16,12,0,1.0625,1.4375,-0.375,2.0,1.625,0.0625,0.0625,4.0625,4.1875,3.25,5.125,14.8125,13.0625
2026-01-18,Parma,Genoa,0,0,D,3,2,0,0,7,3,2,3,13,18,0,0.75,1.1333333333333333,-0.3833333333333333,1.6875,1.8666666666666667,0.125,0.06666666666666667,4.25,3.6666666666666665,2.8125,3.8666666666666667,10.8125,12.333333333333334
2026-01-18,Bologna,Fiorentina,1,2,A,3,0,0,0,7,1,3,4,14,13,1,1.0,1.0625,-0.0625,1.4375,2.125,0.125,0.125,5.25,3.5,3.9375,2.8125,12.75,13.3125
2026-01-18,Torino,Roma,0,2,A,2,1,0,0,2,1,4,5,13,9,0,1.3125,1.1875,0.125,1.75,2.125,0.0,0.125,4.0,4.25,4.375,3.9375,14.0625,15.4375
2026-01-18,Milan,Lecce,1,0,H,1,1,0,0,10,2,6,0,9,11,0,1.375,0.625,0.75,1.8125,1.5,0.0625,0.0,5.375,4.375,5.0,1.9375,10.375,12.9375
2026-01-19,Cremonese,Verona,0,0,D,3,0,0,0,3,6,1,4,13,13,0,0.8666666666666667,0.6470588235294118,0.2196078431372549,2.066666666666667,2.5294117647058822,0.06666666666666667,0.17647058823529413,3.3333333333333335,3.235294117647059,3.6,3.411764705882353,13.533333333333333,16.705882352941178
2026-01-19,Lazio,Como,0,3,A,4,3,0,0,3,2,4,6,14,9,0,1.375,1.4666666666666666,-0.09166666666666656,2.1875,2.2666666666666666,0.3125,0.0,4.5625,3.533333333333333,4.375,3.933333333333333,10.6875,14.6
2026-01-23,Inter,Pisa,6,2,H,2,3,0,0,7,5,14,3,8,11,1,2.75,1.0,1.75,1.5625,2.0,0.0,0.0625,7.375,3.5625,7.125,2.625,13.5,13.0625
2026-01-24,Como,Torino,6,0,H,0,1,0,0,2,1,7,1,9,15,0,2.0,1.0,1.0,2.0,2.0,0.17647058823529413,0.0625,4.529411764705882,3.75,6.352941176470588,4.0625,12.764705882352942,14.3125
2026-01-24,Fiorentina,Cagliari,1,2,A,2,3,0,0,8,3,3,6,11,17,1,1.25,1.0,0.25,2.3125,2.625,0.0,0.0625,5.625,3.0625,4.25,3.375,11.875,14.625
2026-01-24,Lecce,Lazio,0,0,D,2,1,0,0,4,1,2,1,16,6,0,0.6875,0.625,0.0625,1.8125,1.75,0.125,0.125,4.5625,3.0625,2.6875,3.4375,12.625,9.75
2026-01-25,Sassuolo,Cremonese,1,0,H,1,2,0,0,3,5,7,4,13,14,0,1.1875,0.7647058823529411,0.4227941176470589,1.9375,2.0,0.1875,0.11764705882352941,3.9375,3.235294117647059,3.5,2.764705882352941,11.6875,14.117647058823529
2026-01-25,Atalanta,Parma,4,0,H,1,0,0,0,6,9,9,2,14,8,0,1.4705882352941178,0.6875,0.7830882352941178,1.2352941176470589,1.875,0.0,0.125,7.176470588235294,3.5625,5.176470588235294,2.8125,10.941176470588236,11.0625
2026-01-25,Genoa,Bologna,3,2,H,2,2,0,1,5,2,6,3,14,17,1,1.2352941176470589,1.625,-0.3897058823529411,1.7647058823529411,2.3125,0.11764705882352941,0.25,3.7058823529411766,4.0,4.176470588235294,3.9375,12.882352941176471,14.6875
2026-01-25,Juventus,Napoli,3,0,H,1,2,0,0,2,2,6,1,21,11,0,2.0,1.2941176470588236,0.7058823529411764,1.0625,1.588235294117647,0.0625,0.11764705882352941,6.0625,4.764705882352941,6.875,4.352941176470588,11.375,11.588235294117647
2026-01-25,Roma,Milan,1,1,D,0,4,0,0,5,3,7,2,15,11,1,1.625,1.5625,0.0625,1.5625,1.3125,0.0,0.0625,5.625,3.75,4.75,3.6875,13.1875,9.3125
2026-01-26,Verona,Udinese,1,3,A,2,0,0,0,3,8,4,7,8,11,1,0.8,1.375,-0.575,2.1333333333333333,2.0625,0.06666666666666667,0.125,4.733333333333333,4.25,4.266666666666667,3.5625,15.066666666666666,13.4375
2026-01-30,Lazio,Genoa,3,2,H,2,3,0,0,5,3,4,4,12,12,1,1.375,1.1333333333333333,0.2416666666666667,2.1875,1.8666666666666667,0.3125,0.06666666666666667,4.5625,3.6666666666666665,4.375,3.8666666666666667,10.6875,12.333333333333334
2026-01-31,Pisa,Sassuolo,1,3,A,3,3,0,0,2,5,6,5,13,8,1,0.4375,1.25,-0.8125,1.875,2.5,0.125,0.0625,3.75,3.8125,2.875,3.9375,12.75,12.25
2026-01-31,Napoli,Fiorentina,2,1,H,1,1,0,0,4,4,6,5,21,13,1,1.7333333333333334,1.0625,0.6708333333333334,1.1333333333333333,2.125,0.0,0.125,6.0,3.5,5.266666666666667,2.8125,11.933333333333334,13.3125
2026-01-31,Cagliari,Verona,4,0,H,0,2,0,1,6,3,7,3,9,14,0,1.0625,0.6470588235294118,0.4154411764705882,2.0,2.5294117647058822,0.0625,0.17647058823529413,4.0625,3.235294117647059,3.25,3.411764705882353,14.8125,16.705882352941178
2026-02-01,Torino,Lecce,1,0,H,2,2,0,0,3,8,5,2,14,12,0,1.3125,0.625,0.6875,1.75,1.5,0.0,0.0,4.0,4.375,4.375,1.9375,14.0625,12.9375
2026-02-01,Como,Atalanta,0,0,D,4,3,0,1,7,1,9,2,9,11,0,2.0,1.2666666666666666,0.7333333333333334,2.0,1.9333333333333333,0.17647058823529413,0.13333333333333333,4.529411764705882,4.533333333333333,6.352941176470588,4.0,12.764705882352942,11.8
2026-02-01,Cremonese,Inter,0,2,A,3,0,0,0,1,6,3,4,19,14,0,0.8666666666666667,1.9375,-1.0708333333333333,2.066666666666667,2.0,0.06666666666666667,0.0,3.3333333333333335,5.6875,3.6,5.25,13.533333333333333,13.625
2026-02-01,Parma,Juventus,1,4,A,1,3,0,0,5,3,4,8,10,13,1,0.75,1.4375,-0.6875,1.6875,1.625,0.125,0.0625,4.25,4.1875,2.8125,5.125,10.8125,13.0625
2026-02-02,Udinese,Roma,1,0,H,5,4,0,0,4,7,4,3,18,17,0,1.0,1.1875,-0.1875,1.8125,2.125,0.0,0.125,4.375,4.25,3.8125,3.9375,14.5625,15.4375
2026-02-03,Bologna,Milan,0,3,A,3,0,0,0,5,0,2,3,14,10,0,1.0,1.5625,-0.5625,1.4375,1.3125,0.125,0.0625,5.25,3.75,3.9375,3.6875,12.75,9.3125
2026-02-06,Verona,Pisa,0,0,D,1,2,0,0,8,4,0,3,13,16,0,0.8,1.0,-0.19999999999999996,2.1333333333333333,2.0,0.06666666666666667,0.0625,4.733333333333333,3.5625,4.266666666666667,2.625,15.066666666666666,13.0625
2026-02-07,Genoa,Napoli,2,3,A,2,4,0,1,4,3,3,5,16,12,1,1.2352941176470589,1.2941176470588236,-0.05882352941176472,1.7647058823529411,1.588235294117647,0.11764705882352941,0.11764705882352941,3.7058823529411766,4.764705882352941,4.176470588235294,4.352941176470588,12.882352941176471,11.588235294117647
2026-02-07,Fiorentina,Torino,2,2,D,2,5,0,0,9,4,5,4,6,23,1,1.25,1.0,0.25,2.3125,2.0,0.0,0.0625,5.625,3.75,4.25,4.0625,11.875,14.3125
2026-02-08,Bologna,Parma,0,1,A,1,3,1,1,4,5,2,1,10,14,0,1.0,0.6875,0.3125,1.4375,1.875,0.125,0.125,5.25,3.5625,3.9375,2.8125,12.75,11.0625
2026-02-08,Lecce,Udinese,2,1,H,1,2,0,0,7,0,5,1,9,21,1,0.6875,1.375,-0.6875,1.8125,2.0625,0.125,0.125,4.5625,4.25,2.6875,3.5625,12.625,13.4375
2026-02-08,Sassuolo,Inter,0,5,A,2,1,1,0,5,6,2,11,6,10,0,1.1875,1.9375,-0.75,1.9375,2.0,0.1875,0.0,3.9375,5.6875,3.5,5.25,11.6875,13.625
2026-02-08,Juventus,Lazio,2,2,D,0,2,0,0,8,1,8,2,10,4,1,2.0,0.625,1.375,1.0625,1.75,0.0625,0.125,6.0625,3.0625,6.875,3.4375,11.375,9.75
2026-02-09,Atalanta,Cremonese,2,1,H,2,0,0,0,13,2,9,2,11,11,1,1.4705882352941178,0.7647058823529411,0.7058823529411766,1.2352941176470589,2.0,0.0,0.11764705882352941,7.176470588235294,3.235294117647059,5.176470588235294,2.764705882352941,10.941176470588236,14.117647058823529
2026-02-09,Roma,Cagliari,2,0,H,2,4,0,0,7,1,5,1,18,14,0,1.625,1.0,0.625,1.5625,2.625,0.0,0.0625,5.625,3.0625,4.75,3.375,13.1875,14.625
2026-02-13,Pisa,Milan,1,2,A,1,3,0,1,3,1,2,2,14,9,1,0.4375,1.5625,-1.125,1.875,1.3125,0.125,0.0625,3.75,3.75,2.875,3.6875,12.75,9.3125
2026-02-14,Como,Fiorentina,1,2,A,4,2,1,0,4,2,3,3,14,12,1,2.0,1.0625,0.9375,2.0,2.125,0.17647058823529413,0.125,4.529411764705882,3.5,6.352941176470588,2.8125,12.764705882352942,13.3125
2026-02-14,Lazio,Atalanta,0,2,A,1,4,0,0,5,4,5,5,10,16,0,1.375,1.2666666666666666,0.10833333333333339,2.1875,1.9333333333333333,0.3125,0.13333333333333333,4.5625,4.533333333333333,4.375,4.0,10.6875,11.8
2026-02-14,Inter,Juventus,3,2,H,4,2,0,1,4,1,9,8,15,7,1,2.75,1.4375,1.3125,1.5625,1.625,0.0,0.0625,7.375,4.1875,7.125,5.125,13.5,13.0625
2026-02-15,Udinese,Sassuolo,1,2,A,3,3,0,0,7,6,2,3,14,14,1,1.0,1.25,-0.25,1.8125,2.5,0.0,0.0625,4.375,3.8125,3.8125,3.9375,14.5625,12.25
2026-02-15,Cremonese,Genoa,0,0,D,2,0,0,0,6,11,8,6,10,12,0,0.8666666666666667,1.1333333333333333,-0.2666666666666666,2.066666666666667,1.8666666666666667,0.06666666666666667,0.06666666666666667,3.3333333333333335,3.6666666666666665,3.6,3.8666666666666667,13.533333333333333,12.333333333333334
2026-02-15,Parma,Verona,2,1,H,2,1,0,1,12,1,8,1,7,14,1,0.75,0.6470588235294118,0.1029411764705882,1.6875,2.5294117647058822,0.125,0.17647058823529413,4.25,3.235294117647059,2.8125,3.411764705882353,10.8125,16.705882352941178
2026-02-15,Torino,Bologna,1,2,A,3,1,0,0,4,2,2,6,14,10,1,1.3125,1.625,-0.3125,1.75,2.3125,0.0,0.25,4.0,4.0,4.375,3.9375,14.0625,14.6875
2026-02-15,Napoli,Roma,2,2,D,1,1,0,0,2,1,7,2,14,14,1,1.7333333333333334,1.1875,0.5458333333333334,1.1333333333333333,2.125,0.0,0.125,6.0,4.25,5.266666666666667,3.9375,11.933333333333334,15.4375
2026-02-16,Cagliari,Lecce,0,2,A,0,0,0,0,8,2,0,4,16,14,0,1.0625,0.625,0.4375,2.0,1.5,0.0625,0.0,4.0625,4.375,3.25,1.9375,14.8125,12.9375
2026-02-18,Milan,Como,1,1,D,2,3,0,0,4,4,4,4,11,12,1,1.375,1.4666666666666666,-0.09166666666666656,1.8125,2.2666666666666666,0.0625,0.0,5.375,3.533333333333333,5.0,3.933333333333333,10.375,14.6
2026-02-20,Sassuolo,Verona,3,0,H,2,3,0,1,6,5,4,1,12,14,0,1.1875,0.6470588235294118,0.5404411764705882,1.9375,2.5294117647058822,0.1875,0.17647058823529413,3.9375,3.235294117647059,3.5,3.411764705882353,11.6875,16.705882352941178
2026-02-21,Juventus,Como,0,2,A,1,0,0,0,7,2,3,2,10,15,0,2.0,1.4666666666666666,0.5333333333333334,1.0625,2.2666666666666666,0.0625,0.0,6.0625,3.533333333333333,6.875,3.933333333333333,11.375,14.6
2026-02-21,Lecce,Inter,0,2,A,1,2,0,0,2,10,0,9,10,8,0,0.6875,1.9375,-1.25,1.8125,2.0,0.125,0.0,4.5625,5.6875,2.6875,5.25,12.625,13.625
2026-02-21,Cagliari,Lazio,0,0,D,3,2,1,0,3,6,2,3,12,15,0,1.0625,0.625,0.4375,2.0,1.75,0.0625,0.125,4.0625,3.0625,3.25,3.4375,14.8125,9.75
2026-02-22,Genoa,Torino,3,0,H,0,1,0,1,1,3,5,3,9,14,0,1.2352941176470589,1.0,0.23529411764705888,1.7647058823529411,2.0,0.11764705882352941,0.0625,3.7058823529411766,3.75,4.176470588235294,4.0625,12.882352941176471,14.3125
2026-02-22,Atalanta,Napoli,2,1,H,1,1,0,0,6,1,7,4,10,9,1,1.4705882352941178,1.2941176470588236,0.17647058823529416,1.2352941176470589,1.588235294117647,0.0,0.11764705882352941,7.176470588235294,4.764705882352941,5.176470588235294,4.352941176470588,10.941176470588236,11.588235294117647
2026-02-22,Milan,Parma,0,1,A,2,1,0,0,5,2,6,3,13,10,0,1.375,0.6875,0.6875,1.8125,1.875,0.0625,0.125,5.375,3.5625,5.0,2.8125,10.375,11.0625
2026-02-22,Roma,Cremonese,3,0,H,1,1,0,0,9,1,5,0,12,11,0,1.625,0.7647058823529411,0.8602941176470589,1.5625,2.0,0.0,0.11764705882352941,5.625,3.235294117647059,4.75,2.764705882352941,13.1875,14.117647058823529
2026-02-23,Fiorentina,Pisa,1,0,H,3,3,0,0,4,3,5,1,8,19,0,1.25,1.0,0.25,2.3125,2.0,0.0,0.0625,5.625,3.5625,4.25,2.625,11.875,13.0625
2026-02-23,Bologna,Udinese,1,0,H,1,1,0,0,4,7,6,3,10,13,0,1.0,1.375,-0.375,1.4375,2.0625,0.125,0.125,5.25,4.25,3.9375,3.5625,12.75,13.4375
2026-02-27,Parma,Cagliari,1,1,D,2,4,0,0,6,3,4,5,14,8,1,0.75,1.0,-0.25,1.6875,2.625,0.125,0.0625,4.25,3.0625,2.8125,3.375,10.8125,14.625
2026-02-28,Como,Lecce,3,1,H,0,1,0,0,5,1,7,2,15,12,1,2.0,0.625,1.375,2.0,1.5,0.17647058823529413,0.0,4.529411764705882,4.375,6.352941176470588,1.9375,12.764705882352942,12.9375
2026-02-28,Verona,Napoli,1,2,A,3,4,0,0,2,5,2,5,11,11,1,0.8,1.2941176470588236,-0.49411764705882355,2.1333333333333333,1.588235294117647,0.06666666666666667,0.11764705882352941,4.733333333333333,4.764705882352941,4.266666666666667,4.352941176470588,15.066666666666666,11.588235294117647
2026-02-28,Inter,Genoa,2,0,H,2,1,0,0,10,2,6,2,13,8,0,2.75,1.1333333333333333,1.6166666666666667,1.5625,1.8666666666666667,0.0,0.06666666666666667,7.375,3.6666666666666665,7.125,3.8666666666666667,13.5,12.333333333333334
2026-03-01,Cremonese,Milan,0,2,A,2,0,0,0,6,7,3,6,14,10,0,0.8666666666666667,1.5625,-0.6958333333333333,2.066666666666667,1.3125,0.06666666666666667,0.0625,3.3333333333333335,3.75,3.6,3.6875,13.533333333333333,9.3125
2026-03-01,Sassuolo,Atalanta,2,1,H,2,2,1,0,3,9,5,7,3,13,1,1.1875,1.2666666666666666,-0.07916666666666661,1.9375,1.9333333333333333,0.1875,0.13333333333333333,3.9375,4.533333333333333,3.5,4.0,11.6875,11.8
2026-03-01,Torino,Lazio,2,0,H,4,1,0,0,6,9,5,3,13,5,0,1.3125,0.625,0.6875,1.75,1.75,0.0,0.125,4.0,3.0625,4.375,3.4375,14.0625,9.75
2026-03-01,Roma,Juventus,3,3,D,1,0,0,0,4,1,5,5,7,12,1,1.625,1.4375,0.1875,1.5625,1.625,0.0,0.0625,5.625,4.1875,4.75,5.125,13.1875,13.0625
2026-03-02,Pisa,Bologna,0,1,A,0,2,0,0,7,4,3,1,15,11,0,0.4375,1.625,-1.1875,1.875,2.3125,0.125,0.25,3.75,4.0,2.875,3.9375,12.75,14.6875
2026-03-02,Udinese,Fiorentina,3,0,H,1,4,0,0,5,2,7,0,16,12,0,1.0,1.0625,-0.0625,1.8125,2.125,0.0,0.125,4.375,3.5,3.8125,2.8125,14.5625,13.3125
2026-03-06,Napoli,Torino,2,1,H,0,3,0,0,11,2,9,4,9,11,1,1.7333333333333334,1.0,0.7333333333333334,1.1333333333333333,2.0,0.0,0.0625,6.0,3.75,5.266666666666667,4.0625,11.933333333333334,14.3125
2026-03-07,Cagliari,Como,1,2,A,3,1,0,0,2,3,3,2,17,18,1,1.0625,1.4666666666666666,-0.40416666666666656,2.0,2.2666666666666666,0.0625,0.0,4.0625,3.533333333333333,3.25,3.933333333333333,14.8125,14.6
2026-03-07,Atalanta,Udinese,2,2,D,1,2,0,0,11,3,4,2,7,10,1,1.4705882352941178,1.375,0.09558823529411775,1.2352941176470589,2.0625,0.0,0.125,7.176470588235294,4.25,5.176470588235294,3.5625,10.941176470588236,13.4375
2026-03-07,Juventus,Pisa,4,0,H,1,3,0,0,4,4,7,2,7,7,0,2.0,1.0,1.0,1.0625,2.0,0.0625,0.0625,6.0625,3.5625,6.875,2.625,11.375,13.0625
2026-03-08,Lecce,Cremonese,2,1,H,1,4,0,1,4,4,3,5,19,27,1,0.6875,0.7647058823529411,-0.07720588235294112,1.8125,2.0,0.125,0.11764705882352941,4.5625,3.235294117647059,2.6875,2.764705882352941,12.625,14.117647058823529
2026-03-08,Bologna,Verona,1,2,A,1,2,0,0,5,3,2,5,5,20,1,1.0,0.6470588235294118,0.3529411764705882,1.4375,2.5294117647058822,0.125,0.17647058823529413,5.25,3.235294117647059,3.9375,3.411764705882353,12.75,16.705882352941178
2026-03-08,Fiorentina,Parma,0,0,D,2,0,0,0,7,1,1,0,12,14,0,1.25,0.6875,0.5625,2.3125,1.875,0.0,0.125,5.625,3.5625,4.25,2.8125,11.875,11.0625
2026-03-08,Genoa,Roma,2,1,H,1,3,0,0,3,6,5,1,11,17,1,1.2352941176470589,1.1875,0.047794117647058876,1.7647058823529411,2.125,0.11764705882352941,0.125,3.7058823529411766,4.25,4.176470588235294,3.9375,12.882352941176471,15.4375
2026-03-08,Milan,Inter,1,0,H,2,2,0,0,1,6,2,2,8,12,0,1.375,1.9375,-0.5625,1.8125,2.0,0.0625,0.0,5.375,5.6875,5.0,5.25,10.375,13.625
2026-03-09,Lazio,Sassuolo,2,1,H,0,4,0,0,1,6,5,4,7,8,1,1.375,1.25,0.125,2.1875,2.5,0.3125,0.0625,4.5625,3.8125,4.375,3.9375,10.6875,12.25
2026-03-13,Torino,Parma,4,1,H,1,3,0,0,2,7,6,3,17,13,1,1.3125,0.6875,0.625,1.75,1.875,0.0,0.125,4.0,3.5625,4.375,2.8125,14.0625,11.0625
2026-03-14,Inter,Atalanta,1,1,D,2,2,0,0,2,3,3,3,11,5,1,2.75,1.2666666666666666,1.4833333333333334,1.5625,1.9333333333333333,0.0,0.13333333333333333,7.375,4.533333333333333,7.125,4.0,13.5,11.8
2026-03-14,Napoli,Lecce,2,1,H,0,1,0,0,7,7,4,2,11,7,1,1.7333333333333334,0.625,1.1083333333333334,1.1333333333333333,1.5,0.0,0.0,6.0,4.375,5.266666666666667,1.9375,11.933333333333334,12.9375
2026-03-14,Udinese,Juventus,0,1,A,3,1,0,0,2,6,2,8,12,14,0,1.0,1.4375,-0.4375,1.8125,1.625,0.0,0.0625,4.375,4.1875,3.8125,5.125,14.5625,13.0625
2026-03-15,Verona,Genoa,0,2,A,2,1,0,0,4,2,1,3,22,9,0,0.8,1.1333333333333333,-0.33333333333333326,2.1333333333333333,1.8666666666666667,0.06666666666666667,0.06666666666666667,4.733333333333333,3.6666666666666665,4.266666666666667,3.8666666666666667,15.066666666666666,12.333333333333334
2026-03-15,Pisa,Cagliari,3,1,H,1,4,1,1,1,5,6,4,14,16,1,0.4375,1.0,-0.5625,1.875,2.625,0.125,0.0625,3.75,3.0625,2.875,3.375,12.75,14.625
2026-03-15,Sassuolo,Bologna,0,1,A,1,2,0,0,7,4,3,3,16,11,0,1.1875,1.625,-0.4375,1.9375,2.3125,0.1875,0.25,3.9375,4.0,3.5,3.9375,11.6875,14.6875
2026-03-15,Como,Roma,2,1,H,2,3,0,1,7,1,7,1,16,18,1,2.0,1.1875,0.8125,2.0,2.125,0.17647058823529413,0.125,4.529411764705882,4.25,6.352941176470588,3.9375,12.764705882352942,15.4375
2026-03-15,Lazio,Milan,1,0,H,4,1,0,0,1,9,2,3,7,19,0,1.375,1.5625,-0.1875,2.1875,1.3125,0.3125,0.0625,4.5625,3.75,4.375,3.6875,10.6875,9.3125
2026-03-16,Cremonese,Fiorentina,1,4,A,1,0,0,0,4,6,3,6,17,16,1,0.8666666666666667,1.0625,-0.1958333333333333,2.066666666666667,2.125,0.06666666666666667,0.125,3.3333333333333335,3.5,3.6,2.8125,13.533333333333333,13.3125
2026-03-20,Cagliari,Napoli,0,1,A,2,2,0,0,2,7,0,5,12,16,0,1.0625,1.2941176470588236,-0.2316176470588236,2.0,1.588235294117647,0.0625,0.11764705882352941,4.0625,4.764705882352941,3.25,4.352941176470588,14.8125,11.588235294117647
2026-03-20,Genoa,Udinese,0,2,A,1,5,0,0,7,1,2,4,5,13,0,1.2352941176470589,1.375,-0.13970588235294112,1.7647058823529411,2.0625,0.11764705882352941,0.125,3.7058823529411766,4.25,4.176470588235294,3.5625,12.882352941176471,13.4375
2026-03-21,Parma,Cremonese,0,2,A,3,3,0,0,3,1,1,4,20,15,0,0.75,0.7647058823529411,-0.014705882352941124,1.6875,2.0,0.125,0.11764705882352941,4.25,3.235294117647059,2.8125,2.764705882352941,10.8125,14.117647058823529
2026-03-21,Milan,Torino,3,2,H,3,1,0,0,4,6,6,7,9,10,1,1.375,1.0,0.375,1.8125,2.0,0.0625,0.0625,5.375,3.75,5.0,4.0625,10.375,14.3125
2026-03-21,Juventus,Sassuolo,1,1,D,1,2,0,0,9,4,8,1,7,7,1,2.0,1.25,0.75,1.0625,2.5,0.0625,0.0625,6.0625,3.8125,6.875,3.9375,11.375,12.25
2026-03-22,Como,Pisa,5,0,H,0,2,0,0,7,1,7,0,5,6,0,2.0,1.0,1.0,2.0,2.0,0.17647058823529413,0.0625,4.529411764705882,3.5625,6.352941176470588,2.625,12.764705882352942,13.0625
2026-03-22,Atalanta,Verona,1,0,H,1,3,0,0,2,4,3,3,12,16,0,1.4705882352941178,0.6470588235294118,0.823529411764706,1.2352941176470589,2.5294117647058822,0.0,0.17647058823529413,7.176470588235294,3.235294117647059,5.176470588235294,3.411764705882353,10.941176470588236,16.705882352941178
2026-03-22,Bologna,Lazio,0,2,A,1,1,0,0,2,1,4,5,13,8,0,1.0,0.625,0.375,1.4375,1.75,0.125,0.125,5.25,3.0625,3.9375,3.4375,12.75,9.75
2026-03-22,Roma,Lecce,1,0,H,2,2,0,0,10,2,2,3,14,17,0,1.625,0.625,1.0,1.5625,1.5,0.0,0.0,5.625,4.375,4.75,1.9375,13.1875,12.9375
2026-03-22,Fiorentina,Inter,1,1,D,3,3,0,0,3,5,6,4,16,12,1,1.25,1.9375,-0.6875,2.3125,2.0,0.0,0.0,5.625,5.6875,4.25,5.25,11.875,13.625
2026-04-04,Sassuolo,Cagliari,2,1,H,1,0,0,0,2,2,2,3,14,11,1,1.1875,1.0,0.1875,1.9375,2.625,0.1875,0.0625,3.9375,3.0625,3.5,3.375,11.6875,14.625
2026-04-04,Verona,Fiorentina,0,1,A,3,1,1,1,9,1,8,1,15,7,0,0.8,1.0625,-0.26249999999999996,2.1333333333333333,2.125,0.06666666666666667,0.125,4.733333333333333,3.5,4.266666666666667,2.8125,15.066666666666666,13.3125
2026-04-04,Lazio,Parma,1,1,D,1,2,0,0,7,2,3,4,12,8,1,1.375,0.6875,0.6875,2.1875,1.875,0.3125,0.125,4.5625,3.5625,4.375,2.8125,10.6875,11.0625
2026-04-05,Cremonese,Bologna,1,2,A,2,3,1,1,2,4,3,7,15,15,1,0.8666666666666667,1.625,-0.7583333333333333,2.066666666666667,2.3125,0.06666666666666667,0.25,3.3333333333333335,4.0,3.6,3.9375,13.533333333333333,14.6875
2026-04-05,Pisa,Torino,0,1,A,1,0,0,0,1,2,1,2,12,12,0,0.4375,1.0,-0.5625,1.875,2.0,0.125,0.0625,3.75,3.75,2.875,4.0625,12.75,14.3125
2026-04-05,Inter,Roma,5,2,H,0,1,0,0,7,4,9,3,11,10,1,2.75,1.1875,1.5625,1.5625,2.125,0.0,0.125,7.375,4.25,7.125,3.9375,13.5,15.4375
2026-04-06,Udinese,Como,0,0,D,2,3,0,0,6,2,4,4,10,12,0,1.0,1.4666666666666666,-0.46666666666666656,1.8125,2.2666666666666666,0.0,0.0,4.375,3.533333333333333,3.8125,3.933333333333333,14.5625,14.6
2026-04-06,Lecce,Atalanta,0,3,A,0,2,0,0,2,5,0,6,10,18,0,0.6875,1.2666666666666666,-0.5791666666666666,1.8125,1.9333333333333333,0.125,0.13333333333333333,4.5625,4.533333333333333,2.6875,4.0,12.625,11.8
2026-04-06,Juventus,Genoa,2,0,H,4,1,0,0,5,5,5,3,10,8,0,2.0,1.1333333333333333,0.8666666666666667,1.0625,1.8666666666666667,0.0625,0.06666666666666667,6.0625,3.6666666666666665,6.875,3.8666666666666667,11.375,12.333333333333334
2026-04-06,Napoli,Milan,1,0,H,2,0,0,0,4,3,3,1,7,6,0,1.7333333333333334,1.5625,0.1708333333333334,1.1333333333333333,1.3125,0.0,0.0625,6.0,3.75,5.266666666666667,3.6875,11.933333333333334,9.3125
2026-04-10,Roma,Pisa,3,0,H,1,1,0,0,1,3,3,5,11,12,0,1.625,1.0,0.625,1.5625,2.0,0.0,0.0625,5.625,3.5625,4.75,2.625,13.1875,13.0625
2026-04-11,Cagliari,Cremonese,1,0,H,1,1,0,0,6,5,5,2,9,17,0,1.0625,0.7647058823529411,0.2977941176470589,2.0,2.0,0.0625,0.11764705882352941,4.0625,3.235294117647059,3.25,2.764705882352941,14.8125,14.117647058823529
2026-04-11,Torino,Verona,2,1,H,1,4,0,0,3,6,2,4,13,17,1,1.3125,0.6470588235294118,0.6654411764705882,1.75,2.5294117647058822,0.0,0.17647058823529413,4.0,3.235294117647059,4.375,3.411764705882353,14.0625,16.705882352941178
2026-04-11,Milan,Udinese,0,3,A,1,1,0,0,4,3,3,6,9,14,0,1.375,1.375,0.0,1.8125,2.0625,0.0625,0.125,5.375,4.25,5.0,3.5625,10.375,13.4375
2026-04-11,Atalanta,Juventus,0,1,A,1,3,0,0,13,2,3,2,7,11,0,1.4705882352941178,1.4375,0.03308823529411775,1.2352941176470589,1.625,0.0,0.0625,7.176470588235294,4.1875,5.176470588235294,5.125,10.941176470588236,13.0625
2026-04-12,Genoa,Sassuolo,2,1,H,2,3,1,1,5,3,7,6,9,14,1,1.2352941176470589,1.25,-0.014705882352941124,1.7647058823529411,2.5,0.11764705882352941,0.0625,3.7058823529411766,3.8125,4.176470588235294,3.9375,12.882352941176471,12.25
2026-04-12,Parma,Napoli,1,1,D,1,0,0,0,3,7,2,6,4,8,1,0.75,1.2941176470588236,-0.5441176470588236,1.6875,1.588235294117647,0.125,0.11764705882352941,4.25,4.764705882352941,2.8125,4.352941176470588,10.8125,11.588235294117647
2026-04-12,Bologna,Lecce,2,0,H,0,2,0,0,8,6,4,1,15,19,0,1.0,0.625,0.375,1.4375,1.5,0.125,0.0,5.25,4.375,3.9375,1.9375,12.75,12.9375
2026-04-12,Como,Inter,3,4,A,3,7,0,0,1,1,8,5,12,17,1,2.0,1.9375,0.0625,2.0,2.0,0.17647058823529413,0.0,4.529411764705882,5.6875,6.352941176470588,5.25,12.764705882352942,13.625
2026-04-13,Fiorentina,Lazio,1,0,H,3,2,0,0,5,6,2,6,10,10,0,1.25,0.625,0.625,2.3125,1.75,0.0,0.125,5.625,3.0625,4.25,3.4375,11.875,9.75
2025-08-15,Rennes,Marseille,1,0,H,2,3,1,0,1,12,5,2,8,11,0,1.7333333333333334,1.5,0.2333333333333334,1.5333333333333334,2.4285714285714284,0.06666666666666667,0.14285714285714285,6.4,4.714285714285714,5.533333333333333,5.285714285714286,12.866666666666667,12.071428571428571
2025-08-16,Lens,Lyon,0,1,A,2,3,0,0,13,8,5,3,13,20,0,2.2142857142857144,1.3333333333333333,0.8809523809523812,1.5714285714285714,2.0,0.14285714285714285,0.3333333333333333,6.285714285714286,5.066666666666666,5.785714285714286,4.666666666666667,13.0,13.266666666666667
2025-08-16,Monaco,Le Havre,3,1,H,0,1,0,0,5,4,3,4,5,14,1,2.066666666666667,0.5714285714285714,1.4952380952380955,1.8,1.9285714285714286,0.26666666666666666,0.07142857142857142,4.533333333333333,3.857142857142857,4.533333333333333,3.142857142857143,12.333333333333334,13.714285714285714
2025-08-16,Nice,Toulouse,0,1,A,2,3,0,0,9,4,2,2,12,13,0,1.2,1.2857142857142858,-0.08571428571428585,1.8,2.9285714285714284,0.13333333333333333,0.07142857142857142,5.133333333333334,4.071428571428571,4.466666666666667,3.7857142857142856,12.4,14.785714285714286
2025-08-17,Brest,Lille,3,3,D,2,1,0,0,2,2,5,6,11,13,1,1.6428571428571428,1.7333333333333334,-0.0904761904761906,1.7142857142857142,2.466666666666667,0.07142857142857142,0.26666666666666666,4.857142857142857,5.4,4.5,4.666666666666667,13.428571428571429,11.466666666666667
2025-08-17,Angers,Paris FC,1,0,H,2,1,1,0,3,7,2,7,14,10,0,1.1428571428571428,1.0,0.1428571428571428,1.7857142857142858,1.7333333333333334,0.07142857142857142,0.06666666666666667,4.357142857142857,3.2,3.9285714285714284,3.3333333333333335,12.642857142857142,10.666666666666666
2025-08-17,Auxerre,Lorient,1,0,H,3,2,0,0,4,5,3,3,18,14,0,0.8666666666666667,0.7333333333333333,0.13333333333333341,1.7333333333333334,1.5333333333333334,0.4,0.06666666666666667,5.266666666666667,3.933333333333333,3.3333333333333335,3.2666666666666666,13.4,9.8
2025-08-17,Metz,Strasbourg,0,1,A,2,2,0,0,3,3,0,4,16,13,0,0.9285714285714286,1.5714285714285714,-0.6428571428571428,1.3571428571428572,2.2857142857142856,0.07142857142857142,0.2857142857142857,4.714285714285714,3.357142857142857,4.0,4.0,12.071428571428571,12.785714285714286
2025-08-17,Nantes,Paris SG,0,1,A,1,1,0,0,2,7,0,4,6,6,0,1.0,1.9285714285714286,-0.9285714285714286,2.0,0.7857142857142857,0.0,0.07142857142857142,3.2857142857142856,5.642857142857143,3.2857142857142856,6.642857142857143,12.642857142857142,9.428571428571429
2025-08-22,Paris SG,Angers,1,0,H,0,0,0,0,12,0,4,0,3,9,0,2.6153846153846154,0.6,2.0153846153846153,1.0,1.2,0.0,0.0,6.3076923076923075,2.8,7.3076923076923075,2.8,10.0,10.0
2025-08-23,Marseille,Paris FC,5,2,H,1,0,0,0,5,2,7,4,9,12,1,2.466666666666667,1.0,1.4666666666666668,2.0,1.7333333333333334,0.13333333333333333,0.06666666666666667,5.6,3.2,6.066666666666666,3.3333333333333335,13.0,10.666666666666666
2025-08-23,Nice,Auxerre,3,1,H,2,2,0,1,5,4,6,8,10,15,1,1.2,0.7142857142857143,0.48571428571428565,1.8,2.357142857142857,0.13333333333333333,0.07142857142857142,5.133333333333334,4.357142857142857,4.466666666666667,3.0,12.4,14.285714285714286
2025-08-23,Lyon,Metz,3,0,H,0,2,0,0,4,3,8,2,13,15,0,1.6428571428571428,0.8666666666666667,0.7761904761904761,1.8571428571428572,2.0,0.14285714285714285,0.2,5.571428571428571,3.466666666666667,4.357142857142857,2.2666666666666666,13.928571428571429,10.933333333333334
2025-08-24,Lorient,Rennes,4,0,H,6,0,0,2,3,2,7,1,18,7,0,1.9285714285714286,1.6428571428571428,0.2857142857142858,1.8571428571428572,1.9285714285714286,0.0,0.21428571428571427,2.857142857142857,4.928571428571429,4.5,4.0,9.857142857142858,11.714285714285714
2025-08-24,Le Havre,Lens,1,2,A,3,1,0,0,7,0,6,3,17,16,1,1.0666666666666667,1.6428571428571428,-0.5761904761904761,1.5333333333333334,2.2142857142857144,0.13333333333333333,0.14285714285714285,4.866666666666666,5.285714285714286,3.933333333333333,4.642857142857143,13.066666666666666,13.214285714285714
2025-08-24,Strasbourg,Nantes,1,0,H,2,2,0,0,7,6,4,2,11,9,0,1.7142857142857142,0.7142857142857143,0.9999999999999999,1.5,2.2142857142857144,0.07142857142857142,0.14285714285714285,5.0,2.9285714285714284,5.285714285714286,2.7142857142857144,10.0,12.857142857142858
2025-08-24,Toulouse,Brest,2,0,H,0,1,0,0,3,9,3,2,14,10,0,1.4,1.0,0.3999999999999999,1.5333333333333334,1.9285714285714286,0.13333333333333333,0.21428571428571427,5.0,3.357142857142857,4.733333333333333,2.7142857142857144,13.333333333333334,13.071428571428571
2025-08-24,Lille,Monaco,1,0,H,1,2,0,0,8,3,1,1,7,14,0,1.6428571428571428,1.3571428571428572,0.2857142857142856,1.9285714285714286,2.5714285714285716,0.14285714285714285,0.14285714285714285,6.071428571428571,5.071428571428571,4.714285714285714,4.142857142857143,10.785714285714286,13.428571428571429
2025-08-29,Lens,Brest,3,1,H,1,3,0,1,15,1,10,2,7,12,1,2.2142857142857144,1.0,1.2142857142857144,1.5714285714285714,1.9285714285714286,0.14285714285714285,0.21428571428571427,6.285714285714286,3.357142857142857,5.785714285714286,2.7142857142857144,13.0,13.071428571428571
2025-08-30,Lorient,Lille,1,7,A,3,3,0,0,3,8,2,11,14,18,1,1.9285714285714286,1.7333333333333334,0.1952380952380952,1.8571428571428572,2.466666666666667,0.0,0.26666666666666666,2.857142857142857,5.4,4.5,4.666666666666667,9.857142857142858,11.466666666666667
2025-08-30,Nantes,Auxerre,1,0,H,1,3,0,0,3,9,3,4,13,11,0,1.0,0.7142857142857143,0.2857142857142857,2.0,2.357142857142857,0.0,0.07142857142857142,3.2857142857142856,4.357142857142857,3.2857142857142856,3.0,12.642857142857142,14.285714285714286
2025-08-30,Toulouse,Paris SG,3,6,A,1,0,0,0,5,7,6,8,7,11,1,1.4,1.9285714285714286,-0.5285714285714287,1.5333333333333334,0.7857142857142857,0.13333333333333333,0.07142857142857142,5.0,5.642857142857143,4.733333333333333,6.642857142857143,13.333333333333334,9.428571428571429
2025-08-31,Angers,Rennes,1,1,D,2,2,0,0,1,7,7,7,9,11,1,1.1428571428571428,1.6428571428571428,-0.5,1.7857142857142858,1.9285714285714286,0.07142857142857142,0.21428571428571427,4.357142857142857,4.928571428571429,3.9285714285714284,4.0,12.642857142857142,11.714285714285714
2025-08-31,Le Havre,Nice,3,1,H,1,4,0,0,0,5,8,3,13,16,1,1.0666666666666667,1.1428571428571428,-0.07619047619047614,1.5333333333333334,2.5,0.13333333333333333,0.07142857142857142,4.866666666666666,5.285714285714286,3.933333333333333,3.642857142857143,13.066666666666666,13.285714285714286
2025-08-31,Monaco,Strasbourg,3,2,H,2,1,0,1,6,5,4,4,13,12,1,2.066666666666667,1.5714285714285714,0.4952380952380955,1.8,2.2857142857142856,0.26666666666666666,0.2857142857142857,4.533333333333333,3.357142857142857,4.533333333333333,4.0,12.333333333333334,12.785714285714286
2025-08-31,Paris FC,Metz,3,2,H,1,1,0,1,14,6,9,2,4,8,1,1.5714285714285714,0.8666666666666667,0.7047619047619047,2.2142857142857144,2.0,0.21428571428571427,0.2,5.5,3.466666666666667,4.142857142857143,2.2666666666666666,11.0,10.933333333333334
2025-08-31,Lyon,Marseille,1,0,H,2,2,0,1,9,4,5,2,16,11,0,1.6428571428571428,1.5,0.1428571428571428,1.8571428571428572,2.4285714285714284,0.14285714285714285,0.14285714285714285,5.571428571428571,4.714285714285714,4.357142857142857,5.285714285714286,13.928571428571429,12.071428571428571
2025-09-12,Marseille,Lorient,4,0,H,3,2,0,1,10,0,8,1,18,5,0,2.466666666666667,0.7333333333333333,1.7333333333333334,2.0,1.5333333333333334,0.13333333333333333,0.06666666666666667,5.6,3.933333333333333,6.066666666666666,3.2666666666666666,13.0,9.8
2025-09-13,Nice,Nantes,1,0,H,2,0,0,0,7,4,8,3,16,13,0,1.2,0.7142857142857143,0.48571428571428565,1.8,2.2142857142857144,0.13333333333333333,0.14285714285714285,5.133333333333334,2.9285714285714284,4.466666666666667,2.7142857142857144,12.4,12.857142857142858
2025-09-13,Auxerre,Monaco,1,2,A,3,6,1,0,5,8,2,3,12,19,1,0.8666666666666667,1.3571428571428572,-0.4904761904761905,1.7333333333333334,2.5714285714285716,0.4,0.14285714285714285,5.266666666666667,5.071428571428571,3.3333333333333335,4.142857142857143,13.4,13.428571428571429
2025-09-14,Lille,Toulouse,2,1,H,2,3,0,1,7,6,5,4,12,10,1,1.6428571428571428,1.2857142857142858,0.357142857142857,1.9285714285714286,2.9285714285714284,0.14285714285714285,0.07142857142857142,6.071428571428571,4.071428571428571,4.714285714285714,3.7857142857142856,10.785714285714286,14.785714285714286
2025-09-14,Brest,Paris FC,1,2,A,0,2,0,1,6,1,8,4,11,10,1,1.6428571428571428,1.0,0.6428571428571428,1.7142857142857142,1.7333333333333334,0.07142857142857142,0.06666666666666667,4.857142857142857,3.2,4.5,3.3333333333333335,13.428571428571429,10.666666666666666
2025-09-14,Metz,Angers,1,1,D,0,1,0,0,4,3,5,4,10,7,1,0.9285714285714286,0.6,0.3285714285714286,1.3571428571428572,1.2,0.07142857142857142,0.0,4.714285714285714,2.8,4.0,2.8,12.071428571428571,10.0
2025-09-14,Paris SG,Lens,2,0,H,1,2,0,0,4,3,6,3,10,8,0,2.6153846153846154,1.6428571428571428,0.9725274725274726,1.0,2.2142857142857144,0.0,0.14285714285714285,6.3076923076923075,5.285714285714286,7.3076923076923075,4.642857142857143,10.0,13.214285714285714
2025-09-14,Strasbourg,Le Havre,1,0,H,2,2,1,0,4,3,7,1,8,16,0,1.7142857142857142,0.5714285714285714,1.1428571428571428,1.5,1.9285714285714286,0.07142857142857142,0.07142857142857142,5.0,3.857142857142857,5.285714285714286,3.142857142857143,10.0,13.714285714285714
2025-09-14,Rennes,Lyon,3,1,H,2,2,0,1,5,4,5,5,18,13,1,1.7333333333333334,1.3333333333333333,0.40000000000000013,1.5333333333333334,2.0,0.06666666666666667,0.3333333333333333,6.4,5.066666666666666,5.533333333333333,4.666666666666667,12.866666666666667,13.266666666666667
2025-09-19,Lyon,Angers,1,0,H,2,2,0,0,7,4,5,2,16,10,0,1.6428571428571428,0.6,1.0428571428571427,1.8571428571428572,1.2,0.14285714285714285,0.0,5.571428571428571,2.8,4.357142857142857,2.8,13.928571428571429,10.0
2025-09-20,Nantes,Rennes,2,2,D,3,1,0,0,4,4,4,4,14,18,1,1.0,1.6428571428571428,-0.6428571428571428,2.0,1.9285714285714286,0.0,0.21428571428571427,3.2857142857142856,4.928571428571429,3.2857142857142856,4.0,12.642857142857142,11.714285714285714
2025-09-20,Brest,Nice,4,1,H,1,3,0,0,2,7,5,4,17,11,1,1.6428571428571428,1.1428571428571428,0.5,1.7142857142857142,2.5,0.07142857142857142,0.07142857142857142,4.857142857142857,5.285714285714286,4.5,3.642857142857143,13.428571428571429,13.285714285714286
2025-09-20,Lens,Lille,3,0,H,1,3,0,0,4,10,6,3,17,11,0,2.2142857142857144,1.7333333333333334,0.480952380952381,1.5714285714285714,2.466666666666667,0.14285714285714285,0.26666666666666666,6.285714285714286,5.4,5.785714285714286,4.666666666666667,13.0,11.466666666666667
2025-09-21,Paris FC,Strasbourg,2,3,A,1,5,0,0,4,2,6,4,11,10,1,1.5714285714285714,1.5714285714285714,0.0,2.2142857142857144,2.2857142857142856,0.21428571428571427,0.2857142857142857,5.5,3.357142857142857,4.142857142857143,4.0,11.0,12.785714285714286
2025-09-21,Auxerre,Toulouse,1,0,H,1,6,1,0,3,4,1,3,12,20,0,0.8666666666666667,1.2857142857142858,-0.4190476190476191,1.7333333333333334,2.9285714285714284,0.4,0.07142857142857142,5.266666666666667,4.071428571428571,3.3333333333333335,3.7857142857142856,13.4,14.785714285714286
2025-09-21,Le Havre,Lorient,1,1,D,3,6,0,0,6,2,2,4,20,15,1,1.0666666666666667,0.7333333333333333,0.33333333333333337,1.5333333333333334,1.5333333333333334,0.13333333333333333,0.06666666666666667,4.866666666666666,3.933333333333333,3.933333333333333,3.2666666666666666,13.066666666666666,9.8
2025-09-21,Monaco,Metz,5,2,H,1,0,0,0,4,5,6,3,15,6,1,2.066666666666667,0.8666666666666667,1.2000000000000002,1.8,2.0,0.26666666666666666,0.2,4.533333333333333,3.466666666666667,4.533333333333333,2.2666666666666666,12.333333333333334,10.933333333333334
2025-09-22,Marseille,Paris SG,1,0,H,3,0,0,0,5,3,2,5,16,7,0,2.466666666666667,1.9285714285714286,0.5380952380952382,2.0,0.7857142857142857,0.13333333333333333,0.07142857142857142,5.6,5.642857142857143,6.066666666666666,6.642857142857143,13.0,9.428571428571429
2025-09-26,Strasbourg,Marseille,1,2,A,2,4,0,0,5,4,1,9,13,15,1,1.7142857142857142,1.5,0.2142857142857142,1.5,2.4285714285714284,0.07142857142857142,0.14285714285714285,5.0,4.714285714285714,5.285714285714286,5.285714285714286,10.0,12.071428571428571
2025-09-27,Lorient,Monaco,3,1,H,2,3,0,1,2,4,8,2,10,11,1,1.9285714285714286,1.3571428571428572,0.5714285714285714,1.8571428571428572,2.5714285714285716,0.0,0.14285714285714285,2.857142857142857,5.071428571428571,4.5,4.142857142857143,9.857142857142858,13.428571428571429
2025-09-27,Toulouse,Nantes,2,2,D,2,3,0,0,1,4,7,2,18,12,1,1.4,0.7142857142857143,0.6857142857142856,1.5333333333333334,2.2142857142857144,0.13333333333333333,0.14285714285714285,5.0,2.9285714285714284,4.733333333333333,2.7142857142857144,13.333333333333334,12.857142857142858
2025-09-27,Paris SG,Auxerre,2,0,H,1,2,0,0,5,5,8,3,17,10,0,2.6153846153846154,0.7142857142857143,1.901098901098901,1.0,2.357142857142857,0.0,0.07142857142857142,6.3076923076923075,4.357142857142857,7.3076923076923075,3.0,10.0,14.285714285714286
2025-09-28,Nice,Paris FC,1,1,D,1,1,0,0,5,5,5,3,14,14,1,1.2,1.0,0.19999999999999996,1.8,1.7333333333333334,0.13333333333333333,0.06666666666666667,5.133333333333334,3.2,4.466666666666667,3.3333333333333335,12.4,10.666666666666666
2025-09-28,Angers,Brest,0,2,A,1,1,0,0,11,4,2,3,13,13,0,1.1428571428571428,1.0,0.1428571428571428,1.7857142857142858,1.9285714285714286,0.07142857142857142,0.21428571428571427,4.357142857142857,3.357142857142857,3.9285714285714284,2.7142857142857144,12.642857142857142,13.071428571428571
2025-09-28,Lille,Lyon,0,1,A,4,4,1,0,3,4,3,2,20,24,0,1.6428571428571428,1.3333333333333333,0.30952380952380953,1.9285714285714286,2.0,0.14285714285714285,0.3333333333333333,6.071428571428571,5.066666666666666,4.714285714285714,4.666666666666667,10.785714285714286,13.266666666666667
2025-09-28,Metz,Le Havre,0,0,D,2,2,0,0,4,6,0,2,16,16,0,0.9285714285714286,0.5714285714285714,0.3571428571428572,1.3571428571428572,1.9285714285714286,0.07142857142857142,0.07142857142857142,4.714285714285714,3.857142857142857,4.0,3.142857142857143,12.071428571428571,13.714285714285714
2025-09-28,Rennes,Lens,0,0,D,3,2,0,1,8,4,2,2,16,9,0,1.7333333333333334,1.6428571428571428,0.0904761904761906,1.5333333333333334,2.2142857142857144,0.06666666666666667,0.14285714285714285,6.4,5.285714285714286,5.533333333333333,4.642857142857143,12.866666666666667,13.214285714285714
2025-10-03,Paris FC,Lorient,2,0,H,0,2,0,0,1,5,2,3,19,10,0,1.5714285714285714,0.7333333333333333,0.8380952380952381,2.2142857142857144,1.5333333333333334,0.21428571428571427,0.06666666666666667,5.5,3.933333333333333,4.142857142857143,3.2666666666666666,11.0,9.8
2025-10-04,Metz,Marseille,0,3,A,0,0,0,0,4,4,1,9,8,7,0,0.9285714285714286,1.5,-0.5714285714285714,1.3571428571428572,2.4285714285714284,0.07142857142857142,0.14285714285714285,4.714285714285714,4.714285714285714,4.0,5.285714285714286,12.071428571428571,12.071428571428571
2025-10-04,Brest,Nantes,0,0,D,2,1,0,0,12,3,5,0,11,12,0,1.6428571428571428,0.7142857142857143,0.9285714285714285,1.7142857142857142,2.2142857142857144,0.07142857142857142,0.14285714285714285,4.857142857142857,2.9285714285714284,4.5,2.7142857142857144,13.428571428571429,12.857142857142858
2025-10-04,Auxerre,Lens,1,2,A,3,7,0,1,2,2,2,4,10,21,1,0.8666666666666667,1.6428571428571428,-0.7761904761904761,1.7333333333333334,2.2142857142857144,0.4,0.14285714285714285,5.266666666666667,5.285714285714286,3.3333333333333335,4.642857142857143,13.4,13.214285714285714
2025-10-05,Lyon,Toulouse,1,2,A,1,3,0,0,8,5,3,4,13,17,1,1.6428571428571428,1.2857142857142858,0.357142857142857,1.8571428571428572,2.9285714285714284,0.14285714285714285,0.07142857142857142,5.571428571428571,4.071428571428571,4.357142857142857,3.7857142857142856,13.928571428571429,14.785714285714286
2025-10-05,Le Havre,Rennes,2,2,D,1,2,0,0,3,4,2,3,13,9,1,1.0666666666666667,1.6428571428571428,-0.5761904761904761,1.5333333333333334,1.9285714285714286,0.13333333333333333,0.21428571428571427,4.866666666666666,4.928571428571429,3.933333333333333,4.0,13.066666666666666,11.714285714285714
2025-10-05,Monaco,Nice,2,2,D,1,3,0,1,6,7,6,2,10,9,1,2.066666666666667,1.1428571428571428,0.9238095238095241,1.8,2.5,0.26666666666666666,0.07142857142857142,4.533333333333333,5.285714285714286,4.533333333333333,3.642857142857143,12.333333333333334,13.285714285714286
2025-10-05,Strasbourg,Angers,5,0,H,2,2,0,0,2,5,12,1,12,11,0,1.7142857142857142,0.6,1.1142857142857143,1.5,1.2,0.07142857142857142,0.0,5.0,2.8,5.285714285714286,2.8,10.0,10.0
2025-10-05,Lille,Paris SG,1,1,D,1,1,0,0,3,5,3,5,11,12,1,1.6428571428571428,1.9285714285714286,-0.2857142857142858,1.9285714285714286,0.7857142857142857,0.14285714285714285,0.07142857142857142,6.071428571428571,5.642857142857143,4.714285714285714,6.642857142857143,10.785714285714286,9.428571428571429
2025-10-17,Paris SG,Strasbourg,3,3,D,2,1,0,0,4,1,9,7,12,15,1,2.6153846153846154,1.5714285714285714,1.043956043956044,1.0,2.2857142857142856,0.0,0.2857142857142857,6.3076923076923075,3.357142857142857,7.3076923076923075,4.0,10.0,12.785714285714286
2025-10-18,Nice,Lyon,3,2,H,1,2,0,0,1,16,4,7,10,11,1,1.2,1.3333333333333333,-0.1333333333333333,1.8,2.0,0.13333333333333333,0.3333333333333333,5.133333333333334,5.066666666666666,4.466666666666667,4.666666666666667,12.4,13.266666666666667
2025-10-18,Angers,Monaco,1,1,D,2,2,0,0,10,3,3,4,15,14,1,1.1428571428571428,1.3571428571428572,-0.2142857142857144,1.7857142857142858,2.5714285714285716,0.07142857142857142,0.14285714285714285,4.357142857142857,5.071428571428571,3.9285714285714284,4.142857142857143,12.642857142857142,13.428571428571429
2025-10-18,Marseille,Le Havre,6,2,H,2,1,0,1,2,1,11,3,17,13,1,2.466666666666667,0.5714285714285714,1.8952380952380954,2.0,1.9285714285714286,0.13333333333333333,0.07142857142857142,5.6,3.857142857142857,6.066666666666666,3.142857142857143,13.0,13.714285714285714
2025-10-19,Lens,Paris FC,2,1,H,2,2,0,0,11,3,3,3,11,8,1,2.2142857142857144,1.0,1.2142857142857144,1.5714285714285714,1.7333333333333334,0.14285714285714285,0.06666666666666667,6.285714285714286,3.2,5.785714285714286,3.3333333333333335,13.0,10.666666666666666
2025-10-19,Lorient,Brest,3,3,D,3,2,0,0,5,2,7,4,13,16,1,1.9285714285714286,1.0,0.9285714285714286,1.8571428571428572,1.9285714285714286,0.0,0.21428571428571427,2.857142857142857,3.357142857142857,4.5,2.7142857142857144,9.857142857142858,13.071428571428571
2025-10-19,Rennes,Auxerre,2,2,D,1,3,0,0,6,2,7,4,11,15,1,1.7333333333333334,0.7142857142857143,1.019047619047619,1.5333333333333334,2.357142857142857,0.06666666666666667,0.07142857142857142,6.4,4.357142857142857,5.533333333333333,3.0,12.866666666666667,14.285714285714286
2025-10-19,Toulouse,Metz,4,0,H,2,1,0,1,5,1,7,2,14,11,0,1.4,0.8666666666666667,0.5333333333333332,1.5333333333333334,2.0,0.13333333333333333,0.2,5.0,3.466666666666667,4.733333333333333,2.2666666666666666,13.333333333333334,10.933333333333334
2025-10-19,Nantes,Lille,0,2,A,1,4,0,0,5,9,3,5,12,15,0,1.0,1.7333333333333334,-0.7333333333333334,2.0,2.466666666666667,0.0,0.26666666666666666,3.2857142857142856,5.4,3.2857142857142856,4.666666666666667,12.642857142857142,11.466666666666667
2025-10-24,Paris FC,Nantes,1,2,A,3,2,0,0,8,2,3,3,10,13,1,1.5714285714285714,0.7142857142857143,0.8571428571428571,2.2142857142857144,2.2142857142857144,0.21428571428571427,0.14285714285714285,5.5,2.9285714285714284,4.142857142857143,2.7142857142857144,11.0,12.857142857142858
2025-10-25,Brest,Paris SG,0,3,A,1,1,0,0,2,7,2,8,10,10,0,1.6428571428571428,1.9285714285714286,-0.2857142857142858,1.7142857142857142,0.7857142857142857,0.07142857142857142,0.07142857142857142,4.857142857142857,5.642857142857143,4.5,6.642857142857143,13.428571428571429,9.428571428571429
2025-10-25,Monaco,Toulouse,1,0,H,3,4,0,0,2,5,5,2,15,18,0,2.066666666666667,1.2857142857142858,0.7809523809523811,1.8,2.9285714285714284,0.26666666666666666,0.07142857142857142,4.533333333333333,4.071428571428571,4.533333333333333,3.7857142857142856,12.333333333333334,14.785714285714286
2025-10-25,Lens,Marseille,2,1,H,3,2,0,0,4,8,5,3,12,9,1,2.2142857142857144,1.5,0.7142857142857144,1.5714285714285714,2.4285714285714284,0.14285714285714285,0.14285714285714285,6.285714285714286,4.714285714285714,5.785714285714286,5.285714285714286,13.0,12.071428571428571
2025-10-26,Lille,Metz,6,1,H,3,2,0,0,7,8,12,4,18,12,1,1.6428571428571428,0.8666666666666667,0.7761904761904761,1.9285714285714286,2.0,0.14285714285714285,0.2,6.071428571428571,3.466666666666667,4.714285714285714,2.2666666666666666,10.785714285714286,10.933333333333334
2025-10-26,Angers,Lorient,2,0,H,1,0,0,0,1,6,4,4,14,6,0,1.1428571428571428,0.7333333333333333,0.4095238095238095,1.7857142857142858,1.5333333333333334,0.07142857142857142,0.06666666666666667,4.357142857142857,3.933333333333333,3.9285714285714284,3.2666666666666666,12.642857142857142,9.8
2025-10-26,Auxerre,Le Havre,0,1,A,2,2,0,0,13,5,3,4,21,12,0,0.8666666666666667,0.5714285714285714,0.2952380952380953,1.7333333333333334,1.9285714285714286,0.4,0.07142857142857142,5.266666666666667,3.857142857142857,3.3333333333333335,3.142857142857143,13.4,13.714285714285714
2025-10-26,Rennes,Nice,1,2,A,5,2,0,0,7,3,7,3,13,22,1,1.7333333333333334,1.1428571428571428,0.5904761904761906,1.5333333333333334,2.5,0.06666666666666667,0.07142857142857142,6.4,5.285714285714286,5.533333333333333,3.642857142857143,12.866666666666667,13.285714285714286
2025-10-26,Lyon,Strasbourg,2,1,H,0,4,0,1,4,2,3,2,15,19,1,1.6428571428571428,1.5714285714285714,0.0714285714285714,1.8571428571428572,2.2857142857142856,0.14285714285714285,0.2857142857142857,5.571428571428571,3.357142857142857,4.357142857142857,4.0,13.928571428571429,12.785714285714286
2025-10-29,Le Havre,Brest,1,0,H,1,3,0,0,5,1,3,2,12,11,0,1.0666666666666667,1.0,0.06666666666666665,1.5333333333333334,1.9285714285714286,0.13333333333333333,0.21428571428571427,4.866666666666666,3.357142857142857,3.933333333333333,2.7142857142857144,13.066666666666666,13.071428571428571
2025-10-29,Lorient,Paris SG,1,1,D,0,2,0,0,0,8,2,8,5,13,1,1.9285714285714286,1.9285714285714286,0.0,1.8571428571428572,0.7857142857142857,0.0,0.07142857142857142,2.857142857142857,5.642857142857143,4.5,6.642857142857143,9.857142857142858,9.428571428571429
2025-10-29,Metz,Lens,2,0,H,3,2,1,0,2,5,7,2,15,15,0,0.9285714285714286,1.6428571428571428,-0.7142857142857142,1.3571428571428572,2.2142857142857144,0.07142857142857142,0.14285714285714285,4.714285714285714,5.285714285714286,4.0,4.642857142857143,12.071428571428571,13.214285714285714
2025-10-29,Nice,Lille,2,0,H,3,3,0,0,2,13,4,4,11,10,0,1.2,1.7333333333333334,-0.5333333333333334,1.8,2.466666666666667,0.13333333333333333,0.26666666666666666,5.133333333333334,5.4,4.466666666666667,4.666666666666667,12.4,11.466666666666667
2025-10-29,Marseille,Angers,2,2,D,2,1,0,0,1,5,6,6,11,7,1,2.466666666666667,0.6,1.8666666666666667,2.0,1.2,0.13333333333333333,0.0,5.6,2.8,6.066666666666666,2.8,13.0,10.0
2025-10-29,Nantes,Monaco,3,5,A,3,5,0,0,1,3,5,9,13,17,1,1.0,1.3571428571428572,-0.3571428571428572,2.0,2.5714285714285716,0.0,0.14285714285714285,3.2857142857142856,5.071428571428571,3.2857142857142856,4.142857142857143,12.642857142857142,13.428571428571429
2025-10-29,Paris FC,Lyon,3,3,D,6,2,1,1,4,2,3,4,18,16,1,1.5714285714285714,1.3333333333333333,0.23809523809523814,2.2142857142857144,2.0,0.21428571428571427,0.3333333333333333,5.5,5.066666666666666,4.142857142857143,4.666666666666667,11.0,13.266666666666667
2025-10-29,Strasbourg,Auxerre,3,0,H,1,1,0,0,4,3,9,1,11,16,0,1.7142857142857142,0.7142857142857143,0.9999999999999999,1.5,2.357142857142857,0.07142857142857142,0.07142857142857142,5.0,4.357142857142857,5.285714285714286,3.0,10.0,14.285714285714286
2025-10-29,Toulouse,Rennes,2,2,D,2,3,0,0,5,8,4,5,9,12,1,1.4,1.6428571428571428,-0.24285714285714288,1.5333333333333334,1.9285714285714286,0.13333333333333333,0.21428571428571427,5.0,4.928571428571429,4.733333333333333,4.0,13.333333333333334,11.714285714285714
2025-11-01,Paris SG,Nice,1,0,H,3,1,0,0,11,1,8,2,12,5,0,2.6153846153846154,1.1428571428571428,1.4725274725274726,1.0,2.5,0.0,0.07142857142857142,6.3076923076923075,5.285714285714286,7.3076923076923075,3.642857142857143,10.0,13.285714285714286
2025-11-01,Monaco,Paris FC,0,1,A,3,2,0,0,3,2,1,1,10,12,0,2.066666666666667,1.0,1.0666666666666669,1.8,1.7333333333333334,0.26666666666666666,0.06666666666666667,4.533333333333333,3.2,4.533333333333333,3.3333333333333335,12.333333333333334,10.666666666666666
2025-11-01,Auxerre,Marseille,0,1,A,3,4,1,1,3,3,4,2,12,14,0,0.8666666666666667,1.5,-0.6333333333333333,1.7333333333333334,2.4285714285714284,0.4,0.14285714285714285,5.266666666666667,4.714285714285714,3.3333333333333335,5.285714285714286,13.4,12.071428571428571
2025-11-02,Rennes,Strasbourg,4,1,H,1,1,0,0,6,5,6,2,15,9,1,1.7333333333333334,1.5714285714285714,0.161904761904762,1.5333333333333334,2.2857142857142856,0.06666666666666667,0.2857142857142857,6.4,3.357142857142857,5.533333333333333,4.0,12.866666666666667,12.785714285714286
2025-11-02,Lens,Lorient,3,0,H,2,2,0,0,7,6,6,3,8,10,0,2.2142857142857144,0.7333333333333333,1.480952380952381,1.5714285714285714,1.5333333333333334,0.14285714285714285,0.06666666666666667,6.285714285714286,3.933333333333333,5.785714285714286,3.2666666666666666,13.0,9.8
2025-11-02,Lille,Angers,1,0,H,1,0,0,0,9,2,4,1,10,10,0,1.6428571428571428,0.6,1.0428571428571427,1.9285714285714286,1.2,0.14285714285714285,0.0,6.071428571428571,2.8,4.714285714285714,2.8,10.785714285714286,10.0
2025-11-02,Nantes,Metz,0,2,A,1,3,0,0,8,5,4,7,8,8,0,1.0,0.8666666666666667,0.1333333333333333,2.0,2.0,0.0,0.2,3.2857142857142856,3.466666666666667,3.2857142857142856,2.2666666666666666,12.642857142857142,10.933333333333334
2025-11-02,Toulouse,Le Havre,0,0,D,1,2,0,0,10,2,2,3,12,14,0,1.4,0.5714285714285714,0.8285714285714285,1.5333333333333334,1.9285714285714286,0.13333333333333333,0.07142857142857142,5.0,3.857142857142857,4.733333333333333,3.142857142857143,13.333333333333334,13.714285714285714
2025-11-02,Brest,Lyon,0,0,D,1,0,0,1,12,2,3,2,19,6,0,1.6428571428571428,1.3333333333333333,0.30952380952380953,1.7142857142857142,2.0,0.07142857142857142,0.3333333333333333,4.857142857142857,5.066666666666666,4.5,4.666666666666667,13.428571428571429,13.266666666666667
2025-11-07,Paris FC,Rennes,0,1,A,4,2,0,0,8,9,4,3,9,13,0,1.5714285714285714,1.6428571428571428,-0.0714285714285714,2.2142857142857144,1.9285714285714286,0.21428571428571427,0.21428571428571427,5.5,4.928571428571429,4.142857142857143,4.0,11.0,11.714285714285714
2025-11-08,Marseille,Brest,3,0,H,0,1,0,0,6,2,7,2,12,10,0,2.466666666666667,1.0,1.4666666666666668,2.0,1.9285714285714286,0.13333333333333333,0.21428571428571427,5.6,3.357142857142857,6.066666666666666,2.7142857142857144,13.0,13.071428571428571
2025-11-08,Le Havre,Nantes,1,1,D,3,3,0,0,8,3,4,2,15,13,1,1.0666666666666667,0.7142857142857143,0.35238095238095235,1.5333333333333334,2.2142857142857144,0.13333333333333333,0.14285714285714285,4.866666666666666,2.9285714285714284,3.933333333333333,2.7142857142857144,13.066666666666666,12.857142857142858
2025-11-08,Monaco,Lens,1,4,A,1,2,1,0,5,4,6,12,15,19,1,2.066666666666667,1.6428571428571428,0.4238095238095241,1.8,2.2142857142857144,0.26666666666666666,0.14285714285714285,4.533333333333333,5.285714285714286,4.533333333333333,4.642857142857143,12.333333333333334,13.214285714285714
2025-11-09,Lorient,Toulouse,1,1,D,0,4,0,0,6,4,2,2,6,18,1,1.9285714285714286,1.2857142857142858,0.6428571428571428,1.8571428571428572,2.9285714285714284,0.0,0.07142857142857142,2.857142857142857,4.071428571428571,4.5,3.7857142857142856,9.857142857142858,14.785714285714286
2025-11-09,Angers,Auxerre,2,0,H,2,2,0,0,3,3,5,5,19,14,0,1.1428571428571428,0.7142857142857143,0.4285714285714285,1.7857142857142858,2.357142857142857,0.07142857142857142,0.07142857142857142,4.357142857142857,4.357142857142857,3.9285714285714284,3.0,12.642857142857142,14.285714285714286
2025-11-09,Metz,Nice,2,1,H,2,4,0,0,6,3,2,4,12,19,1,0.9285714285714286,1.1428571428571428,-0.2142857142857142,1.3571428571428572,2.5,0.07142857142857142,0.07142857142857142,4.714285714285714,5.285714285714286,4.0,3.642857142857143,12.071428571428571,13.285714285714286
2025-11-09,Strasbourg,Lille,2,0,H,4,3,0,1,1,4,2,4,9,20,0,1.7142857142857142,1.7333333333333334,-0.019047619047619202,1.5,2.466666666666667,0.07142857142857142,0.26666666666666666,5.0,5.4,5.285714285714286,4.666666666666667,10.0,11.466666666666667
2025-11-09,Lyon,Paris SG,2,3,A,5,2,1,0,5,5,2,4,10,8,1,1.6428571428571428,1.9285714285714286,-0.2857142857142858,1.8571428571428572,0.7857142857142857,0.14285714285714285,0.07142857142857142,5.571428571428571,5.642857142857143,4.357142857142857,6.642857142857143,13.928571428571429,9.428571428571429
2025-11-21,Nice,Marseille,1,5,A,2,2,0,0,8,6,7,11,9,10,1,1.2,1.5,-0.30000000000000004,1.8,2.4285714285714284,0.13333333333333333,0.14285714285714285,5.133333333333334,4.714285714285714,4.466666666666667,5.285714285714286,12.4,12.071428571428571
2025-11-22,Lens,Strasbourg,1,0,H,2,3,1,1,3,1,5,1,13,13,0,2.2142857142857144,1.5714285714285714,0.642857142857143,1.5714285714285714,2.2857142857142856,0.14285714285714285,0.2857142857142857,6.285714285714286,3.357142857142857,5.785714285714286,4.0,13.0,12.785714285714286
2025-11-22,Rennes,Monaco,4,1,H,0,1,0,1,4,6,9,3,3,13,1,1.7333333333333334,1.3571428571428572,0.3761904761904762,1.5333333333333334,2.5714285714285716,0.06666666666666667,0.14285714285714285,6.4,5.071428571428571,5.533333333333333,4.142857142857143,12.866666666666667,13.428571428571429
2025-11-22,Paris SG,Le Havre,3,0,H,2,1,0,0,6,4,11,4,10,8,0,2.6153846153846154,0.5714285714285714,2.043956043956044,1.0,1.9285714285714286,0.0,0.07142857142857142,6.3076923076923075,3.857142857142857,7.3076923076923075,3.142857142857143,10.0,13.714285714285714
2025-11-23,Auxerre,Lyon,0,0,D,1,3,0,0,7,11,5,7,10,11,0,0.8666666666666667,1.3333333333333333,-0.46666666666666656,1.7333333333333334,2.0,0.4,0.3333333333333333,5.266666666666667,5.066666666666666,3.3333333333333335,4.666666666666667,13.4,13.266666666666667
2025-11-23,Brest,Metz,3,2,H,2,3,0,0,6,2,7,3,11,8,1,1.6428571428571428,0.8666666666666667,0.7761904761904761,1.7142857142857142,2.0,0.07142857142857142,0.2,4.857142857142857,3.466666666666667,4.5,2.2666666666666666,13.428571428571429,10.933333333333334
2025-11-23,Nantes,Lorient,1,1,D,1,1,0,0,1,1,1,1,17,17,1,1.0,0.7333333333333333,0.2666666666666667,2.0,1.5333333333333334,0.0,0.06666666666666667,3.2857142857142856,3.933333333333333,3.2857142857142856,3.2666666666666666,12.642857142857142,9.8
2025-11-23,Toulouse,Angers,0,1,A,1,3,0,0,11,1,6,2,15,15,0,1.4,0.6,0.7999999999999999,1.5333333333333334,1.2,0.13333333333333333,0.0,5.0,2.8,4.733333333333333,2.8,13.333333333333334,10.0
2025-11-23,Lille,Paris FC,4,2,H,1,2,0,0,9,4,10,3,9,12,1,1.6428571428571428,1.0,0.6428571428571428,1.9285714285714286,1.7333333333333334,0.14285714285714285,0.06666666666666667,6.071428571428571,3.2,4.714285714285714,3.3333333333333335,10.785714285714286,10.666666666666666
2025-11-28,Metz,Rennes,0,1,A,0,0,0,0,6,3,5,2,9,8,0,0.9285714285714286,1.6428571428571428,-0.7142857142857142,1.3571428571428572,1.9285714285714286,0.07142857142857142,0.21428571428571427,4.714285714285714,4.928571428571429,4.0,4.0,12.071428571428571,11.714285714285714
2025-11-29,Monaco,Paris SG,1,0,H,3,1,1,0,4,4,5,4,10,13,0,2.066666666666667,1.9285714285714286,0.13809523809523827,1.8,0.7857142857142857,0.26666666666666666,0.07142857142857142,4.533333333333333,5.642857142857143,4.533333333333333,6.642857142857143,12.333333333333334,9.428571428571429
2025-11-29,Paris FC,Auxerre,1,1,D,2,1,0,0,4,3,2,3,11,17,1,1.5714285714285714,0.7142857142857143,0.8571428571428571,2.2142857142857144,2.357142857142857,0.21428571428571427,0.07142857142857142,5.5,4.357142857142857,4.142857142857143,3.0,11.0,14.285714285714286
2025-11-29,Marseille,Toulouse,2,2,D,2,1,0,0,9,1,5,4,7,10,1,2.466666666666667,1.2857142857142858,1.180952380952381,2.0,2.9285714285714284,0.13333333333333333,0.07142857142857142,5.6,4.071428571428571,6.066666666666666,3.7857142857142856,13.0,14.785714285714286
2025-11-30,Strasbourg,Brest,1,2,A,0,3,0,0,5,0,6,4,12,14,1,1.7142857142857142,1.0,0.7142857142857142,1.5,1.9285714285714286,0.07142857142857142,0.21428571428571427,5.0,3.357142857142857,5.285714285714286,2.7142857142857144,10.0,13.071428571428571
2025-11-30,Angers,Lens,1,2,A,1,1,0,0,2,8,5,6,7,11,1,1.1428571428571428,1.6428571428571428,-0.5,1.7857142857142858,2.2142857142857144,0.07142857142857142,0.14285714285714285,4.357142857142857,5.285714285714286,3.9285714285714284,4.642857142857143,12.642857142857142,13.214285714285714
2025-11-30,Le Havre,Lille,0,1,A,1,3,0,1,6,2,7,2,15,13,0,1.0666666666666667,1.7333333333333334,-0.6666666666666667,1.5333333333333334,2.466666666666667,0.13333333333333333,0.26666666666666666,4.866666666666666,5.4,3.933333333333333,4.666666666666667,13.066666666666666,11.466666666666667
2025-11-30,Lorient,Nice,3,1,H,1,2,0,0,3,7,7,2,7,11,1,1.9285714285714286,1.1428571428571428,0.7857142857142858,1.8571428571428572,2.5,0.0,0.07142857142857142,2.857142857142857,5.285714285714286,4.5,3.642857142857143,9.857142857142858,13.285714285714286
2025-11-30,Lyon,Nantes,3,0,H,1,2,0,1,7,0,8,2,14,9,0,1.6428571428571428,0.7142857142857143,0.9285714285714285,1.8571428571428572,2.2142857142857144,0.14285714285714285,0.14285714285714285,5.571428571428571,2.9285714285714284,4.357142857142857,2.7142857142857144,13.928571428571429,12.857142857142858
2025-12-05,Brest,Monaco,1,0,H,2,4,1,0,2,3,4,2,17,15,0,1.6428571428571428,1.3571428571428572,0.2857142857142856,1.7142857142857142,2.5714285714285716,0.07142857142857142,0.14285714285714285,4.857142857142857,5.071428571428571,4.5,4.142857142857143,13.428571428571429,13.428571428571429
2025-12-05,Lille,Marseille,1,0,H,1,1,0,0,2,5,2,2,9,11,0,1.6428571428571428,1.5,0.1428571428571428,1.9285714285714286,2.4285714285714284,0.14285714285714285,0.14285714285714285,6.071428571428571,4.714285714285714,4.714285714285714,5.285714285714286,10.785714285714286,12.071428571428571
2025-12-06,Nantes,Lens,1,2,A,2,0,0,0,1,12,4,6,8,13,1,1.0,1.6428571428571428,-0.6428571428571428,2.0,2.2142857142857144,0.0,0.14285714285714285,3.2857142857142856,5.285714285714286,3.2857142857142856,4.642857142857143,12.642857142857142,13.214285714285714
2025-12-06,Toulouse,Strasbourg,1,0,H,3,3,0,0,1,2,3,0,21,13,0,1.4,1.5714285714285714,-0.17142857142857149,1.5333333333333334,2.2857142857142856,0.13333333333333333,0.2857142857142857,5.0,3.357142857142857,4.733333333333333,4.0,13.333333333333334,12.785714285714286
2025-12-06,Paris SG,Rennes,5,0,H,0,3,0,1,8,6,9,2,9,5,0,2.6153846153846154,1.6428571428571428,0.9725274725274726,1.0,1.9285714285714286,0.0,0.21428571428571427,6.3076923076923075,4.928571428571429,7.3076923076923075,4.0,10.0,11.714285714285714
2025-12-07,Nice,Angers,0,1,A,1,1,1,0,4,1,3,4,11,9,0,1.2,0.6,0.6,1.8,1.2,0.13333333333333333,0.0,5.133333333333334,2.8,4.466666666666667,2.8,12.4,10.0
2025-12-07,Auxerre,Metz,3,1,H,2,1,0,0,5,3,7,3,10,12,1,0.8666666666666667,0.8666666666666667,0.0,1.7333333333333334,2.0,0.4,0.2,5.266666666666667,3.466666666666667,3.3333333333333335,2.2666666666666666,13.4,10.933333333333334
2025-12-07,Le Havre,Paris FC,0,0,D,0,2,0,0,7,2,2,2,10,13,0,1.0666666666666667,1.0,0.06666666666666665,1.5333333333333334,1.7333333333333334,0.13333333333333333,0.06666666666666667,4.866666666666666,3.2,3.933333333333333,3.3333333333333335,13.066666666666666,10.666666666666666
2025-12-07,Lorient,Lyon,1,0,H,2,2,0,1,1,7,6,4,12,21,0,1.9285714285714286,1.3333333333333333,0.5952380952380953,1.8571428571428572,2.0,0.0,0.3333333333333333,2.857142857142857,5.066666666666666,4.5,4.666666666666667,9.857142857142858,13.266666666666667
2025-12-12,Angers,Nantes,4,1,H,1,2,0,0,6,3,9,4,17,13,1,1.1428571428571428,0.7142857142857143,0.4285714285714285,1.7857142857142858,2.2142857142857144,0.07142857142857142,0.14285714285714285,4.357142857142857,2.9285714285714284,3.9285714285714284,2.7142857142857144,12.642857142857142,12.857142857142858
2025-12-13,Rennes,Brest,3,1,H,2,3,0,0,5,7,5,7,16,22,1,1.7333333333333334,1.0,0.7333333333333334,1.5333333333333334,1.9285714285714286,0.06666666666666667,0.21428571428571427,6.4,3.357142857142857,5.533333333333333,2.7142857142857144,12.866666666666667,13.071428571428571
2025-12-13,Metz,Paris SG,2,3,A,2,1,0,0,4,4,5,9,10,10,1,0.9285714285714286,1.9285714285714286,-1.0,1.3571428571428572,0.7857142857142857,0.07142857142857142,0.07142857142857142,4.714285714285714,5.642857142857143,4.0,6.642857142857143,12.071428571428571,9.428571428571429
2025-12-13,Paris FC,Toulouse,0,3,A,3,1,0,0,7,4,2,4,12,14,0,1.5714285714285714,1.2857142857142858,0.2857142857142856,2.2142857142857144,2.9285714285714284,0.21428571428571427,0.07142857142857142,5.5,4.071428571428571,4.142857142857143,3.7857142857142856,11.0,14.785714285714286
2025-12-14,Lyon,Le Havre,1,0,H,2,4,0,0,5,4,4,4,14,18,0,1.6428571428571428,0.5714285714285714,1.0714285714285714,1.8571428571428572,1.9285714285714286,0.14285714285714285,0.07142857142857142,5.571428571428571,3.857142857142857,4.357142857142857,3.142857142857143,13.928571428571429,13.714285714285714
2025-12-14,Auxerre,Lille,3,4,A,5,2,2,2,10,3,8,5,21,10,1,0.8666666666666667,1.7333333333333334,-0.8666666666666667,1.7333333333333334,2.466666666666667,0.4,0.26666666666666666,5.266666666666667,5.4,3.3333333333333335,4.666666666666667,13.4,11.466666666666667
2025-12-14,Lens,Nice,2,0,H,0,2,0,0,2,5,5,4,17,13,0,2.2142857142857144,1.1428571428571428,1.0714285714285716,1.5714285714285714,2.5,0.14285714285714285,0.07142857142857142,6.285714285714286,5.285714285714286,5.785714285714286,3.642857142857143,13.0,13.285714285714286
2025-12-14,Strasbourg,Lorient,0,0,D,1,0,0,0,11,3,2,2,6,3,0,1.7142857142857142,0.7333333333333333,0.9809523809523809,1.5,1.5333333333333334,0.07142857142857142,0.06666666666666667,5.0,3.933333333333333,5.285714285714286,3.2666666666666666,10.0,9.8
2025-12-14,Marseille,Monaco,1,0,H,2,1,0,0,3,7,8,7,11,11,0,2.466666666666667,1.3571428571428572,1.1095238095238096,2.0,2.5714285714285716,0.13333333333333333,0.14285714285714285,5.6,5.071428571428571,6.066666666666666,4.142857142857143,13.0,13.428571428571429
2026-01-02,Toulouse,Lens,0,3,A,2,3,1,0,2,8,2,7,16,16,0,1.4,1.6428571428571428,-0.24285714285714288,1.5333333333333334,2.2142857142857144,0.13333333333333333,0.14285714285714285,5.0,5.285714285714286,4.733333333333333,4.642857142857143,13.333333333333334,13.214285714285714
2026-01-03,Monaco,Lyon,1,3,A,2,3,1,0,7,2,2,9,14,12,1,2.066666666666667,1.3333333333333333,0.7333333333333336,1.8,2.0,0.26666666666666666,0.3333333333333333,4.533333333333333,5.066666666666666,4.533333333333333,4.666666666666667,12.333333333333334,13.266666666666667
2026-01-03,Nice,Strasbourg,1,1,D,1,2,0,0,5,7,6,5,12,12,1,1.2,1.5714285714285714,-0.37142857142857144,1.8,2.2857142857142856,0.13333333333333333,0.2857142857142857,5.133333333333334,3.357142857142857,4.466666666666667,4.0,12.4,12.785714285714286
2026-01-03,Lille,Rennes,0,2,A,1,1,1,0,4,7,3,4,4,14,0,1.6428571428571428,1.6428571428571428,0.0,1.9285714285714286,1.9285714285714286,0.14285714285714285,0.21428571428571427,6.071428571428571,4.928571428571429,4.714285714285714,4.0,10.785714285714286,11.714285714285714
2026-01-04,Marseille,Nantes,0,2,A,2,3,2,0,6,3,4,9,17,20,0,2.466666666666667,0.7142857142857143,1.7523809523809524,2.0,2.2142857142857144,0.13333333333333333,0.14285714285714285,5.6,2.9285714285714284,6.066666666666666,2.7142857142857144,13.0,12.857142857142858
2026-01-04,Brest,Auxerre,2,0,H,3,2,0,0,7,6,4,1,16,9,0,1.6428571428571428,0.7142857142857143,0.9285714285714285,1.7142857142857142,2.357142857142857,0.07142857142857142,0.07142857142857142,4.857142857142857,4.357142857142857,4.5,3.0,13.428571428571429,14.285714285714286
2026-01-04,Le Havre,Angers,2,1,H,1,1,0,0,6,6,6,3,15,8,1,1.0666666666666667,0.6,0.4666666666666667,1.5333333333333334,1.2,0.13333333333333333,0.0,4.866666666666666,2.8,3.933333333333333,2.8,13.066666666666666,10.0
2026-01-04,Lorient,Metz,1,1,D,1,2,0,0,4,4,5,2,9,8,1,1.9285714285714286,0.8666666666666667,1.061904761904762,1.8571428571428572,2.0,0.0,0.2,2.857142857142857,3.466666666666667,4.5,2.2666666666666666,9.857142857142858,10.933333333333334
2026-01-04,Paris SG,Paris FC,2,1,H,1,0,0,0,7,1,6,3,7,4,1,2.6153846153846154,1.0,1.6153846153846154,1.0,1.7333333333333334,0.0,0.06666666666666667,6.3076923076923075,3.2,7.3076923076923075,3.3333333333333335,10.0,10.666666666666666
2026-01-16,Monaco,Lorient,1,3,A,1,0,0,0,4,3,7,4,16,9,1,2.066666666666667,0.7333333333333333,1.3333333333333335,1.8,1.5333333333333334,0.26666666666666666,0.06666666666666667,4.533333333333333,3.933333333333333,4.533333333333333,3.2666666666666666,12.333333333333334,9.8
2026-01-16,Paris SG,Lille,3,0,H,0,1,0,0,4,2,7,4,14,6,0,2.6153846153846154,1.7333333333333334,0.882051282051282,1.0,2.466666666666667,0.0,0.26666666666666666,6.3076923076923075,5.4,7.3076923076923075,4.666666666666667,10.0,11.466666666666667
2026-01-17,Lens,Auxerre,1,0,H,2,5,0,0,1,5,7,0,19,20,0,2.2142857142857144,0.7142857142857143,1.5,1.5714285714285714,2.357142857142857,0.14285714285714285,0.07142857142857142,6.285714285714286,4.357142857142857,5.785714285714286,3.0,13.0,14.285714285714286
2026-01-17,Toulouse,Nice,5,1,H,1,2,0,0,6,7,10,6,12,17,1,1.4,1.1428571428571428,0.2571428571428571,1.5333333333333334,2.5,0.13333333333333333,0.07142857142857142,5.0,5.285714285714286,4.733333333333333,3.642857142857143,13.333333333333334,13.285714285714286
2026-01-17,Angers,Marseille,2,5,A,1,1,0,0,6,2,3,11,9,8,1,1.1428571428571428,1.5,-0.3571428571428572,1.7857142857142858,2.4285714285714284,0.07142857142857142,0.14285714285714285,4.357142857142857,4.714285714285714,3.9285714285714284,5.285714285714286,12.642857142857142,12.071428571428571
2026-01-18,Strasbourg,Metz,2,1,H,2,3,0,0,4,1,6,2,12,12,1,1.7142857142857142,0.8666666666666667,0.8476190476190475,1.5,2.0,0.07142857142857142,0.2,5.0,3.466666666666667,5.285714285714286,2.2666666666666666,10.0,10.933333333333334
2026-01-18,Nantes,Paris FC,1,2,A,1,3,0,0,1,2,1,3,16,14,1,1.0,1.0,0.0,2.0,1.7333333333333334,0.0,0.06666666666666667,3.2857142857142856,3.2,3.2857142857142856,3.3333333333333335,12.642857142857142,10.666666666666666
2026-01-18,Rennes,Le Havre,1,1,D,1,4,0,0,10,6,7,4,18,14,1,1.7333333333333334,0.5714285714285714,1.161904761904762,1.5333333333333334,1.9285714285714286,0.06666666666666667,0.07142857142857142,6.4,3.857142857142857,5.533333333333333,3.142857142857143,12.866666666666667,13.714285714285714
2026-01-18,Lyon,Brest,2,1,H,2,0,0,1,5,0,6,2,18,9,1,1.6428571428571428,1.0,0.6428571428571428,1.8571428571428572,1.9285714285714286,0.14285714285714285,0.21428571428571427,5.571428571428571,3.357142857142857,4.357142857142857,2.7142857142857144,13.928571428571429,13.071428571428571
2026-01-23,Auxerre,Paris SG,0,1,A,0,1,0,0,2,7,0,8,10,12,0,0.8666666666666667,1.9285714285714286,-1.061904761904762,1.7333333333333334,0.7857142857142857,0.4,0.07142857142857142,5.266666666666667,5.642857142857143,3.3333333333333335,6.642857142857143,13.4,9.428571428571429
2026-01-24,Rennes,Lorient,0,2,A,2,0,0,0,9,3,5,4,18,7,0,1.7333333333333334,0.7333333333333333,1.0,1.5333333333333334,1.5333333333333334,0.06666666666666667,0.06666666666666667,6.4,3.933333333333333,5.533333333333333,3.2666666666666666,12.866666666666667,9.8
2026-01-24,Le Havre,Monaco,0,0,D,0,3,0,0,5,6,1,2,9,20,0,1.0666666666666667,1.3571428571428572,-0.29047619047619055,1.5333333333333334,2.5714285714285716,0.13333333333333333,0.14285714285714285,4.866666666666666,5.071428571428571,3.933333333333333,4.142857142857143,13.066666666666666,13.428571428571429
2026-01-24,Marseille,Lens,3,1,H,0,3,0,0,2,2,5,2,18,16,1,2.466666666666667,1.6428571428571428,0.823809523809524,2.0,2.2142857142857144,0.13333333333333333,0.14285714285714285,5.6,5.285714285714286,6.066666666666666,4.642857142857143,13.0,13.214285714285714
2026-01-25,Nantes,Nice,1,4,A,2,3,0,0,4,2,5,4,11,15,1,1.0,1.1428571428571428,-0.1428571428571428,2.0,2.5,0.0,0.07142857142857142,3.2857142857142856,5.285714285714286,3.2857142857142856,3.642857142857143,12.642857142857142,13.285714285714286
2026-01-25,Brest,Toulouse,0,2,A,2,3,0,0,3,2,5,5,16,16,0,1.6428571428571428,1.2857142857142858,0.357142857142857,1.7142857142857142,2.9285714285714284,0.07142857142857142,0.07142857142857142,4.857142857142857,4.071428571428571,4.5,3.7857142857142856,13.428571428571429,14.785714285714286
2026-01-25,Metz,Lyon,2,5,A,1,0,0,0,6,4,6,10,10,5,1,0.9285714285714286,1.3333333333333333,-0.40476190476190466,1.3571428571428572,2.0,0.07142857142857142,0.3333333333333333,4.714285714285714,5.066666666666666,4.0,4.666666666666667,12.071428571428571,13.266666666666667
2026-01-25,Paris FC,Angers,0,0,D,1,1,0,0,2,1,1,1,14,7,0,1.5714285714285714,0.6,0.9714285714285714,2.2142857142857144,1.2,0.21428571428571427,0.0,5.5,2.8,4.142857142857143,2.8,11.0,10.0
2026-01-25,Lille,Strasbourg,1,4,A,2,2,0,0,8,1,6,6,11,13,1,1.6428571428571428,1.5714285714285714,0.0714285714285714,1.9285714285714286,2.2857142857142856,0.14285714285714285,0.2857142857142857,6.071428571428571,3.357142857142857,4.714285714285714,4.0,10.785714285714286,12.785714285714286
2026-01-30,Lens,Le Havre,1,0,H,1,2,0,0,4,3,3,2,20,10,0,2.2142857142857144,0.5714285714285714,1.642857142857143,1.5714285714285714,1.9285714285714286,0.14285714285714285,0.07142857142857142,6.285714285714286,3.857142857142857,5.785714285714286,3.142857142857143,13.0,13.714285714285714
2026-01-31,Paris FC,Marseille,2,2,D,1,4,0,0,4,4,4,4,12,15,1,1.5714285714285714,1.5,0.0714285714285714,2.2142857142857144,2.4285714285714284,0.21428571428571427,0.14285714285714285,5.5,4.714285714285714,4.142857142857143,5.285714285714286,11.0,12.071428571428571
2026-01-31,Lorient,Nantes,2,1,H,4,5,0,0,1,4,4,2,12,18,1,1.9285714285714286,0.7142857142857143,1.2142857142857144,1.8571428571428572,2.2142857142857144,0.0,0.14285714285714285,2.857142857142857,2.9285714285714284,4.5,2.7142857142857144,9.857142857142858,12.857142857142858
2026-01-31,Monaco,Rennes,4,0,H,1,2,0,0,5,2,6,4,15,9,0,2.066666666666667,1.6428571428571428,0.4238095238095241,1.8,1.9285714285714286,0.26666666666666666,0.21428571428571427,4.533333333333333,4.928571428571429,4.533333333333333,4.0,12.333333333333334,11.714285714285714
2026-02-01,Lyon,Lille,1,0,H,1,4,0,0,2,7,2,4,15,11,0,1.6428571428571428,1.7333333333333334,-0.0904761904761906,1.8571428571428572,2.466666666666667,0.14285714285714285,0.26666666666666666,5.571428571428571,5.4,4.357142857142857,4.666666666666667,13.928571428571429,11.466666666666667
2026-02-01,Angers,Metz,1,0,H,2,2,0,1,4,3,7,0,11,11,0,1.1428571428571428,0.8666666666666667,0.2761904761904761,1.7857142857142858,2.0,0.07142857142857142,0.2,4.357142857142857,3.466666666666667,3.9285714285714284,2.2666666666666666,12.642857142857142,10.933333333333334
2026-02-01,Nice,Brest,2,2,D,5,3,0,0,6,5,7,2,15,21,1,1.2,1.0,0.19999999999999996,1.8,1.9285714285714286,0.13333333333333333,0.21428571428571427,5.133333333333334,3.357142857142857,4.466666666666667,2.7142857142857144,12.4,13.071428571428571
2026-02-01,Toulouse,Auxerre,0,0,D,1,2,0,0,5,4,4,2,12,13,0,1.4,0.7142857142857143,0.6857142857142856,1.5333333333333334,2.357142857142857,0.13333333333333333,0.07142857142857142,5.0,4.357142857142857,4.733333333333333,3.0,13.333333333333334,14.285714285714286
2026-02-01,Strasbourg,Paris SG,1,2,A,1,0,0,1,5,6,4,4,8,6,1,1.7142857142857142,1.9285714285714286,-0.2142857142857144,1.5,0.7857142857142857,0.07142857142857142,0.07142857142857142,5.0,5.642857142857143,5.285714285714286,6.642857142857143,10.0,9.428571428571429
2026-02-06,Metz,Lille,0,0,D,1,1,0,0,1,6,2,1,12,9,0,0.9285714285714286,1.7333333333333334,-0.8047619047619048,1.3571428571428572,2.466666666666667,0.07142857142857142,0.26666666666666666,4.714285714285714,5.4,4.0,4.666666666666667,12.071428571428571,11.466666666666667
2026-02-07,Lens,Rennes,3,1,H,4,2,1,0,4,4,3,1,13,17,1,2.2142857142857144,1.6428571428571428,0.5714285714285716,1.5714285714285714,1.9285714285714286,0.14285714285714285,0.21428571428571427,6.285714285714286,4.928571428571429,5.785714285714286,4.0,13.0,11.714285714285714
2026-02-07,Brest,Lorient,2,0,H,2,0,0,0,7,7,5,2,11,10,0,1.6428571428571428,0.7333333333333333,0.9095238095238095,1.7142857142857142,1.5333333333333334,0.07142857142857142,0.06666666666666667,4.857142857142857,3.933333333333333,4.5,3.2666666666666666,13.428571428571429,9.8
2026-02-07,Nantes,Lyon,0,1,A,4,2,0,1,5,4,2,3,13,11,0,1.0,1.3333333333333333,-0.33333333333333326,2.0,2.0,0.0,0.3333333333333333,3.2857142857142856,5.066666666666666,3.2857142857142856,4.666666666666667,12.642857142857142,13.266666666666667
2026-02-08,Nice,Monaco,0,0,D,2,2,0,0,8,6,3,2,10,11,0,1.2,1.3571428571428572,-0.15714285714285725,1.8,2.5714285714285716,0.13333333333333333,0.14285714285714285,5.133333333333334,5.071428571428571,4.466666666666667,4.142857142857143,12.4,13.428571428571429
2026-02-08,Angers,Toulouse,1,0,H,3,2,0,0,3,5,4,5,11,16,0,1.1428571428571428,1.2857142857142858,-0.14285714285714302,1.7857142857142858,2.9285714285714284,0.07142857142857142,0.07142857142857142,4.357142857142857,4.071428571428571,3.9285714285714284,3.7857142857142856,12.642857142857142,14.785714285714286
2026-02-08,Auxerre,Paris FC,0,0,D,1,4,0,0,7,4,2,4,8,12,0,0.8666666666666667,1.0,-0.1333333333333333,1.7333333333333334,1.7333333333333334,0.4,0.06666666666666667,5.266666666666667,3.2,3.3333333333333335,3.3333333333333335,13.4,10.666666666666666
2026-02-08,Le Havre,Strasbourg,2,1,H,2,1,0,1,9,3,7,3,15,12,1,1.0666666666666667,1.5714285714285714,-0.5047619047619047,1.5333333333333334,2.2857142857142856,0.13333333333333333,0.2857142857142857,4.866666666666666,3.357142857142857,3.933333333333333,4.0,13.066666666666666,12.785714285714286
2026-02-08,Paris SG,Marseille,5,0,H,2,2,0,0,5,2,7,3,11,18,0,2.6153846153846154,1.5,1.1153846153846154,1.0,2.4285714285714284,0.0,0.14285714285714285,6.3076923076923075,4.714285714285714,7.3076923076923075,5.285714285714286,10.0,12.071428571428571
2026-02-13,Rennes,Paris SG,3,1,H,0,0,0,0,5,8,4,7,10,9,1,1.7333333333333334,1.9285714285714286,-0.1952380952380952,1.5333333333333334,0.7857142857142857,0.06666666666666667,0.07142857142857142,6.4,5.642857142857143,5.533333333333333,6.642857142857143,12.866666666666667,9.428571428571429
2026-02-13,Monaco,Nantes,3,1,H,5,2,1,0,9,3,6,2,15,8,1,2.066666666666667,0.7142857142857143,1.3523809523809525,1.8,2.2142857142857144,0.26666666666666666,0.14285714285714285,4.533333333333333,2.9285714285714284,4.533333333333333,2.7142857142857144,12.333333333333334,12.857142857142858
2026-02-14,Marseille,Strasbourg,2,2,D,4,2,0,0,5,5,6,4,11,10,1,2.466666666666667,1.5714285714285714,0.8952380952380954,2.0,2.2857142857142856,0.13333333333333333,0.2857142857142857,5.6,3.357142857142857,6.066666666666666,4.0,13.0,12.785714285714286
2026-02-14,Lille,Brest,1,1,D,0,1,0,0,13,1,5,4,6,12,1,1.6428571428571428,1.0,0.6428571428571428,1.9285714285714286,1.9285714285714286,0.14285714285714285,0.21428571428571427,6.071428571428571,3.357142857142857,4.714285714285714,2.7142857142857144,10.785714285714286,13.071428571428571
2026-02-14,Paris FC,Lens,0,5,A,2,1,0,0,3,5,6,6,13,9,0,1.5714285714285714,1.6428571428571428,-0.0714285714285714,2.2142857142857144,2.2142857142857144,0.21428571428571427,0.14285714285714285,5.5,5.285714285714286,4.142857142857143,4.642857142857143,11.0,13.214285714285714
2026-02-15,Le Havre,Toulouse,2,1,H,1,4,1,0,1,10,2,9,7,16,1,1.0666666666666667,1.2857142857142858,-0.21904761904761916,1.5333333333333334,2.9285714285714284,0.13333333333333333,0.07142857142857142,4.866666666666666,4.071428571428571,3.933333333333333,3.7857142857142856,13.066666666666666,14.785714285714286
2026-02-15,Lorient,Angers,2,0,H,0,0,0,0,3,2,2,3,7,8,0,1.9285714285714286,0.6,1.3285714285714287,1.8571428571428572,1.2,0.0,0.0,2.857142857142857,2.8,4.5,2.8,9.857142857142858,10.0
2026-02-15,Metz,Auxerre,1,3,A,2,3,0,0,4,3,4,3,13,12,1,0.9285714285714286,0.7142857142857143,0.2142857142857143,1.3571428571428572,2.357142857142857,0.07142857142857142,0.07142857142857142,4.714285714285714,4.357142857142857,4.0,3.0,12.071428571428571,14.285714285714286
2026-02-15,Lyon,Nice,2,0,H,3,1,0,0,8,5,2,3,16,12,0,1.6428571428571428,1.1428571428571428,0.5,1.8571428571428572,2.5,0.14285714285714285,0.07142857142857142,5.571428571428571,5.285714285714286,4.357142857142857,3.642857142857143,13.928571428571429,13.285714285714286
2026-02-20,Brest,Marseille,2,0,H,1,4,0,0,3,2,4,4,10,17,0,1.6428571428571428,1.5,0.1428571428571428,1.7142857142857142,2.4285714285714284,0.07142857142857142,0.14285714285714285,4.857142857142857,4.714285714285714,4.5,5.285714285714286,13.428571428571429,12.071428571428571
2026-02-21,Lens,Monaco,2,3,A,2,1,0,0,7,2,7,5,13,12,1,2.2142857142857144,1.3571428571428572,0.8571428571428572,1.5714285714285714,2.5714285714285716,0.14285714285714285,0.14285714285714285,6.285714285714286,5.071428571428571,5.785714285714286,4.142857142857143,13.0,13.428571428571429
2026-02-21,Toulouse,Paris FC,1,1,D,1,5,0,0,12,3,10,2,13,7,1,1.4,1.0,0.3999999999999999,1.5333333333333334,1.7333333333333334,0.13333333333333333,0.06666666666666667,5.0,3.2,4.733333333333333,3.3333333333333335,13.333333333333334,10.666666666666666
2026-02-21,Paris SG,Metz,3,0,H,0,2,0,0,4,1,7,0,9,15,0,2.6153846153846154,0.8666666666666667,1.7487179487179487,1.0,2.0,0.0,0.2,6.3076923076923075,3.466666666666667,7.3076923076923075,2.2666666666666666,10.0,10.933333333333334
2026-02-22,Auxerre,Rennes,0,3,A,1,4,0,0,4,5,2,7,17,22,0,0.8666666666666667,1.6428571428571428,-0.7761904761904761,1.7333333333333334,1.9285714285714286,0.4,0.21428571428571427,5.266666666666667,4.928571428571429,3.3333333333333335,4.0,13.4,11.714285714285714
2026-02-22,Angers,Lille,0,1,A,3,1,0,0,1,7,2,5,14,11,0,1.1428571428571428,1.7333333333333334,-0.5904761904761906,1.7857142857142858,2.466666666666667,0.07142857142857142,0.26666666666666666,4.357142857142857,5.4,3.9285714285714284,4.666666666666667,12.642857142857142,11.466666666666667
2026-02-22,Nantes,Le Havre,2,0,H,4,3,0,0,5,6,2,1,17,13,0,1.0,0.5714285714285714,0.4285714285714286,2.0,1.9285714285714286,0.0,0.07142857142857142,3.2857142857142856,3.857142857142857,3.2857142857142856,3.142857142857143,12.642857142857142,13.714285714285714
2026-02-22,Nice,Lorient,3,3,D,2,3,0,0,3,7,4,5,15,4,1,1.2,0.7333333333333333,0.4666666666666667,1.8,1.5333333333333334,0.13333333333333333,0.06666666666666667,5.133333333333334,3.933333333333333,4.466666666666667,3.2666666666666666,12.4,9.8
2026-02-22,Strasbourg,Lyon,3,1,H,1,2,0,0,4,2,7,2,11,12,1,1.7142857142857142,1.3333333333333333,0.38095238095238093,1.5,2.0,0.07142857142857142,0.3333333333333333,5.0,5.066666666666666,5.285714285714286,4.666666666666667,10.0,13.266666666666667
2026-02-27,Strasbourg,Lens,1,1,D,2,2,0,0,2,8,5,5,9,8,1,1.7142857142857142,1.6428571428571428,0.0714285714285714,1.5,2.2142857142857144,0.07142857142857142,0.14285714285714285,5.0,5.285714285714286,5.285714285714286,4.642857142857143,10.0,13.214285714285714
2026-02-28,Rennes,Toulouse,1,0,H,1,3,0,0,6,1,2,2,9,13,0,1.7333333333333334,1.2857142857142858,0.4476190476190476,1.5333333333333334,2.9285714285714284,0.06666666666666667,0.07142857142857142,6.4,4.071428571428571,5.533333333333333,3.7857142857142856,12.866666666666667,14.785714285714286
2026-02-28,Monaco,Angers,2,0,H,0,3,0,0,5,2,4,2,9,10,0,2.066666666666667,0.6,1.4666666666666668,1.8,1.2,0.26666666666666666,0.0,4.533333333333333,2.8,4.533333333333333,2.8,12.333333333333334,10.0
2026-02-28,Le Havre,Paris SG,0,1,A,3,0,0,0,3,3,2,9,12,10,0,1.0666666666666667,1.9285714285714286,-0.861904761904762,1.5333333333333334,0.7857142857142857,0.13333333333333333,0.07142857142857142,4.866666666666666,5.642857142857143,3.933333333333333,6.642857142857143,13.066666666666666,9.428571428571429
2026-03-01,Paris FC,Nice,1,0,H,6,3,1,0,8,6,6,3,7,8,0,1.5714285714285714,1.1428571428571428,0.4285714285714286,2.2142857142857144,2.5,0.21428571428571427,0.07142857142857142,5.5,5.285714285714286,4.142857142857143,3.642857142857143,11.0,13.285714285714286
2026-03-01,Lille,Nantes,1,0,H,3,1,0,0,4,1,3,1,11,15,0,1.6428571428571428,0.7142857142857143,0.9285714285714285,1.9285714285714286,2.2142857142857144,0.14285714285714285,0.14285714285714285,6.071428571428571,2.9285714285714284,4.714285714285714,2.7142857142857144,10.785714285714286,12.857142857142858
2026-03-01,Lorient,Auxerre,2,2,D,1,3,0,0,3,7,5,3,11,10,1,1.9285714285714286,0.7142857142857143,1.2142857142857144,1.8571428571428572,2.357142857142857,0.0,0.07142857142857142,2.857142857142857,4.357142857142857,4.5,3.0,9.857142857142858,14.285714285714286
2026-03-01,Metz,Brest,0,1,A,2,1,0,1,12,4,6,1,14,11,0,0.9285714285714286,1.0,-0.0714285714285714,1.3571428571428572,1.9285714285714286,0.07142857142857142,0.21428571428571427,4.714285714285714,3.357142857142857,4.0,2.7142857142857144,12.071428571428571,13.071428571428571
2026-03-01,Marseille,Lyon,3,2,H,3,2,0,0,8,1,7,6,16,8,1,2.466666666666667,1.3333333333333333,1.1333333333333335,2.0,2.0,0.13333333333333333,0.3333333333333333,5.6,5.066666666666666,6.066666666666666,4.666666666666667,13.0,13.266666666666667
2026-03-06,Paris SG,Monaco,1,3,A,1,3,0,0,7,3,6,6,12,6,1,2.6153846153846154,1.3571428571428572,1.2582417582417582,1.0,2.5714285714285716,0.0,0.14285714285714285,6.3076923076923075,5.071428571428571,7.3076923076923075,4.142857142857143,10.0,13.428571428571429
2026-03-07,Nantes,Angers,0,1,A,1,1,0,0,3,4,3,4,14,19,0,1.0,0.6,0.4,2.0,1.2,0.0,0.0,3.2857142857142856,2.8,3.2857142857142856,2.8,12.642857142857142,10.0
2026-03-07,Auxerre,Strasbourg,0,0,D,1,2,0,0,5,4,4,5,10,11,0,0.8666666666666667,1.5714285714285714,-0.7047619047619047,1.7333333333333334,2.2857142857142856,0.4,0.2857142857142857,5.266666666666667,3.357142857142857,3.3333333333333335,4.0,13.4,12.785714285714286
2026-03-07,Toulouse,Marseille,0,1,A,2,3,0,0,4,2,2,3,15,14,0,1.4,1.5,-0.10000000000000009,1.5333333333333334,2.4285714285714284,0.13333333333333333,0.14285714285714285,5.0,4.714285714285714,4.733333333333333,5.285714285714286,13.333333333333334,12.071428571428571
2026-03-08,Lens,Metz,3,0,H,0,3,0,0,6,4,7,0,12,17,0,2.2142857142857144,0.8666666666666667,1.3476190476190477,1.5714285714285714,2.0,0.14285714285714285,0.2,6.285714285714286,3.466666666666667,5.785714285714286,2.2666666666666666,13.0,10.933333333333334
2026-03-08,Brest,Le Havre,2,0,H,3,1,0,0,1,3,2,0,15,17,0,1.6428571428571428,0.5714285714285714,1.0714285714285714,1.7142857142857142,1.9285714285714286,0.07142857142857142,0.07142857142857142,4.857142857142857,3.857142857142857,4.5,3.142857142857143,13.428571428571429,13.714285714285714
2026-03-08,Lille,Lorient,1,1,D,4,1,0,0,5,1,2,5,14,13,1,1.6428571428571428,0.7333333333333333,0.9095238095238095,1.9285714285714286,1.5333333333333334,0.14285714285714285,0.06666666666666667,6.071428571428571,3.933333333333333,4.714285714285714,3.2666666666666666,10.785714285714286,9.8
2026-03-08,Nice,Rennes,0,4,A,2,1,0,0,7,1,2,6,9,8,0,1.2,1.6428571428571428,-0.44285714285714284,1.8,1.9285714285714286,0.13333333333333333,0.21428571428571427,5.133333333333334,4.928571428571429,4.466666666666667,4.0,12.4,11.714285714285714
2026-03-08,Lyon,Paris FC,1,1,D,2,0,0,0,8,2,4,4,7,9,1,1.6428571428571428,1.0,0.6428571428571428,1.8571428571428572,1.7333333333333334,0.14285714285714285,0.06666666666666667,5.571428571428571,3.2,4.357142857142857,3.3333333333333335,13.928571428571429,10.666666666666666
2026-03-13,Marseille,Auxerre,1,0,H,4,2,0,0,9,2,3,3,12,17,0,2.466666666666667,0.7142857142857143,1.7523809523809524,2.0,2.357142857142857,0.13333333333333333,0.07142857142857142,5.6,4.357142857142857,6.066666666666666,3.0,13.0,14.285714285714286
2026-03-14,Lorient,Lens,2,1,H,2,3,0,0,1,10,3,6,6,11,1,1.9285714285714286,1.6428571428571428,0.2857142857142858,1.8571428571428572,2.2142857142857144,0.0,0.14285714285714285,2.857142857142857,5.285714285714286,4.5,4.642857142857143,9.857142857142858,13.214285714285714
2026-03-14,Angers,Nice,0,2,A,1,3,0,0,7,6,1,8,10,13,0,1.1428571428571428,1.1428571428571428,0.0,1.7857142857142858,2.5,0.07142857142857142,0.07142857142857142,4.357142857142857,5.285714285714286,3.9285714285714284,3.642857142857143,12.642857142857142,13.285714285714286
2026-03-14,Monaco,Brest,2,0,H,2,1,0,0,3,8,4,1,9,8,0,2.066666666666667,1.0,1.0666666666666669,1.8,1.9285714285714286,0.26666666666666666,0.21428571428571427,4.533333333333333,3.357142857142857,4.533333333333333,2.7142857142857144,12.333333333333334,13.071428571428571
2026-03-15,Strasbourg,Paris FC,0,0,D,1,0,0,0,12,4,3,2,11,17,0,1.7142857142857142,1.0,0.7142857142857142,1.5,1.7333333333333334,0.07142857142857142,0.06666666666666667,5.0,3.2,5.285714285714286,3.3333333333333335,10.0,10.666666666666666
2026-03-15,Le Havre,Lyon,0,0,D,1,3,1,0,2,2,4,4,7,16,0,1.0666666666666667,1.3333333333333333,-0.2666666666666666,1.5333333333333334,2.0,0.13333333333333333,0.3333333333333333,4.866666666666666,5.066666666666666,3.933333333333333,4.666666666666667,13.066666666666666,13.266666666666667
2026-03-15,Metz,Toulouse,3,4,A,0,3,0,0,4,4,8,6,10,13,1,0.9285714285714286,1.2857142857142858,-0.3571428571428572,1.3571428571428572,2.9285714285714284,0.07142857142857142,0.07142857142857142,4.714285714285714,4.071428571428571,4.0,3.7857142857142856,12.071428571428571,14.785714285714286
2026-03-15,Rennes,Lille,1,2,A,2,5,0,0,5,2,4,3,16,7,1,1.7333333333333334,1.7333333333333334,0.0,1.5333333333333334,2.466666666666667,0.06666666666666667,0.26666666666666666,6.4,5.4,5.533333333333333,4.666666666666667,12.866666666666667,11.466666666666667
2026-03-20,Lens,Angers,5,1,H,0,0,0,0,7,3,9,5,7,5,1,2.2142857142857144,0.6,1.6142857142857143,1.5714285714285714,1.2,0.14285714285714285,0.0,6.285714285714286,2.8,5.785714285714286,2.8,13.0,10.0
2026-03-21,Toulouse,Lorient,1,0,H,2,3,0,0,1,4,4,2,9,10,0,1.4,0.7333333333333333,0.6666666666666666,1.5333333333333334,1.5333333333333334,0.13333333333333333,0.06666666666666667,5.0,3.933333333333333,4.733333333333333,3.2666666666666666,13.333333333333334,9.8
2026-03-21,Auxerre,Brest,3,0,H,0,4,1,0,6,3,7,2,10,14,0,0.8666666666666667,1.0,-0.1333333333333333,1.7333333333333334,1.9285714285714286,0.4,0.21428571428571427,5.266666666666667,3.357142857142857,3.3333333333333335,2.7142857142857144,13.4,13.071428571428571
2026-03-21,Nice,Paris SG,0,4,A,0,1,1,0,2,5,1,10,12,5,0,1.2,1.9285714285714286,-0.7285714285714286,1.8,0.7857142857142857,0.13333333333333333,0.07142857142857142,5.133333333333334,5.642857142857143,4.466666666666667,6.642857142857143,12.4,9.428571428571429
2026-03-22,Lyon,Monaco,1,2,A,1,3,1,0,2,6,4,7,11,19,1,1.6428571428571428,1.3571428571428572,0.2857142857142856,1.8571428571428572,2.5714285714285716,0.14285714285714285,0.14285714285714285,5.571428571428571,5.071428571428571,4.357142857142857,4.142857142857143,13.928571428571429,13.428571428571429
2026-03-22,Marseille,Lille,1,2,A,1,3,0,0,6,4,3,4,8,6,1,2.466666666666667,1.7333333333333334,0.7333333333333334,2.0,2.466666666666667,0.13333333333333333,0.26666666666666666,5.6,5.4,6.066666666666666,4.666666666666667,13.0,11.466666666666667
2026-03-22,Paris FC,Le Havre,3,2,H,0,1,1,0,9,5,4,6,9,13,1,1.5714285714285714,0.5714285714285714,1.0,2.2142857142857144,1.9285714285714286,0.21428571428571427,0.07142857142857142,5.5,3.857142857142857,4.142857142857143,3.142857142857143,11.0,13.714285714285714
2026-03-22,Rennes,Metz,0,0,D,1,3,0,0,8,2,8,2,13,13,0,1.7333333333333334,0.8666666666666667,0.8666666666666667,1.5333333333333334,2.0,0.06666666666666667,0.2,6.4,3.466666666666667,5.533333333333333,2.2666666666666666,12.866666666666667,10.933333333333334
2026-03-22,Nantes,Strasbourg,2,3,A,3,3,0,0,3,6,9,9,15,17,1,1.0,1.5714285714285714,-0.5714285714285714,2.0,2.2857142857142856,0.0,0.2857142857142857,3.2857142857142856,3.357142857142857,3.2857142857142856,4.0,12.642857142857142,12.785714285714286
2026-04-03,Paris SG,Toulouse,3,1,H,0,1,0,0,5,2,7,1,4,13,1,2.6153846153846154,1.2857142857142858,1.3296703296703296,1.0,2.9285714285714284,0.0,0.07142857142857142,6.3076923076923075,4.071428571428571,7.3076923076923075,3.7857142857142856,10.0,14.785714285714286
2026-04-04,Strasbourg,Nice,3,1,H,0,2,0,0,4,10,6,3,7,15,1,1.7142857142857142,1.1428571428571428,0.5714285714285714,1.5,2.5,0.07142857142857142,0.07142857142857142,5.0,5.285714285714286,5.285714285714286,3.642857142857143,10.0,13.285714285714286
2026-04-04,Brest,Rennes,3,4,A,2,4,0,0,3,7,4,7,13,11,1,1.6428571428571428,1.6428571428571428,0.0,1.7142857142857142,1.9285714285714286,0.07142857142857142,0.21428571428571427,4.857142857142857,4.928571428571429,4.5,4.0,13.428571428571429,11.714285714285714
2026-04-04,Lille,Lens,3,0,H,3,2,0,0,3,3,7,1,9,13,0,1.6428571428571428,1.6428571428571428,0.0,1.9285714285714286,2.2142857142857144,0.14285714285714285,0.14285714285714285,6.071428571428571,5.285714285714286,4.714285714285714,4.642857142857143,10.785714285714286,13.214285714285714
2026-04-05,Angers,Lyon,0,0,D,3,0,0,0,3,7,1,2,14,13,0,1.1428571428571428,1.3333333333333333,-0.19047619047619047,1.7857142857142858,2.0,0.07142857142857142,0.3333333333333333,4.357142857142857,5.066666666666666,3.9285714285714284,4.666666666666667,12.642857142857142,13.266666666666667
2026-04-05,Le Havre,Auxerre,1,1,D,2,2,0,0,5,5,3,2,16,21,1,1.0666666666666667,0.7142857142857143,0.35238095238095235,1.5333333333333334,2.357142857142857,0.13333333333333333,0.07142857142857142,4.866666666666666,4.357142857142857,3.933333333333333,3.0,13.066666666666666,14.285714285714286
2026-04-05,Lorient,Paris FC,1,1,D,1,2,0,0,5,6,3,5,8,6,1,1.9285714285714286,1.0,0.9285714285714286,1.8571428571428572,1.7333333333333334,0.0,0.06666666666666667,2.857142857142857,3.2,4.5,3.3333333333333335,9.857142857142858,10.666666666666666
2026-04-05,Metz,Nantes,0,0,D,2,1,0,1,6,3,5,2,14,10,0,0.9285714285714286,0.7142857142857143,0.2142857142857143,1.3571428571428572,2.2142857142857144,0.07142857142857142,0.14285714285714285,4.714285714285714,2.9285714285714284,4.0,2.7142857142857144,12.071428571428571,12.857142857142858
2026-04-05,Monaco,Marseille,2,1,H,2,2,0,0,0,8,3,9,14,9,1,2.066666666666667,1.5,0.5666666666666669,1.8,2.4285714285714284,0.26666666666666666,0.14285714285714285,4.533333333333333,4.714285714285714,4.533333333333333,5.285714285714286,12.333333333333334,12.071428571428571
2026-04-10,Paris FC,Monaco,4,1,H,1,0,0,0,1,11,6,5,5,6,1,1.5714285714285714,1.3571428571428572,0.2142857142857142,2.2142857142857144,2.5714285714285716,0.21428571428571427,0.14285714285714285,5.5,5.071428571428571,4.142857142857143,4.142857142857143,11.0,13.428571428571429
2026-04-10,Marseille,Metz,3,1,H,1,2,0,0,7,4,9,2,12,8,1,2.466666666666667,0.8666666666666667,1.6,2.0,2.0,0.13333333333333333,0.2,5.6,3.466666666666667,6.066666666666666,2.2666666666666666,13.0,10.933333333333334
2026-04-11,Auxerre,Nantes,0,0,D,0,4,0,0,3,2,0,4,20,15,0,0.8666666666666667,0.7142857142857143,0.1523809523809524,1.7333333333333334,2.2142857142857144,0.4,0.14285714285714285,5.266666666666667,2.9285714285714284,3.3333333333333335,2.7142857142857144,13.4,12.857142857142858
2026-04-11,Rennes,Angers,2,1,H,0,2,0,0,11,3,7,4,9,15,1,1.7333333333333334,0.6,1.1333333333333333,1.5333333333333334,1.2,0.06666666666666667,0.0,6.4,2.8,5.533333333333333,2.8,12.866666666666667,10.0
2026-04-12,Nice,Le Havre,1,1,D,1,1,0,0,5,2,5,6,20,14,1,1.2,0.5714285714285714,0.6285714285714286,1.8,1.9285714285714286,0.13333333333333333,0.07142857142857142,5.133333333333334,3.857142857142857,4.466666666666667,3.142857142857143,12.4,13.714285714285714
2026-04-12,Toulouse,Lille,0,4,A,2,0,1,0,4,2,1,9,13,12,0,1.4,1.7333333333333334,-0.3333333333333335,1.5333333333333334,2.466666666666667,0.13333333333333333,0.26666666666666666,5.0,5.4,4.733333333333333,4.666666666666667,13.333333333333334,11.466666666666667
2026-04-12,Lyon,Lorient,2,0,H,4,1,0,0,4,6,5,6,17,14,0,1.6428571428571428,0.7333333333333333,0.9095238095238095,1.8571428571428572,1.5333333333333334,0.14285714285714285,0.06666666666666667,5.571428571428571,3.933333333333333,4.357142857142857,3.2666666666666666,13.928571428571429,9.8
2025-08-09,Guingamp,Le Mans,3,3,D,3,3,0,1,10,5,7,3,16,22,1,1.1875,1.8,-0.6125,1.875,2.6666666666666665,0.0625,0.2,6.3125,5.533333333333333,4.0625,4.2,11.0,17.4
2025-08-09,Dunkerque,Clermont,2,2,D,2,1,0,0,9,2,4,4,17,9,1,1.6,1.1333333333333333,0.4666666666666668,1.9333333333333333,1.3333333333333333,0.13333333333333333,0.13333333333333333,4.733333333333333,3.3333333333333335,4.066666666666666,3.0,12.333333333333334,11.6
2025-08-09,Laval,St Etienne,3,3,D,3,0,1,0,4,7,4,6,11,16,1,1.0,1.2666666666666666,-0.2666666666666666,2.466666666666667,1.6,0.13333333333333333,0.06666666666666667,6.266666666666667,4.533333333333333,4.333333333333333,4.533333333333333,14.0,13.4
2025-08-09,Montpellier,Red Star,1,1,D,0,2,0,0,1,2,2,3,16,10,1,1.6,1.2857142857142858,0.3142857142857143,1.6666666666666667,1.7142857142857142,0.06666666666666667,0.0,5.466666666666667,4.0,4.6,3.9285714285714284,16.333333333333332,11.357142857142858
2025-08-09,Pau FC,Annecy,2,0,H,2,2,0,1,5,5,3,1,20,18,0,1.2666666666666666,1.0666666666666667,0.19999999999999996,2.0,1.8,0.26666666666666666,0.13333333333333333,5.933333333333334,4.4,4.0,3.3333333333333335,12.666666666666666,16.133333333333333
2025-08-09,Rodez,Nancy,0,0,D,1,2,0,0,4,9,5,2,14,11,0,1.1333333333333333,1.0,0.1333333333333333,1.8666666666666667,2.066666666666667,0.0,0.26666666666666666,5.0,3.533333333333333,4.133333333333334,2.8666666666666667,12.866666666666667,15.733333333333333
2025-08-09,Troyes,Grenoble,2,1,H,1,1,0,1,3,1,9,5,12,14,1,2.3333333333333335,1.1333333333333333,1.2000000000000002,2.1333333333333333,2.0,0.13333333333333333,0.26666666666666666,4.466666666666667,2.933333333333333,6.133333333333334,4.066666666666666,12.533333333333333,14.6
2025-08-11,Amiens,Reims,2,2,D,1,1,0,0,8,7,2,4,7,16,1,1.0666666666666667,1.5,-0.43333333333333335,1.7333333333333334,2.375,0.2,0.0625,5.466666666666667,5.625,3.466666666666667,4.8125,13.333333333333334,14.5
2025-08-15,Bastia,Pau FC,1,1,D,2,3,1,1,6,11,5,3,13,6,1,0.5714285714285714,1.4666666666666666,-0.8952380952380952,2.642857142857143,2.533333333333333,0.21428571428571427,0.13333333333333333,4.857142857142857,3.933333333333333,3.9285714285714284,3.8666666666666667,16.214285714285715,12.0
2025-08-15,Clermont,Troyes,0,0,D,2,3,0,0,3,3,1,2,12,12,0,1.1333333333333333,1.1333333333333333,0.0,1.6,2.466666666666667,0.06666666666666667,0.2,4.066666666666666,4.466666666666667,3.8666666666666667,3.933333333333333,11.533333333333333,14.133333333333333
2025-08-15,Grenoble,Laval,1,1,D,0,0,0,0,7,4,2,3,16,9,1,0.8,0.7333333333333333,0.06666666666666676,1.8,1.8,0.06666666666666667,0.06666666666666667,4.666666666666667,3.4,3.3333333333333335,2.466666666666667,14.666666666666666,15.4
2025-08-15,Nancy,Boulogne,1,0,H,4,2,0,0,4,2,3,3,23,16,0,0.8,0.8666666666666667,-0.06666666666666665,1.8,1.8,0.13333333333333333,0.13333333333333333,5.8,3.8666666666666667,3.2666666666666666,4.0,14.133333333333333,15.266666666666667
2025-08-15,Red Star,Amiens,1,3,A,2,3,0,0,13,2,7,5,10,11,1,1.2,1.2,0.0,1.8,2.2666666666666666,0.06666666666666667,0.06666666666666667,5.4,3.8,3.6666666666666665,3.533333333333333,12.533333333333333,12.533333333333333
2025-08-16,Annecy,Dunkerque,2,2,D,4,1,0,0,3,5,3,2,21,9,1,1.3333333333333333,1.4,-0.06666666666666665,2.8666666666666667,1.8666666666666667,0.13333333333333333,0.13333333333333333,4.6,3.7333333333333334,3.6,3.8666666666666667,17.8,13.733333333333333
2025-08-16,Reims,Guingamp,1,0,H,2,1,0,0,4,3,6,3,9,12,0,1.3571428571428572,1.4285714285714286,-0.0714285714285714,1.7142857142857142,2.0,0.14285714285714285,0.14285714285714285,5.285714285714286,4.571428571428571,4.642857142857143,4.071428571428571,13.0,12.571428571428571
2025-08-16,St Etienne,Rodez,4,0,H,2,2,0,0,5,5,7,1,13,14,0,2.2666666666666666,1.4,0.8666666666666667,1.7333333333333334,2.066666666666667,0.13333333333333333,0.13333333333333333,5.2,3.8666666666666667,5.2,3.1333333333333333,13.133333333333333,15.266666666666667
2025-08-18,Le Mans,Montpellier,1,2,A,3,2,0,0,5,9,3,3,10,14,1,1.2,0.7333333333333333,0.4666666666666667,2.6,2.3333333333333335,0.06666666666666667,0.2,5.6,5.066666666666666,4.2,2.6666666666666665,15.866666666666667,15.333333333333334
2025-08-22,Amiens,Annecy,0,1,A,3,4,0,0,5,3,3,2,13,14,0,1.0666666666666667,1.0666666666666667,0.0,1.7333333333333334,1.8,0.2,0.13333333333333333,5.466666666666667,4.4,3.466666666666667,3.3333333333333335,13.333333333333334,16.133333333333333
2025-08-22,Clermont,Grenoble,2,1,H,1,0,0,0,5,3,6,2,7,9,1,1.1333333333333333,1.1333333333333333,0.0,1.6,2.0,0.06666666666666667,0.26666666666666666,4.066666666666666,2.933333333333333,3.8666666666666667,4.066666666666666,11.533333333333333,14.6
2025-08-22,Dunkerque,Nancy,1,3,A,2,2,0,0,6,6,7,4,9,21,1,1.6,1.0,0.6000000000000001,1.9333333333333333,2.066666666666667,0.13333333333333333,0.26666666666666666,4.733333333333333,3.533333333333333,4.066666666666666,2.8666666666666667,12.333333333333334,15.733333333333333
2025-08-22,Le Mans,Bastia,1,0,H,4,2,0,0,9,5,3,3,17,11,0,1.2,0.7333333333333333,0.4666666666666667,2.6,2.466666666666667,0.06666666666666667,0.13333333333333333,5.6,3.7333333333333334,4.2,3.6,15.866666666666667,13.933333333333334
2025-08-22,Rodez,Laval,1,1,D,2,1,0,0,5,9,6,4,13,14,1,1.1333333333333333,0.7333333333333333,0.4,1.8666666666666667,1.8,0.0,0.06666666666666667,5.0,3.4,4.133333333333334,2.466666666666667,12.866666666666667,15.4
2025-08-23,Guingamp,Red Star,0,4,A,1,3,0,0,8,2,6,8,16,19,0,1.1875,1.2857142857142858,-0.09821428571428581,1.875,1.7142857142857142,0.0625,0.0,6.3125,4.0,4.0625,3.9285714285714284,11.0,11.357142857142858
2025-08-23,Troyes,Montpellier,1,0,H,3,1,0,1,6,4,4,0,14,11,0,2.3333333333333335,0.7333333333333333,1.6,2.1333333333333333,2.3333333333333335,0.13333333333333333,0.2,4.466666666666667,5.066666666666666,6.133333333333334,2.6666666666666665,12.533333333333333,15.333333333333334
2025-08-23,Boulogne,St Etienne,0,1,A,5,3,0,0,3,5,0,3,14,12,0,1.1333333333333333,1.2666666666666666,-0.1333333333333333,2.6666666666666665,1.6,0.06666666666666667,0.06666666666666667,4.2,4.533333333333333,2.8666666666666667,4.533333333333333,13.933333333333334,13.4
2025-08-25,Pau FC,Reims,2,0,H,3,2,0,0,5,4,5,1,7,16,0,1.2666666666666666,1.5,-0.2333333333333334,2.0,2.375,0.26666666666666666,0.0625,5.933333333333334,5.625,4.0,4.8125,12.666666666666666,14.5
2025-08-29,Dunkerque,Troyes,2,0,H,1,1,0,0,2,11,4,3,14,12,0,1.6,1.1333333333333333,0.4666666666666668,1.9333333333333333,2.466666666666667,0.13333333333333333,0.2,4.733333333333333,4.466666666666667,4.066666666666666,3.933333333333333,12.333333333333334,14.133333333333333
2025-08-29,Laval,Clermont,0,0,D,2,0,0,0,13,5,6,0,15,6,0,1.0,1.1333333333333333,-0.1333333333333333,2.466666666666667,1.3333333333333333,0.13333333333333333,0.13333333333333333,6.266666666666667,3.3333333333333335,4.333333333333333,3.0,14.0,11.6
2025-08-29,Montpellier,Amiens,1,1,D,3,3,0,0,3,1,4,2,18,16,1,1.6,1.2,0.40000000000000013,1.6666666666666667,2.2666666666666666,0.06666666666666667,0.06666666666666667,5.466666666666667,3.8,4.6,3.533333333333333,16.333333333333332,12.533333333333333
2025-08-29,Nancy,Pau FC,2,2,D,1,1,0,0,11,3,6,4,17,8,1,0.8,1.4666666666666666,-0.6666666666666665,1.8,2.533333333333333,0.13333333333333333,0.13333333333333333,5.8,3.933333333333333,3.2666666666666666,3.8666666666666667,14.133333333333333,12.0
2025-08-29,Red Star,Annecy,1,0,H,0,1,0,0,2,4,1,0,14,16,0,1.2,1.0666666666666667,0.1333333333333333,1.8,1.8,0.06666666666666667,0.13333333333333333,5.4,4.4,3.6666666666666665,3.3333333333333335,12.533333333333333,16.133333333333333
2025-08-29,Rodez,Boulogne,1,0,H,2,1,0,1,4,4,4,7,15,8,0,1.1333333333333333,0.8666666666666667,0.2666666666666666,1.8666666666666667,1.8,0.0,0.13333333333333333,5.0,3.8666666666666667,4.133333333333334,4.0,12.866666666666667,15.266666666666667
2025-08-30,Bastia,Guingamp,1,3,A,4,2,0,0,6,3,2,6,27,12,1,0.5714285714285714,1.4285714285714286,-0.8571428571428572,2.642857142857143,2.0,0.21428571428571427,0.14285714285714285,4.857142857142857,4.571428571428571,3.9285714285714284,4.071428571428571,16.214285714285715,12.571428571428571
2025-08-30,Reims,Le Mans,1,0,H,0,2,0,0,5,4,3,0,10,15,0,1.3571428571428572,1.8,-0.44285714285714284,1.7142857142857142,2.6666666666666665,0.14285714285714285,0.2,5.285714285714286,5.533333333333333,4.642857142857143,4.2,13.0,17.4
2025-08-30,St Etienne,Grenoble,1,1,D,2,4,0,1,9,1,6,2,12,20,1,2.2666666666666666,1.1333333333333333,1.1333333333333333,1.7333333333333334,2.0,0.13333333333333333,0.26666666666666666,5.2,2.933333333333333,5.2,4.066666666666666,13.133333333333333,14.6
2025-09-12,Amiens,Bastia,0,0,D,0,1,0,0,5,3,1,1,14,14,0,1.0666666666666667,0.7333333333333333,0.33333333333333337,1.7333333333333334,2.466666666666667,0.2,0.13333333333333333,5.466666666666667,3.7333333333333334,3.466666666666667,3.6,13.333333333333334,13.933333333333334
2025-09-12,Boulogne,Laval,1,2,A,1,0,0,0,3,2,3,4,10,15,1,1.1333333333333333,0.7333333333333333,0.4,2.6666666666666665,1.8,0.06666666666666667,0.06666666666666667,4.2,3.4,2.8666666666666667,2.466666666666667,13.933333333333334,15.4
2025-09-12,Le Mans,Rodez,0,1,A,2,2,0,0,5,3,3,5,10,14,0,1.2,1.4,-0.19999999999999996,2.6,2.066666666666667,0.06666666666666667,0.13333333333333333,5.6,3.8666666666666667,4.2,3.1333333333333333,15.866666666666667,15.266666666666667
2025-09-12,Pau FC,Red Star,0,3,A,1,2,2,0,2,2,3,6,6,12,0,1.2666666666666666,1.2857142857142858,-0.019047619047619202,2.0,1.7142857142857142,0.26666666666666666,0.0,5.933333333333334,4.0,4.0,3.9285714285714284,12.666666666666666,11.357142857142858
2025-09-12,Troyes,Nancy,3,0,H,1,0,0,0,7,3,11,3,11,16,0,2.3333333333333335,1.0,1.3333333333333335,2.1333333333333333,2.066666666666667,0.13333333333333333,0.26666666666666666,4.466666666666667,3.533333333333333,6.133333333333334,2.8666666666666667,12.533333333333333,15.733333333333333
2025-09-13,Annecy,Reims,1,1,D,3,5,0,0,5,7,2,7,19,17,1,1.3333333333333333,1.5,-0.16666666666666674,2.8666666666666667,2.375,0.13333333333333333,0.0625,4.6,5.625,3.6,4.8125,17.8,14.5
2025-09-13,Grenoble,Dunkerque,1,0,H,2,1,0,0,6,7,2,5,20,14,0,0.8,1.4,-0.5999999999999999,1.8,1.8666666666666667,0.06666666666666667,0.13333333333333333,4.666666666666667,3.7333333333333334,3.3333333333333335,3.8666666666666667,14.666666666666666,13.733333333333333
2025-09-13,Clermont,St Etienne,1,2,A,1,1,0,0,2,5,2,6,10,13,1,1.1333333333333333,1.2666666666666666,-0.1333333333333333,1.6,1.6,0.06666666666666667,0.06666666666666667,4.066666666666666,4.533333333333333,3.8666666666666667,4.533333333333333,11.533333333333333,13.4
2025-09-15,Guingamp,Montpellier,1,0,H,1,3,0,0,5,6,4,1,8,17,0,1.1875,0.7333333333333333,0.4541666666666667,1.875,2.3333333333333335,0.0625,0.2,6.3125,5.066666666666666,4.0625,2.6666666666666665,11.0,15.333333333333334
2025-09-16,Boulogne,Bastia,1,0,H,3,4,0,0,2,4,2,6,14,13,0,1.1333333333333333,0.7333333333333333,0.4,2.6666666666666665,2.466666666666667,0.06666666666666667,0.13333333333333333,4.2,3.7333333333333334,2.8666666666666667,3.6,13.933333333333334,13.933333333333334
2025-09-19,Boulogne,Pau FC,0,3,A,3,2,0,0,6,0,2,3,25,11,0,1.1333333333333333,1.4666666666666666,-0.33333333333333326,2.6666666666666665,2.533333333333333,0.06666666666666667,0.13333333333333333,4.2,3.933333333333333,2.8666666666666667,3.8666666666666667,13.933333333333334,12.0
2025-09-19,Dunkerque,Le Mans,2,2,D,1,3,1,1,7,3,5,5,12,11,1,1.6,1.8,-0.19999999999999996,1.9333333333333333,2.6666666666666665,0.13333333333333333,0.2,4.733333333333333,5.533333333333333,4.066666666666666,4.2,12.333333333333334,17.4
2025-09-19,Grenoble,Annecy,1,3,A,0,1,0,0,4,10,3,7,8,18,1,0.8,1.0666666666666667,-0.2666666666666666,1.8,1.8,0.06666666666666667,0.13333333333333333,4.666666666666667,4.4,3.3333333333333335,3.3333333333333335,14.666666666666666,16.133333333333333
2025-09-19,Laval,Amiens,0,3,A,2,2,0,0,8,6,3,6,10,12,0,1.0,1.2,-0.19999999999999996,2.466666666666667,2.2666666666666666,0.13333333333333333,0.06666666666666667,6.266666666666667,3.8,4.333333333333333,3.533333333333333,14.0,12.533333333333333
2025-09-19,Nancy,Red Star,0,1,A,2,3,1,0,3,4,0,6,15,11,0,0.8,1.2857142857142858,-0.48571428571428577,1.8,1.7142857142857142,0.13333333333333333,0.0,5.8,4.0,3.2666666666666666,3.9285714285714284,14.133333333333333,11.357142857142858
2025-09-19,Rodez,Clermont,0,1,A,2,1,0,1,7,2,3,3,16,13,0,1.1333333333333333,1.1333333333333333,0.0,1.8666666666666667,1.3333333333333333,0.0,0.13333333333333333,5.0,3.3333333333333335,4.133333333333334,3.0,12.866666666666667,11.6
2025-09-20,Montpellier,Bastia,2,0,H,3,3,0,0,2,9,4,4,15,20,0,1.6,0.7333333333333333,0.8666666666666668,1.6666666666666667,2.466666666666667,0.06666666666666667,0.13333333333333333,5.466666666666667,3.7333333333333334,4.6,3.6,16.333333333333332,13.933333333333334
2025-09-20,Troyes,Guingamp,5,2,H,0,0,0,0,1,3,11,4,13,10,1,2.3333333333333335,1.4285714285714286,0.9047619047619049,2.1333333333333333,2.0,0.13333333333333333,0.14285714285714285,4.466666666666667,4.571428571428571,6.133333333333334,4.071428571428571,12.533333333333333,12.571428571428571
2025-09-20,St Etienne,Reims,3,2,H,0,4,0,0,1,6,10,7,6,26,1,2.2666666666666666,1.5,0.7666666666666666,1.7333333333333334,2.375,0.13333333333333333,0.0625,5.2,5.625,5.2,4.8125,13.133333333333333,14.5
2025-09-23,Amiens,St Etienne,0,1,A,2,2,0,0,3,9,2,4,11,12,0,1.0666666666666667,1.2666666666666666,-0.19999999999999996,1.7333333333333334,1.6,0.2,0.06666666666666667,5.466666666666667,4.533333333333333,3.466666666666667,4.533333333333333,13.333333333333334,13.4
2025-09-23,Annecy,Nancy,1,2,A,4,3,0,0,4,3,2,6,15,14,1,1.3333333333333333,1.0,0.33333333333333326,2.8666666666666667,2.066666666666667,0.13333333333333333,0.26666666666666666,4.6,3.533333333333333,3.6,2.8666666666666667,17.8,15.733333333333333
2025-09-23,Bastia,Rodez,2,3,A,1,1,0,0,7,6,9,3,15,16,1,0.5714285714285714,1.4,-0.8285714285714285,2.642857142857143,2.066666666666667,0.21428571428571427,0.13333333333333333,4.857142857142857,3.8666666666666667,3.9285714285714284,3.1333333333333333,16.214285714285715,15.266666666666667
2025-09-23,Guingamp,Dunkerque,2,1,H,2,3,0,0,4,4,3,4,13,15,1,1.1875,1.4,-0.2124999999999999,1.875,1.8666666666666667,0.0625,0.13333333333333333,6.3125,3.7333333333333334,4.0625,3.8666666666666667,11.0,13.733333333333333
2025-09-23,Le Mans,Grenoble,1,0,H,4,2,1,0,5,5,2,1,16,10,0,1.2,1.1333333333333333,0.06666666666666665,2.6,2.0,0.06666666666666667,0.26666666666666666,5.6,2.933333333333333,4.2,4.066666666666666,15.866666666666667,14.6
2025-09-23,Montpellier,Boulogne,1,3,A,0,3,1,0,4,5,2,10,14,16,1,1.6,0.8666666666666667,0.7333333333333334,1.6666666666666667,1.8,0.06666666666666667,0.13333333333333333,5.466666666666667,3.8666666666666667,4.6,4.0,16.333333333333332,15.266666666666667
2025-09-23,Pau FC,Laval,1,0,H,3,1,0,0,4,4,4,2,10,18,0,1.2666666666666666,0.7333333333333333,0.5333333333333333,2.0,1.8,0.26666666666666666,0.06666666666666667,5.933333333333334,3.4,4.0,2.466666666666667,12.666666666666666,15.4
2025-09-23,Red Star,Troyes,1,3,A,0,3,0,0,2,4,4,8,17,17,1,1.2,1.1333333333333333,0.06666666666666665,1.8,2.466666666666667,0.06666666666666667,0.2,5.4,4.466666666666667,3.6666666666666665,3.933333333333333,12.533333333333333,14.133333333333333
2025-09-23,Reims,Clermont,4,1,H,3,0,0,1,3,1,5,3,18,8,1,1.3571428571428572,1.1333333333333333,0.2238095238095239,1.7142857142857142,1.3333333333333333,0.14285714285714285,0.13333333333333333,5.285714285714286,3.3333333333333335,4.642857142857143,3.0,13.0,11.6
2025-09-26,Clermont,Le Mans,1,1,D,2,2,0,0,2,13,2,7,7,12,1,1.1333333333333333,1.8,-0.6666666666666667,1.6,2.6666666666666665,0.06666666666666667,0.2,4.066666666666666,5.533333333333333,3.8666666666666667,4.2,11.533333333333333,17.4
2025-09-26,Grenoble,Bastia,0,0,D,3,2,0,1,5,2,3,1,15,9,0,0.8,0.7333333333333333,0.06666666666666676,1.8,2.466666666666667,0.06666666666666667,0.13333333333333333,4.666666666666667,3.7333333333333334,3.3333333333333335,3.6,14.666666666666666,13.933333333333334
2025-09-26,Nancy,Reims,0,1,A,4,1,0,0,8,1,2,2,10,13,0,0.8,1.5,-0.7,1.8,2.375,0.13333333333333333,0.0625,5.8,5.625,3.2666666666666666,4.8125,14.133333333333333,14.5
2025-09-26,Rodez,Pau FC,1,2,A,1,3,0,0,3,10,2,6,11,8,1,1.1333333333333333,1.4666666666666666,-0.33333333333333326,1.8666666666666667,2.533333333333333,0.0,0.13333333333333333,5.0,3.933333333333333,4.133333333333334,3.8666666666666667,12.866666666666667,12.0
2025-09-26,Troyes,Annecy,3,1,H,2,1,0,0,2,2,3,6,12,22,1,2.3333333333333335,1.0666666666666667,1.2666666666666668,2.1333333333333333,1.8,0.13333333333333333,0.13333333333333333,4.466666666666667,4.4,6.133333333333334,3.3333333333333335,12.533333333333333,16.133333333333333
2025-09-27,Dunkerque,Amiens,6,2,H,3,1,0,0,5,2,12,2,17,13,1,1.6,1.2,0.40000000000000013,1.9333333333333333,2.2666666666666666,0.13333333333333333,0.06666666666666667,4.733333333333333,3.8,4.066666666666666,3.533333333333333,12.333333333333334,12.533333333333333
2025-09-27,Laval,Montpellier,0,1,A,0,5,0,0,11,5,7,4,13,17,0,1.0,0.7333333333333333,0.2666666666666667,2.466666666666667,2.3333333333333335,0.13333333333333333,0.2,6.266666666666667,5.066666666666666,4.333333333333333,2.6666666666666665,14.0,15.333333333333334
2025-09-27,St Etienne,Guingamp,2,3,A,3,2,1,0,5,4,2,7,12,12,1,2.2666666666666666,1.4285714285714286,0.838095238095238,1.7333333333333334,2.0,0.13333333333333333,0.14285714285714285,5.2,4.571428571428571,5.2,4.071428571428571,13.133333333333333,12.571428571428571
2025-09-29,Boulogne,Red Star,1,2,A,1,0,0,0,7,3,6,5,10,10,1,1.1333333333333333,1.2857142857142858,-0.1523809523809525,2.6666666666666665,1.7142857142857142,0.06666666666666667,0.0,4.2,4.0,2.8666666666666667,3.9285714285714284,13.933333333333334,11.357142857142858
2025-10-03,Amiens,Boulogne,0,1,A,2,1,1,0,5,4,1,6,14,14,0,1.0666666666666667,0.8666666666666667,0.19999999999999996,1.7333333333333334,1.8,0.2,0.13333333333333333,5.466666666666667,3.8666666666666667,3.466666666666667,4.0,13.333333333333334,15.266666666666667
2025-10-03,Annecy,Laval,0,0,D,3,2,0,1,5,0,2,1,31,19,0,1.3333333333333333,0.7333333333333333,0.6,2.8666666666666667,1.8,0.13333333333333333,0.06666666666666667,4.6,3.4,3.6,2.466666666666667,17.8,15.4
2025-10-03,Bastia,Dunkerque,0,0,D,1,3,0,1,6,3,2,1,17,11,0,0.5714285714285714,1.4,-0.8285714285714285,2.642857142857143,1.8666666666666667,0.21428571428571427,0.13333333333333333,4.857142857142857,3.7333333333333334,3.9285714285714284,3.8666666666666667,16.214285714285715,13.733333333333333
2025-10-03,Guingamp,Nancy,2,2,D,2,4,0,2,5,2,5,3,8,17,1,1.1875,1.0,0.1875,1.875,2.066666666666667,0.0625,0.26666666666666666,6.3125,3.533333333333333,4.0625,2.8666666666666667,11.0,15.733333333333333
2025-10-03,Le Mans,Troyes,2,2,D,1,3,0,0,1,6,6,3,17,12,1,1.2,1.1333333333333333,0.06666666666666665,2.6,2.466666666666667,0.06666666666666667,0.2,5.6,4.466666666666667,4.2,3.933333333333333,15.866666666666667,14.133333333333333
2025-10-03,Pau FC,Clermont,3,1,H,0,0,0,0,5,6,4,2,11,11,1,1.2666666666666666,1.1333333333333333,0.1333333333333333,2.0,1.3333333333333333,0.26666666666666666,0.13333333333333333,5.933333333333334,3.3333333333333335,4.0,3.0,12.666666666666666,11.6
2025-10-04,Red Star,Rodez,1,1,D,2,4,0,0,5,2,4,3,14,19,1,1.2,1.4,-0.19999999999999996,1.8,2.066666666666667,0.06666666666666667,0.13333333333333333,5.4,3.8666666666666667,3.6666666666666665,3.1333333333333333,12.533333333333333,15.266666666666667
2025-10-04,Reims,Grenoble,2,4,A,1,0,0,0,7,0,8,4,7,9,1,1.3571428571428572,1.1333333333333333,0.2238095238095239,1.7142857142857142,2.0,0.14285714285714285,0.26666666666666666,5.285714285714286,2.933333333333333,4.642857142857143,4.066666666666666,13.0,14.6
2025-10-04,Montpellier,St Etienne,0,2,A,4,4,0,0,8,3,4,4,18,16,0,1.6,1.2666666666666666,0.3333333333333335,1.6666666666666667,1.6,0.06666666666666667,0.06666666666666667,5.466666666666667,4.533333333333333,4.6,4.533333333333333,16.333333333333332,13.4
2025-10-17,Boulogne,Guingamp,2,2,D,5,1,0,0,2,2,3,3,14,12,1,1.1333333333333333,1.4285714285714286,-0.2952380952380953,2.6666666666666665,2.0,0.06666666666666667,0.14285714285714285,4.2,4.571428571428571,2.8666666666666667,4.071428571428571,13.933333333333334,12.571428571428571
2025-10-17,Clermont,Annecy,0,1,A,2,1,0,0,6,3,2,4,10,18,0,1.1333333333333333,1.0666666666666667,0.06666666666666665,1.6,1.8,0.06666666666666667,0.13333333333333333,4.066666666666666,4.4,3.8666666666666667,3.3333333333333335,11.533333333333333,16.133333333333333
2025-10-17,Grenoble,Pau FC,1,1,D,1,2,0,0,3,5,5,6,13,10,1,0.8,1.4666666666666666,-0.6666666666666665,1.8,2.533333333333333,0.06666666666666667,0.13333333333333333,4.666666666666667,3.933333333333333,3.3333333333333335,3.8666666666666667,14.666666666666666,12.0
2025-10-17,Rodez,Reims,2,2,D,2,4,0,0,2,10,3,5,5,14,1,1.1333333333333333,1.5,-0.3666666666666667,1.8666666666666667,2.375,0.0,0.0625,5.0,5.625,4.133333333333334,4.8125,12.866666666666667,14.5
2025-10-17,Troyes,Bastia,1,0,H,4,3,1,0,2,5,4,3,11,12,0,2.3333333333333335,0.7333333333333333,1.6,2.1333333333333333,2.466666666666667,0.13333333333333333,0.13333333333333333,4.466666666666667,3.7333333333333334,6.133333333333334,3.6,12.533333333333333,13.933333333333334
2025-10-18,Dunkerque,Montpellier,0,1,A,2,2,0,0,6,4,3,3,13,15,0,1.6,0.7333333333333333,0.8666666666666668,1.9333333333333333,2.3333333333333335,0.13333333333333333,0.2,4.733333333333333,5.066666666666666,4.066666666666666,2.6666666666666665,12.333333333333334,15.333333333333334
2025-10-18,Laval,Red Star,0,1,A,1,2,0,0,6,5,1,3,22,12,0,1.0,1.2857142857142858,-0.2857142857142858,2.466666666666667,1.7142857142857142,0.13333333333333333,0.0,6.266666666666667,4.0,4.333333333333333,3.9285714285714284,14.0,11.357142857142858
2025-10-18,St Etienne,Le Mans,2,3,A,2,3,0,0,4,3,4,7,14,24,1,2.2666666666666666,1.8,0.46666666666666656,1.7333333333333334,2.6666666666666665,0.13333333333333333,0.2,5.2,5.533333333333333,5.2,4.2,13.133333333333333,17.4
2025-10-20,Nancy,Amiens,0,1,A,1,3,0,0,7,4,3,3,14,16,0,0.8,1.2,-0.3999999999999999,1.8,2.2666666666666666,0.13333333333333333,0.06666666666666667,5.8,3.8,3.2666666666666666,3.533333333333333,14.133333333333333,12.533333333333333
2025-10-24,Guingamp,Clermont,0,1,A,2,3,0,0,6,1,3,1,10,11,0,1.1875,1.1333333333333333,0.054166666666666696,1.875,1.3333333333333333,0.0625,0.13333333333333333,6.3125,3.3333333333333335,4.0625,3.0,11.0,11.6
2025-10-24,Le Mans,Boulogne,1,0,H,2,2,0,0,10,3,6,1,11,20,0,1.2,0.8666666666666667,0.33333333333333326,2.6,1.8,0.06666666666666667,0.13333333333333333,5.6,3.8666666666666667,4.2,4.0,15.866666666666667,15.266666666666667
2025-10-24,Pau FC,Dunkerque,0,3,A,2,0,1,0,8,1,0,4,13,15,0,1.2666666666666666,1.4,-0.1333333333333333,2.0,1.8666666666666667,0.26666666666666666,0.13333333333333333,5.933333333333334,3.7333333333333334,4.0,3.8666666666666667,12.666666666666666,13.733333333333333
2025-10-24,Red Star,Grenoble,1,0,H,1,1,0,0,9,4,5,5,10,16,0,1.2,1.1333333333333333,0.06666666666666665,1.8,2.0,0.06666666666666667,0.26666666666666666,5.4,2.933333333333333,3.6666666666666665,4.066666666666666,12.533333333333333,14.6
2025-10-24,Reims,Troyes,0,0,D,1,2,0,0,7,1,4,5,12,8,0,1.3571428571428572,1.1333333333333333,0.2238095238095239,1.7142857142857142,2.466666666666667,0.14285714285714285,0.2,5.285714285714286,4.466666666666667,4.642857142857143,3.933333333333333,13.0,14.133333333333333
2025-10-25,Amiens,Rodez,2,1,H,1,2,0,0,1,4,4,7,11,12,1,1.0666666666666667,1.4,-0.33333333333333326,1.7333333333333334,2.066666666666667,0.2,0.13333333333333333,5.466666666666667,3.8666666666666667,3.466666666666667,3.1333333333333333,13.333333333333334,15.266666666666667
2025-10-25,Montpellier,Nancy,4,1,H,1,2,0,1,9,1,9,3,14,15,1,1.6,1.0,0.6000000000000001,1.6666666666666667,2.066666666666667,0.06666666666666667,0.26666666666666666,5.466666666666667,3.533333333333333,4.6,2.8666666666666667,16.333333333333332,15.733333333333333
2025-10-25,Annecy,St Etienne,4,0,H,2,0,0,1,4,4,8,2,19,5,0,1.3333333333333333,1.2666666666666666,0.06666666666666665,2.8666666666666667,1.6,0.13333333333333333,0.06666666666666667,4.6,4.533333333333333,3.6,4.533333333333333,17.8,13.4
2025-10-28,Boulogne,Reims,2,6,A,2,1,0,0,1,3,2,7,16,8,1,1.1333333333333333,1.5,-0.3666666666666667,2.6666666666666665,2.375,0.06666666666666667,0.0625,4.2,5.625,2.8666666666666667,4.8125,13.933333333333334,14.5
2025-10-28,Clermont,Montpellier,1,1,D,0,3,0,0,4,10,6,4,11,15,1,1.1333333333333333,0.7333333333333333,0.4,1.6,2.3333333333333335,0.06666666666666667,0.2,4.066666666666666,5.066666666666666,3.8666666666666667,2.6666666666666665,11.533333333333333,15.333333333333334
2025-10-28,Dunkerque,Red Star,3,0,H,1,4,0,0,3,3,4,2,12,11,0,1.6,1.2857142857142858,0.3142857142857143,1.9333333333333333,1.7142857142857142,0.13333333333333333,0.0,4.733333333333333,4.0,4.066666666666666,3.9285714285714284,12.333333333333334,11.357142857142858
2025-10-28,Grenoble,Guingamp,0,0,D,1,2,0,0,3,2,1,1,16,15,0,0.8,1.4285714285714286,-0.6285714285714286,1.8,2.0,0.06666666666666667,0.14285714285714285,4.666666666666667,4.571428571428571,3.3333333333333335,4.071428571428571,14.666666666666666,12.571428571428571
2025-10-28,Laval,Le Mans,1,1,D,3,3,0,0,6,6,7,3,16,18,1,1.0,1.8,-0.8,2.466666666666667,2.6666666666666665,0.13333333333333333,0.2,6.266666666666667,5.533333333333333,4.333333333333333,4.2,14.0,17.4
2025-10-28,Nancy,Bastia,2,0,H,1,2,0,0,2,4,5,2,19,19,0,0.8,0.7333333333333333,0.06666666666666676,1.8,2.466666666666667,0.13333333333333333,0.13333333333333333,5.8,3.7333333333333334,3.2666666666666666,3.6,14.133333333333333,13.933333333333334
2025-10-28,Rodez,Annecy,2,1,H,2,3,0,0,4,4,4,3,12,16,1,1.1333333333333333,1.0666666666666667,0.06666666666666665,1.8666666666666667,1.8,0.0,0.13333333333333333,5.0,4.4,4.133333333333334,3.3333333333333335,12.866666666666667,16.133333333333333
2025-10-28,St Etienne,Pau FC,6,0,H,2,1,0,1,4,4,8,4,16,12,0,2.2666666666666666,1.4666666666666666,0.8,1.7333333333333334,2.533333333333333,0.13333333333333333,0.13333333333333333,5.2,3.933333333333333,5.2,3.8666666666666667,13.133333333333333,12.0
2025-10-28,Troyes,Amiens,3,1,H,3,2,0,0,4,1,4,2,16,15,1,2.3333333333333335,1.2,1.1333333333333335,2.1333333333333333,2.2666666666666666,0.13333333333333333,0.06666666666666667,4.466666666666667,3.8,6.133333333333334,3.533333333333333,12.533333333333333,12.533333333333333
2025-10-31,Annecy,Boulogne,1,1,D,2,3,0,1,6,1,2,5,17,15,1,1.3333333333333333,0.8666666666666667,0.46666666666666656,2.8666666666666667,1.8,0.13333333333333333,0.13333333333333333,4.6,3.8666666666666667,3.6,4.0,17.8,15.266666666666667
2025-10-31,Bastia,Clermont,1,0,H,4,3,0,0,2,6,4,1,17,11,0,0.5714285714285714,1.1333333333333333,-0.5619047619047619,2.642857142857143,1.3333333333333333,0.21428571428571427,0.13333333333333333,4.857142857142857,3.3333333333333335,3.9285714285714284,3.0,16.214285714285715,11.6
2025-10-31,Guingamp,Laval,2,0,H,2,1,0,0,5,4,4,2,11,21,0,1.1875,0.7333333333333333,0.4541666666666667,1.875,1.8,0.0625,0.06666666666666667,6.3125,3.4,4.0625,2.466666666666667,11.0,15.4
2025-10-31,Le Mans,Nancy,1,0,H,5,2,0,0,7,3,2,1,12,11,0,1.2,1.0,0.19999999999999996,2.6,2.066666666666667,0.06666666666666667,0.26666666666666666,5.6,3.533333333333333,4.2,2.8666666666666667,15.866666666666667,15.733333333333333
2025-10-31,Montpellier,Rodez,2,0,H,2,2,0,1,8,2,5,3,14,13,0,1.6,1.4,0.20000000000000018,1.6666666666666667,2.066666666666667,0.06666666666666667,0.13333333333333333,5.466666666666667,3.8666666666666667,4.6,3.1333333333333333,16.333333333333332,15.266666666666667
2025-11-01,Amiens,Grenoble,2,3,A,2,4,0,0,6,5,8,9,16,27,1,1.0666666666666667,1.1333333333333333,-0.06666666666666665,1.7333333333333334,2.0,0.2,0.26666666666666666,5.466666666666667,2.933333333333333,3.466666666666667,4.066666666666666,13.333333333333334,14.6
2025-11-01,Reims,Dunkerque,1,2,A,4,2,0,0,3,0,4,4,20,11,1,1.3571428571428572,1.4,-0.042857142857142705,1.7142857142857142,1.8666666666666667,0.14285714285714285,0.13333333333333333,5.285714285714286,3.7333333333333334,4.642857142857143,3.8666666666666667,13.0,13.733333333333333
2025-11-01,Red Star,St Etienne,2,1,H,1,1,0,0,0,5,3,6,15,16,1,1.2,1.2666666666666666,-0.06666666666666665,1.8,1.6,0.06666666666666667,0.06666666666666667,5.4,4.533333333333333,3.6666666666666665,4.533333333333333,12.533333333333333,13.4
2025-11-03,Pau FC,Troyes,1,1,D,2,1,0,1,9,1,6,4,14,5,1,1.2666666666666666,1.1333333333333333,0.1333333333333333,2.0,2.466666666666667,0.26666666666666666,0.2,5.933333333333334,4.466666666666667,4.0,3.933333333333333,12.666666666666666,14.133333333333333
2025-11-07,Bastia,Reims,1,3,A,4,4,0,0,2,4,2,5,13,15,1,0.5714285714285714,1.5,-0.9285714285714286,2.642857142857143,2.375,0.21428571428571427,0.0625,4.857142857142857,5.625,3.9285714285714284,4.8125,16.214285714285715,14.5
2025-11-07,Clermont,Amiens,2,1,H,2,5,0,0,11,4,5,4,12,16,1,1.1333333333333333,1.2,-0.06666666666666665,1.6,2.2666666666666666,0.06666666666666667,0.06666666666666667,4.066666666666666,3.8,3.8666666666666667,3.533333333333333,11.533333333333333,12.533333333333333
2025-11-07,Dunkerque,Boulogne,1,1,D,4,1,0,0,3,7,4,4,15,23,1,1.6,0.8666666666666667,0.7333333333333334,1.9333333333333333,1.8,0.13333333333333333,0.13333333333333333,4.733333333333333,3.8666666666666667,4.066666666666666,4.0,12.333333333333334,15.266666666666667
2025-11-07,Grenoble,Rodez,2,1,H,5,2,0,0,5,8,6,4,11,10,1,0.8,1.4,-0.5999999999999999,1.8,2.066666666666667,0.06666666666666667,0.13333333333333333,4.666666666666667,3.8666666666666667,3.3333333333333335,3.1333333333333333,14.666666666666666,15.266666666666667
2025-11-07,Montpellier,Annecy,1,0,H,3,2,0,0,11,3,5,4,13,22,0,1.6,1.0666666666666667,0.5333333333333334,1.6666666666666667,1.8,0.06666666666666667,0.13333333333333333,5.466666666666667,4.4,4.6,3.3333333333333335,16.333333333333332,16.133333333333333
2025-11-07,Nancy,Laval,0,2,A,1,3,0,0,10,3,3,3,20,15,0,0.8,0.7333333333333333,0.06666666666666676,1.8,1.8,0.13333333333333333,0.06666666666666667,5.8,3.4,3.2666666666666666,2.466666666666667,14.133333333333333,15.4
2025-11-08,Guingamp,Pau FC,2,2,D,2,5,0,0,6,2,4,5,7,18,1,1.1875,1.4666666666666666,-0.27916666666666656,1.875,2.533333333333333,0.0625,0.13333333333333333,6.3125,3.933333333333333,4.0625,3.8666666666666667,11.0,12.0
2025-11-08,Le Mans,Red Star,0,0,D,0,0,0,0,5,6,3,2,17,4,0,1.2,1.2857142857142858,-0.08571428571428585,2.6,1.7142857142857142,0.06666666666666667,0.0,5.6,4.0,4.2,3.9285714285714284,15.866666666666667,11.357142857142858
2025-11-08,Troyes,St Etienne,2,3,A,4,1,0,0,6,0,8,5,8,14,1,2.3333333333333335,1.2666666666666666,1.0666666666666669,2.1333333333333333,1.6,0.13333333333333333,0.06666666666666667,4.466666666666667,4.533333333333333,6.133333333333334,4.533333333333333,12.533333333333333,13.4
2025-11-21,Annecy,Bastia,1,0,H,2,2,0,1,9,2,3,3,20,13,0,1.3333333333333333,0.7333333333333333,0.6,2.8666666666666667,2.466666666666667,0.13333333333333333,0.13333333333333333,4.6,3.7333333333333334,3.6,3.6,17.8,13.933333333333334
2025-11-21,Boulogne,Grenoble,3,1,H,4,3,1,0,6,6,8,7,13,14,1,1.1333333333333333,1.1333333333333333,0.0,2.6666666666666665,2.0,0.06666666666666667,0.26666666666666666,4.2,2.933333333333333,2.8666666666666667,4.066666666666666,13.933333333333334,14.6
2025-11-21,Laval,Troyes,0,1,A,4,3,0,0,3,7,3,5,13,13,0,1.0,1.1333333333333333,-0.1333333333333333,2.466666666666667,2.466666666666667,0.13333333333333333,0.2,6.266666666666667,4.466666666666667,4.333333333333333,3.933333333333333,14.0,14.133333333333333
2025-11-21,Pau FC,Le Mans,1,2,A,3,3,0,0,7,2,2,2,8,17,1,1.2666666666666666,1.8,-0.5333333333333334,2.0,2.6666666666666665,0.26666666666666666,0.2,5.933333333333334,5.533333333333333,4.0,4.2,12.666666666666666,17.4
2025-11-21,Rodez,Dunkerque,1,1,D,2,0,0,0,6,5,3,3,12,11,1,1.1333333333333333,1.4,-0.2666666666666666,1.8666666666666667,1.8666666666666667,0.0,0.13333333333333333,5.0,3.7333333333333334,4.133333333333334,3.8666666666666667,12.866666666666667,13.733333333333333
2025-11-22,Amiens,Guingamp,1,2,A,4,2,0,0,8,9,4,3,13,14,1,1.0666666666666667,1.4285714285714286,-0.36190476190476195,1.7333333333333334,2.0,0.2,0.14285714285714285,5.466666666666667,4.571428571428571,3.466666666666667,4.071428571428571,13.333333333333334,12.571428571428571
2025-11-22,Red Star,Clermont,2,2,D,3,2,0,0,2,3,3,3,18,11,1,1.2,1.1333333333333333,0.06666666666666665,1.8,1.3333333333333333,0.06666666666666667,0.13333333333333333,5.4,3.3333333333333335,3.6666666666666665,3.0,12.533333333333333,11.6
2025-11-22,St Etienne,Nancy,2,1,H,2,3,0,0,4,2,2,3,11,20,1,2.2666666666666666,1.0,1.2666666666666666,1.7333333333333334,2.066666666666667,0.13333333333333333,0.26666666666666666,5.2,3.533333333333333,5.2,2.8666666666666667,13.133333333333333,15.733333333333333
2025-11-24,Reims,Montpellier,2,0,H,2,3,0,0,5,4,5,4,20,8,0,1.3571428571428572,0.7333333333333333,0.6238095238095239,1.7142857142857142,2.3333333333333335,0.14285714285714285,0.2,5.285714285714286,5.066666666666666,4.642857142857143,2.6666666666666665,13.0,15.333333333333334
2025-11-25,Bastia,Laval,0,2,A,3,3,0,0,6,2,2,7,17,23,0,0.5714285714285714,0.7333333333333333,-0.16190476190476188,2.642857142857143,1.8,0.21428571428571427,0.06666666666666667,4.857142857142857,3.4,3.9285714285714284,2.466666666666667,16.214285714285715,15.4
2025-12-05,Clermont,Boulogne,1,1,D,2,1,0,0,3,8,2,5,10,12,1,1.1333333333333333,0.8666666666666667,0.2666666666666666,1.6,1.8,0.06666666666666667,0.13333333333333333,4.066666666666666,3.8666666666666667,3.8666666666666667,4.0,11.533333333333333,15.266666666666667
2025-12-05,Grenoble,Nancy,1,0,H,3,1,0,1,7,1,5,0,19,7,0,0.8,1.0,-0.19999999999999996,1.8,2.066666666666667,0.06666666666666667,0.26666666666666666,4.666666666666667,3.533333333333333,3.3333333333333335,2.8666666666666667,14.666666666666666,15.733333333333333
2025-12-05,Guingamp,Annecy,0,3,A,0,2,0,0,10,5,2,6,4,15,0,1.1875,1.0666666666666667,0.12083333333333335,1.875,1.8,0.0625,0.13333333333333333,6.3125,4.4,4.0625,3.3333333333333335,11.0,16.133333333333333
2025-12-05,Le Mans,Amiens,1,0,H,1,0,0,0,6,3,3,1,23,4,0,1.2,1.2,0.0,2.6,2.2666666666666666,0.06666666666666667,0.06666666666666667,5.6,3.8,4.2,3.533333333333333,15.866666666666667,12.533333333333333
2025-12-06,Montpellier,Pau FC,0,1,A,2,5,0,0,13,4,5,4,22,18,0,1.6,1.4666666666666666,0.13333333333333353,1.6666666666666667,2.533333333333333,0.06666666666666667,0.13333333333333333,5.466666666666667,3.933333333333333,4.6,3.8666666666666667,16.333333333333332,12.0
2025-12-06,Troyes,Rodez,1,1,D,2,1,0,0,7,4,6,1,13,18,1,2.3333333333333335,1.4,0.9333333333333336,2.1333333333333333,2.066666666666667,0.13333333333333333,0.13333333333333333,4.466666666666667,3.8666666666666667,6.133333333333334,3.1333333333333333,12.533333333333333,15.266666666666667
2025-12-06,Dunkerque,St Etienne,1,0,H,2,2,0,0,4,3,2,5,8,11,0,1.6,1.2666666666666666,0.3333333333333335,1.9333333333333333,1.6,0.13333333333333333,0.06666666666666667,4.733333333333333,4.533333333333333,4.066666666666666,4.533333333333333,12.333333333333334,13.4
2025-12-08,Reims,Laval,4,0,H,1,2,0,0,5,2,5,0,14,9,0,1.3571428571428572,0.7333333333333333,0.6238095238095239,1.7142857142857142,1.8,0.14285714285714285,0.06666666666666667,5.285714285714286,3.4,4.642857142857143,2.466666666666667,13.0,15.4
2025-12-12,Annecy,Le Mans,1,2,A,2,3,0,0,5,5,2,3,22,20,1,1.3333333333333333,1.8,-0.4666666666666668,2.8666666666666667,2.6666666666666665,0.13333333333333333,0.2,4.6,5.533333333333333,3.6,4.2,17.8,17.4
2025-12-12,Laval,Dunkerque,1,2,A,4,4,1,0,2,7,3,5,13,16,1,1.0,1.4,-0.3999999999999999,2.466666666666667,1.8666666666666667,0.13333333333333333,0.13333333333333333,6.266666666666667,3.7333333333333334,4.333333333333333,3.8666666666666667,14.0,13.733333333333333
2025-12-12,Nancy,Clermont,1,0,H,1,2,0,0,7,4,6,3,10,16,0,0.8,1.1333333333333333,-0.33333333333333326,1.8,1.3333333333333333,0.13333333333333333,0.13333333333333333,5.8,3.3333333333333335,3.2666666666666666,3.0,14.133333333333333,11.6
2025-12-12,Pau FC,Amiens,1,2,A,5,2,0,0,8,2,4,6,24,16,1,1.2666666666666666,1.2,0.06666666666666665,2.0,2.2666666666666666,0.26666666666666666,0.06666666666666667,5.933333333333334,3.8,4.0,3.533333333333333,12.666666666666666,12.533333333333333
2025-12-12,Rodez,Guingamp,2,1,H,4,4,0,1,6,10,5,3,23,8,1,1.1333333333333333,1.4285714285714286,-0.2952380952380953,1.8666666666666667,2.0,0.0,0.14285714285714285,5.0,4.571428571428571,4.133333333333334,4.071428571428571,12.866666666666667,12.571428571428571
2025-12-13,Grenoble,Montpellier,1,1,D,0,1,0,0,7,5,5,5,16,13,1,0.8,0.7333333333333333,0.06666666666666676,1.8,2.3333333333333335,0.06666666666666667,0.2,4.666666666666667,5.066666666666666,3.3333333333333335,2.6666666666666665,14.666666666666666,15.333333333333334
2025-12-13,Red Star,Reims,0,0,D,1,2,0,0,4,4,2,4,7,16,0,1.2,1.5,-0.30000000000000004,1.8,2.375,0.06666666666666667,0.0625,5.4,5.625,3.6666666666666665,4.8125,12.533333333333333,14.5
2025-12-13,St Etienne,Bastia,2,2,D,2,5,0,0,5,3,10,2,14,13,1,2.2666666666666666,0.7333333333333333,1.5333333333333332,1.7333333333333334,2.466666666666667,0.13333333333333333,0.13333333333333333,5.2,3.7333333333333334,5.2,3.6,13.133333333333333,13.933333333333334
2025-12-15,Boulogne,Troyes,1,2,A,1,3,0,1,7,4,2,2,14,17,1,1.1333333333333333,1.1333333333333333,0.0,2.6666666666666665,2.466666666666667,0.06666666666666667,0.2,4.2,4.466666666666667,2.8666666666666667,3.933333333333333,13.933333333333334,14.133333333333333
2026-01-03,Troyes,Red Star,1,0,H,1,2,0,0,6,4,6,1,14,11,0,2.3333333333333335,1.2857142857142858,1.0476190476190477,2.1333333333333333,1.7142857142857142,0.13333333333333333,0.0,4.466666666666667,4.0,6.133333333333334,3.9285714285714284,12.533333333333333,11.357142857142858
2026-01-03,Amiens,Nancy,1,2,A,0,3,0,0,9,3,5,6,14,20,1,1.0666666666666667,1.0,0.06666666666666665,1.7333333333333334,2.066666666666667,0.2,0.26666666666666666,5.466666666666667,3.533333333333333,3.466666666666667,2.8666666666666667,13.333333333333334,15.733333333333333
2026-01-03,Bastia,Grenoble,1,0,H,4,3,0,0,1,4,4,6,22,15,0,0.5714285714285714,1.1333333333333333,-0.5619047619047619,2.642857142857143,2.0,0.21428571428571427,0.26666666666666666,4.857142857142857,2.933333333333333,3.9285714285714284,4.066666666666666,16.214285714285715,14.6
2026-01-03,Clermont,Laval,4,1,H,0,2,0,0,1,4,7,1,14,20,1,1.1333333333333333,0.7333333333333333,0.4,1.6,1.8,0.06666666666666667,0.06666666666666667,4.066666666666666,3.4,3.8666666666666667,2.466666666666667,11.533333333333333,15.4
2026-01-03,Guingamp,Boulogne,3,0,H,2,2,0,0,11,2,7,2,14,18,0,1.1875,0.8666666666666667,0.3208333333333333,1.875,1.8,0.0625,0.13333333333333333,6.3125,3.8666666666666667,4.0625,4.0,11.0,15.266666666666667
2026-01-03,Le Mans,St Etienne,0,0,D,2,1,0,0,5,10,4,3,16,7,0,1.2,1.2666666666666666,-0.06666666666666665,2.6,1.6,0.06666666666666667,0.06666666666666667,5.6,4.533333333333333,4.2,4.533333333333333,15.866666666666667,13.4
2026-01-03,Pau FC,Rodez,3,3,D,2,2,0,1,9,4,12,3,10,10,1,1.2666666666666666,1.4,-0.1333333333333333,2.0,2.066666666666667,0.26666666666666666,0.13333333333333333,5.933333333333334,3.8666666666666667,4.0,3.1333333333333333,12.666666666666666,15.266666666666667
2026-01-03,Reims,Annecy,2,1,H,2,3,0,1,2,4,4,1,15,10,1,1.3571428571428572,1.0666666666666667,0.29047619047619055,1.7142857142857142,1.8,0.14285714285714285,0.13333333333333333,5.285714285714286,4.4,4.642857142857143,3.3333333333333335,13.0,16.133333333333333
2026-01-05,Montpellier,Dunkerque,1,3,A,1,2,0,0,3,6,4,11,10,16,1,1.6,1.4,0.20000000000000018,1.6666666666666667,1.8666666666666667,0.06666666666666667,0.13333333333333333,5.466666666666667,3.7333333333333334,4.6,3.8666666666666667,16.333333333333332,13.733333333333333
2026-01-16,Annecy,Amiens,2,0,H,2,2,0,0,5,6,2,5,22,11,0,1.3333333333333333,1.2,0.1333333333333333,2.8666666666666667,2.2666666666666666,0.13333333333333333,0.06666666666666667,4.6,3.8,3.6,3.533333333333333,17.8,12.533333333333333
2026-01-16,Boulogne,Montpellier,1,0,H,3,1,0,0,5,2,1,2,9,15,0,1.1333333333333333,0.7333333333333333,0.4,2.6666666666666665,2.3333333333333335,0.06666666666666667,0.2,4.2,5.066666666666666,2.8666666666666667,2.6666666666666665,13.933333333333334,15.333333333333334
2026-01-16,Dunkerque,Pau FC,3,1,H,2,3,0,0,0,8,3,3,10,11,1,1.6,1.4666666666666666,0.13333333333333353,1.9333333333333333,2.533333333333333,0.13333333333333333,0.13333333333333333,4.733333333333333,3.933333333333333,4.066666666666666,3.8666666666666667,12.333333333333334,12.0
2026-01-16,Laval,Bastia,0,2,A,6,3,0,0,6,3,2,5,17,18,0,1.0,0.7333333333333333,0.2666666666666667,2.466666666666667,2.466666666666667,0.13333333333333333,0.13333333333333333,6.266666666666667,3.7333333333333334,4.333333333333333,3.6,14.0,13.933333333333334
2026-01-16,Rodez,Le Mans,1,1,D,1,2,0,0,4,8,1,4,11,17,1,1.1333333333333333,1.8,-0.6666666666666667,1.8666666666666667,2.6666666666666665,0.0,0.2,5.0,5.533333333333333,4.133333333333334,4.2,12.866666666666667,17.4
2026-01-17,Grenoble,Red Star,0,3,A,3,0,1,0,2,3,3,5,20,16,0,0.8,1.2857142857142858,-0.48571428571428577,1.8,1.7142857142857142,0.06666666666666667,0.0,4.666666666666667,4.0,3.3333333333333335,3.9285714285714284,14.666666666666666,11.357142857142858
2026-01-17,Troyes,Reims,2,1,H,2,3,1,0,3,9,3,4,12,19,1,2.3333333333333335,1.5,0.8333333333333335,2.1333333333333333,2.375,0.13333333333333333,0.0625,4.466666666666667,5.625,6.133333333333334,4.8125,12.533333333333333,14.5
2026-01-17,St Etienne,Clermont,1,0,H,1,0,0,0,6,4,6,5,12,14,0,2.2666666666666666,1.1333333333333333,1.1333333333333333,1.7333333333333334,1.3333333333333333,0.13333333333333333,0.13333333333333333,5.2,3.3333333333333335,5.2,3.0,13.133333333333333,11.6
2026-01-19,Nancy,Guingamp,0,3,A,1,1,0,1,2,0,0,4,13,12,0,0.8,1.4285714285714286,-0.6285714285714286,1.8,2.0,0.13333333333333333,0.14285714285714285,5.8,4.571428571428571,3.2666666666666666,4.071428571428571,14.133333333333333,12.571428571428571
2026-01-23,Amiens,Laval,0,0,D,1,3,0,0,4,5,3,2,17,19,0,1.0666666666666667,0.7333333333333333,0.33333333333333337,1.7333333333333334,1.8,0.2,0.06666666666666667,5.466666666666667,3.4,3.466666666666667,2.466666666666667,13.333333333333334,15.4
2026-01-23,Annecy,Clermont,2,1,H,3,0,0,0,5,3,7,1,12,9,1,1.3333333333333333,1.1333333333333333,0.19999999999999996,2.8666666666666667,1.3333333333333333,0.13333333333333333,0.13333333333333333,4.6,3.3333333333333335,3.6,3.0,17.8,11.6
2026-01-23,Bastia,Montpellier,0,2,A,3,4,1,0,6,1,4,5,14,18,0,0.5714285714285714,0.7333333333333333,-0.16190476190476188,2.642857142857143,2.3333333333333335,0.21428571428571427,0.2,4.857142857142857,5.066666666666666,3.9285714285714284,2.6666666666666665,16.214285714285715,15.333333333333334
2026-01-23,Nancy,Rodez,1,3,A,3,0,0,0,7,2,7,4,16,19,1,0.8,1.4,-0.5999999999999999,1.8,2.066666666666667,0.13333333333333333,0.13333333333333333,5.8,3.8666666666666667,3.2666666666666666,3.1333333333333333,14.133333333333333,15.266666666666667
2026-01-23,Pau FC,Grenoble,2,2,D,1,2,0,0,9,5,5,5,13,11,1,1.2666666666666666,1.1333333333333333,0.1333333333333333,2.0,2.0,0.26666666666666666,0.26666666666666666,5.933333333333334,2.933333333333333,4.0,4.066666666666666,12.666666666666666,14.6
2026-01-24,Guingamp,Troyes,1,0,H,3,5,1,0,3,4,1,0,13,19,0,1.1875,1.1333333333333333,0.054166666666666696,1.875,2.466666666666667,0.0625,0.2,6.3125,4.466666666666667,4.0625,3.933333333333333,11.0,14.133333333333333
2026-01-24,Red Star,Boulogne,2,2,D,4,2,1,0,8,3,5,5,9,21,1,1.2,0.8666666666666667,0.33333333333333326,1.8,1.8,0.06666666666666667,0.13333333333333333,5.4,3.8666666666666667,3.6666666666666665,4.0,12.533333333333333,15.266666666666667
2026-01-24,Reims,St Etienne,1,0,H,3,3,1,0,5,2,3,5,9,16,0,1.3571428571428572,1.2666666666666666,0.0904761904761906,1.7142857142857142,1.6,0.14285714285714285,0.06666666666666667,5.285714285714286,4.533333333333333,4.642857142857143,4.533333333333333,13.0,13.4
2026-01-26,Le Mans,Dunkerque,1,0,H,4,2,0,0,1,2,4,3,19,10,0,1.2,1.4,-0.19999999999999996,2.6,1.8666666666666667,0.06666666666666667,0.13333333333333333,5.6,3.7333333333333334,4.2,3.8666666666666667,15.866666666666667,13.733333333333333
2026-01-30,Bastia,Nancy,0,0,D,3,2,0,0,8,1,2,1,17,23,0,0.5714285714285714,1.0,-0.4285714285714286,2.642857142857143,2.066666666666667,0.21428571428571427,0.26666666666666666,4.857142857142857,3.533333333333333,3.9285714285714284,2.8666666666666667,16.214285714285715,15.733333333333333
2026-01-30,Clermont,Reims,0,1,A,1,3,1,1,2,5,1,6,13,13,0,1.1333333333333333,1.5,-0.3666666666666667,1.6,2.375,0.06666666666666667,0.0625,4.066666666666666,5.625,3.8666666666666667,4.8125,11.533333333333333,14.5
2026-01-30,Grenoble,Amiens,2,1,H,3,2,0,0,6,7,7,3,16,12,1,0.8,1.2,-0.3999999999999999,1.8,2.2666666666666666,0.06666666666666667,0.06666666666666667,4.666666666666667,3.8,3.3333333333333335,3.533333333333333,14.666666666666666,12.533333333333333
2026-01-30,Laval,Pau FC,0,1,A,2,1,0,0,8,2,1,2,14,22,0,1.0,1.4666666666666666,-0.46666666666666656,2.466666666666667,2.533333333333333,0.13333333333333333,0.13333333333333333,6.266666666666667,3.933333333333333,4.333333333333333,3.8666666666666667,14.0,12.0
2026-01-30,Montpellier,Guingamp,3,1,H,3,6,0,0,3,6,7,2,23,17,1,1.6,1.4285714285714286,0.17142857142857149,1.6666666666666667,2.0,0.06666666666666667,0.14285714285714285,5.466666666666667,4.571428571428571,4.6,4.071428571428571,16.333333333333332,12.571428571428571
2026-01-30,Rodez,Red Star,1,1,D,2,0,0,0,5,2,4,4,19,8,1,1.1333333333333333,1.2857142857142858,-0.1523809523809525,1.8666666666666667,1.7142857142857142,0.0,0.0,5.0,4.0,4.133333333333334,3.9285714285714284,12.866666666666667,11.357142857142858
2026-01-31,Dunkerque,Annecy,0,1,A,1,2,0,0,5,5,2,3,15,17,0,1.6,1.0666666666666667,0.5333333333333334,1.9333333333333333,1.8,0.13333333333333333,0.13333333333333333,4.733333333333333,4.4,4.066666666666666,3.3333333333333335,12.333333333333334,16.133333333333333
2026-01-31,Troyes,Le Mans,0,2,A,3,6,0,1,3,3,2,3,8,19,0,2.3333333333333335,1.8,0.5333333333333334,2.1333333333333333,2.6666666666666665,0.13333333333333333,0.2,4.466666666666667,5.533333333333333,6.133333333333334,4.2,12.533333333333333,17.4
2026-01-31,St Etienne,Boulogne,0,1,A,3,2,1,0,2,7,0,6,13,11,0,2.2666666666666666,0.8666666666666667,1.4,1.7333333333333334,1.8,0.13333333333333333,0.13333333333333333,5.2,3.8666666666666667,5.2,4.0,13.133333333333333,15.266666666666667
2026-02-06,Annecy,Grenoble,1,1,D,4,2,0,1,7,0,2,3,11,11,1,1.3333333333333333,1.1333333333333333,0.19999999999999996,2.8666666666666667,2.0,0.13333333333333333,0.26666666666666666,4.6,2.933333333333333,3.6,4.066666666666666,17.8,14.6
2026-02-06,Boulogne,Rodez,1,2,A,4,2,0,0,4,2,4,2,16,23,1,1.1333333333333333,1.4,-0.2666666666666666,2.6666666666666665,2.066666666666667,0.06666666666666667,0.13333333333333333,4.2,3.8666666666666667,2.8666666666666667,3.1333333333333333,13.933333333333334,15.266666666666667
2026-02-06,Dunkerque,Guingamp,0,0,D,1,2,1,0,5,4,2,5,12,10,0,1.6,1.4285714285714286,0.17142857142857149,1.9333333333333333,2.0,0.13333333333333333,0.14285714285714285,4.733333333333333,4.571428571428571,4.066666666666666,4.071428571428571,12.333333333333334,12.571428571428571
2026-02-06,Red Star,Pau FC,0,3,A,3,2,0,0,8,1,2,4,14,9,0,1.2,1.4666666666666666,-0.2666666666666666,1.8,2.533333333333333,0.06666666666666667,0.13333333333333333,5.4,3.933333333333333,3.6666666666666665,3.8666666666666667,12.533333333333333,12.0
2026-02-06,Reims,Bastia,0,0,D,1,3,0,0,7,2,1,1,9,12,0,1.3571428571428572,0.7333333333333333,0.6238095238095239,1.7142857142857142,2.466666666666667,0.14285714285714285,0.13333333333333333,5.285714285714286,3.7333333333333334,4.642857142857143,3.6,13.0,13.933333333333334
2026-02-07,Le Mans,Laval,1,1,D,3,3,0,0,10,4,5,3,20,10,1,1.2,0.7333333333333333,0.4666666666666667,2.6,1.8,0.06666666666666667,0.06666666666666667,5.6,3.4,4.2,2.466666666666667,15.866666666666667,15.4
2026-02-07,Nancy,Troyes,2,1,H,3,2,0,0,4,7,4,7,15,18,1,0.8,1.1333333333333333,-0.33333333333333326,1.8,2.466666666666667,0.13333333333333333,0.2,5.8,4.466666666666667,3.2666666666666666,3.933333333333333,14.133333333333333,14.133333333333333
2026-02-07,St Etienne,Montpellier,1,0,H,1,2,0,0,3,6,2,1,15,19,0,2.2666666666666666,0.7333333333333333,1.5333333333333332,1.7333333333333334,2.3333333333333335,0.13333333333333333,0.2,5.2,5.066666666666666,5.2,2.6666666666666665,13.133333333333333,15.333333333333334
2026-02-09,Amiens,Clermont,4,3,H,2,1,0,0,7,4,6,6,13,17,1,1.0666666666666667,1.1333333333333333,-0.06666666666666665,1.7333333333333334,1.3333333333333333,0.2,0.13333333333333333,5.466666666666667,3.3333333333333335,3.466666666666667,3.0,13.333333333333334,11.6
2026-02-13,Amiens,Dunkerque,1,4,A,1,1,0,0,5,4,3,8,16,15,1,1.0666666666666667,1.4,-0.33333333333333326,1.7333333333333334,1.8666666666666667,0.2,0.13333333333333333,5.466666666666667,3.7333333333333334,3.466666666666667,3.8666666666666667,13.333333333333334,13.733333333333333
2026-02-13,Clermont,Rodez,1,2,A,2,3,0,0,3,5,7,2,8,15,1,1.1333333333333333,1.4,-0.2666666666666666,1.6,2.066666666666667,0.06666666666666667,0.13333333333333333,4.066666666666666,3.8666666666666667,3.8666666666666667,3.1333333333333333,11.533333333333333,15.266666666666667
2026-02-13,Laval,Annecy,2,2,D,3,1,0,0,4,6,3,4,7,15,1,1.0,1.0666666666666667,-0.06666666666666665,2.466666666666667,1.8,0.13333333333333333,0.13333333333333333,6.266666666666667,4.4,4.333333333333333,3.3333333333333335,14.0,16.133333333333333
2026-02-13,Pau FC,Boulogne,1,2,A,1,4,1,0,5,3,4,4,10,16,1,1.2666666666666666,0.8666666666666667,0.3999999999999999,2.0,1.8,0.26666666666666666,0.13333333333333333,5.933333333333334,3.8666666666666667,4.0,4.0,12.666666666666666,15.266666666666667
2026-02-13,Red Star,Nancy,2,1,H,3,1,0,0,8,2,3,1,19,16,1,1.2,1.0,0.19999999999999996,1.8,2.066666666666667,0.06666666666666667,0.26666666666666666,5.4,3.533333333333333,3.6666666666666665,2.8666666666666667,12.533333333333333,15.733333333333333
2026-02-14,Grenoble,Reims,0,0,D,1,2,0,0,3,12,2,8,15,12,0,0.8,1.5,-0.7,1.8,2.375,0.06666666666666667,0.0625,4.666666666666667,5.625,3.3333333333333335,4.8125,14.666666666666666,14.5
2026-02-14,Montpellier,Le Mans,4,2,H,0,2,0,0,4,6,4,8,8,15,1,1.6,1.8,-0.19999999999999996,1.6666666666666667,2.6666666666666665,0.06666666666666667,0.2,5.466666666666667,5.533333333333333,4.6,4.2,16.333333333333332,17.4
2026-02-14,Guingamp,St Etienne,1,2,A,2,1,0,0,6,3,4,6,13,12,1,1.1875,1.2666666666666666,-0.07916666666666661,1.875,1.6,0.0625,0.06666666666666667,6.3125,4.533333333333333,4.0625,4.533333333333333,11.0,13.4
2026-02-16,Bastia,Troyes,0,0,D,2,3,0,0,5,2,5,0,11,21,0,0.5714285714285714,1.1333333333333333,-0.5619047619047619,2.642857142857143,2.466666666666667,0.21428571428571427,0.2,4.857142857142857,4.466666666666667,3.9285714285714284,3.933333333333333,16.214285714285715,14.133333333333333
2026-02-20,Annecy,Red Star,2,1,H,3,2,0,0,2,4,8,4,15,9,1,1.3333333333333333,1.2857142857142858,0.04761904761904745,2.8666666666666667,1.7142857142857142,0.13333333333333333,0.0,4.6,4.0,3.6,3.9285714285714284,17.8,11.357142857142858
2026-02-20,Boulogne,Clermont,0,2,A,3,3,0,0,7,4,1,5,10,9,0,1.1333333333333333,1.1333333333333333,0.0,2.6666666666666665,1.3333333333333333,0.06666666666666667,0.13333333333333333,4.2,3.3333333333333335,2.8666666666666667,3.0,13.933333333333334,11.6
2026-02-20,Dunkerque,Bastia,1,1,D,3,1,0,0,3,5,2,5,11,13,1,1.6,0.7333333333333333,0.8666666666666668,1.9333333333333333,2.466666666666667,0.13333333333333333,0.13333333333333333,4.733333333333333,3.7333333333333334,4.066666666666666,3.6,12.333333333333334,13.933333333333334
2026-02-20,Nancy,Grenoble,0,0,D,1,1,0,1,12,3,2,2,9,14,0,0.8,1.1333333333333333,-0.33333333333333326,1.8,2.0,0.13333333333333333,0.26666666666666666,5.8,2.933333333333333,3.2666666666666666,4.066666666666666,14.133333333333333,14.6
2026-02-20,Rodez,Montpellier,1,0,H,1,3,0,0,6,6,8,3,13,19,0,1.1333333333333333,0.7333333333333333,0.4,1.8666666666666667,2.3333333333333335,0.0,0.2,5.0,5.066666666666666,4.133333333333334,2.6666666666666665,12.866666666666667,15.333333333333334
2026-02-21,Reims,Amiens,0,0,D,1,3,0,0,8,3,4,2,12,9,0,1.3571428571428572,1.2,0.15714285714285725,1.7142857142857142,2.2666666666666666,0.14285714285714285,0.06666666666666667,5.285714285714286,3.8,4.642857142857143,3.533333333333333,13.0,12.533333333333333
2026-02-21,Troyes,Pau FC,4,3,H,5,3,0,0,5,2,8,5,11,13,1,2.3333333333333335,1.4666666666666666,0.8666666666666669,2.1333333333333333,2.533333333333333,0.13333333333333333,0.13333333333333333,4.466666666666667,3.933333333333333,6.133333333333334,3.8666666666666667,12.533333333333333,12.0
2026-02-21,St Etienne,Laval,2,1,H,3,1,0,0,10,2,4,2,12,10,1,2.2666666666666666,0.7333333333333333,1.5333333333333332,1.7333333333333334,1.8,0.13333333333333333,0.06666666666666667,5.2,3.4,5.2,2.466666666666667,13.133333333333333,15.4
2026-02-23,Le Mans,Guingamp,1,1,D,3,1,0,0,3,4,4,6,19,13,1,1.2,1.4285714285714286,-0.22857142857142865,2.6,2.0,0.06666666666666667,0.14285714285714285,5.6,4.571428571428571,4.2,4.071428571428571,15.866666666666667,12.571428571428571
2026-02-27,Bastia,Annecy,0,2,A,1,3,1,0,3,5,1,4,8,19,0,0.5714285714285714,1.0666666666666667,-0.49523809523809526,2.642857142857143,1.8,0.21428571428571427,0.13333333333333333,4.857142857142857,4.4,3.9285714285714284,3.3333333333333335,16.214285714285715,16.133333333333333
2026-02-27,Clermont,Dunkerque,2,1,H,1,4,0,0,7,7,5,2,7,17,1,1.1333333333333333,1.4,-0.2666666666666666,1.6,1.8666666666666667,0.06666666666666667,0.13333333333333333,4.066666666666666,3.7333333333333334,3.8666666666666667,3.8666666666666667,11.533333333333333,13.733333333333333
2026-02-27,Grenoble,Boulogne,0,0,D,2,1,0,0,4,4,0,0,13,13,0,0.8,0.8666666666666667,-0.06666666666666665,1.8,1.8,0.06666666666666667,0.13333333333333333,4.666666666666667,3.8666666666666667,3.3333333333333335,4.0,14.666666666666666,15.266666666666667
2026-02-27,Laval,Nancy,1,1,D,2,1,0,0,2,10,5,5,19,21,1,1.0,1.0,0.0,2.466666666666667,2.066666666666667,0.13333333333333333,0.26666666666666666,6.266666666666667,3.533333333333333,4.333333333333333,2.8666666666666667,14.0,15.733333333333333
2026-02-27,Montpellier,Reims,0,0,D,1,0,0,0,3,4,2,4,20,15,0,1.6,1.5,0.10000000000000009,1.6666666666666667,2.375,0.06666666666666667,0.0625,5.466666666666667,5.625,4.6,4.8125,16.333333333333332,14.5
2026-02-28,Guingamp,Rodez,0,0,D,0,3,0,0,5,6,1,2,10,17,0,1.1875,1.4,-0.2124999999999999,1.875,2.066666666666667,0.0625,0.13333333333333333,6.3125,3.8666666666666667,4.0625,3.1333333333333333,11.0,15.266666666666667
2026-02-28,Red Star,Le Mans,0,0,D,2,3,0,0,6,4,0,2,9,17,0,1.2,1.8,-0.6000000000000001,1.8,2.6666666666666665,0.06666666666666667,0.2,5.4,5.533333333333333,3.6666666666666665,4.2,12.533333333333333,17.4
2026-02-28,Pau FC,St Etienne,0,3,A,2,1,0,0,5,4,4,6,14,19,0,1.2666666666666666,1.2666666666666666,0.0,2.0,1.6,0.26666666666666666,0.06666666666666667,5.933333333333334,4.533333333333333,4.0,4.533333333333333,12.666666666666666,13.4
2026-03-02,Amiens,Troyes,0,2,A,1,1,0,0,8,4,4,6,11,18,0,1.0666666666666667,1.1333333333333333,-0.06666666666666665,1.7333333333333334,2.466666666666667,0.2,0.2,5.466666666666667,4.466666666666667,3.466666666666667,3.933333333333333,13.333333333333334,14.133333333333333
2026-03-06,Boulogne,Amiens,4,2,H,3,2,0,1,6,5,6,6,18,9,1,1.1333333333333333,1.2,-0.06666666666666665,2.6666666666666665,2.2666666666666666,0.06666666666666667,0.06666666666666667,4.2,3.8,2.8666666666666667,3.533333333333333,13.933333333333334,12.533333333333333
2026-03-06,Laval,Guingamp,2,2,D,1,2,0,0,6,7,11,8,15,11,1,1.0,1.4285714285714286,-0.4285714285714286,2.466666666666667,2.0,0.13333333333333333,0.14285714285714285,6.266666666666667,4.571428571428571,4.333333333333333,4.071428571428571,14.0,12.571428571428571
2026-03-06,Nancy,Montpellier,0,3,A,2,3,1,1,4,6,2,4,12,19,0,0.8,0.7333333333333333,0.06666666666666676,1.8,2.3333333333333335,0.13333333333333333,0.2,5.8,5.066666666666666,3.2666666666666666,2.6666666666666665,14.133333333333333,15.333333333333334
2026-03-06,Pau FC,Bastia,2,2,D,1,3,0,0,4,5,2,5,20,19,1,1.2666666666666666,0.7333333333333333,0.5333333333333333,2.0,2.466666666666667,0.26666666666666666,0.13333333333333333,5.933333333333334,3.7333333333333334,4.0,3.6,12.666666666666666,13.933333333333334
2026-03-06,Rodez,Grenoble,1,0,H,3,2,0,0,7,1,4,2,11,17,0,1.1333333333333333,1.1333333333333333,0.0,1.8666666666666667,2.0,0.0,0.26666666666666666,5.0,2.933333333333333,4.133333333333334,4.066666666666666,12.866666666666667,14.6
2026-03-07,Le Mans,Annecy,3,0,H,4,0,0,0,6,5,6,3,11,9,0,1.2,1.0666666666666667,0.1333333333333333,2.6,1.8,0.06666666666666667,0.13333333333333333,5.6,4.4,4.2,3.3333333333333335,15.866666666666667,16.133333333333333
2026-03-07,Troyes,Clermont,2,1,H,1,2,0,0,6,1,5,2,19,15,1,2.3333333333333335,1.1333333333333333,1.2000000000000002,2.1333333333333333,1.3333333333333333,0.13333333333333333,0.13333333333333333,4.466666666666667,3.3333333333333335,6.133333333333334,3.0,12.533333333333333,11.6
2026-03-07,St Etienne,Red Star,2,0,H,1,1,0,0,8,7,4,2,12,9,0,2.2666666666666666,1.2857142857142858,0.9809523809523808,1.7333333333333334,1.7142857142857142,0.13333333333333333,0.0,5.2,4.0,5.2,3.9285714285714284,13.133333333333333,11.357142857142858
2026-03-09,Dunkerque,Reims,1,1,D,2,2,0,0,4,4,4,3,12,13,1,1.6,1.5,0.10000000000000009,1.9333333333333333,2.375,0.13333333333333333,0.0625,4.733333333333333,5.625,4.066666666666666,4.8125,12.333333333333334,14.5
2026-03-13,Bastia,Boulogne,0,1,A,3,1,0,0,8,2,4,1,23,18,0,0.5714285714285714,0.8666666666666667,-0.2952380952380953,2.642857142857143,1.8,0.21428571428571427,0.13333333333333333,4.857142857142857,3.8666666666666667,3.9285714285714284,4.0,16.214285714285715,15.266666666666667
2026-03-13,Clermont,Pau FC,0,1,A,2,2,0,0,5,0,3,3,20,15,0,1.1333333333333333,1.4666666666666666,-0.33333333333333326,1.6,2.533333333333333,0.06666666666666667,0.13333333333333333,4.066666666666666,3.933333333333333,3.8666666666666667,3.8666666666666667,11.533333333333333,12.0
2026-03-13,Guingamp,Amiens,1,0,H,1,3,0,0,6,4,5,3,8,16,0,1.1875,1.2,-0.012499999999999956,1.875,2.2666666666666666,0.0625,0.06666666666666667,6.3125,3.8,4.0625,3.533333333333333,11.0,12.533333333333333
2026-03-13,Montpellier,Laval,2,0,H,0,2,0,0,5,3,7,1,23,17,0,1.6,0.7333333333333333,0.8666666666666668,1.6666666666666667,1.8,0.06666666666666667,0.06666666666666667,5.466666666666667,3.4,4.6,2.466666666666667,16.333333333333332,15.4
2026-03-13,Nancy,Le Mans,2,4,A,1,1,0,0,4,7,4,5,10,19,1,0.8,1.8,-1.0,1.8,2.6666666666666665,0.13333333333333333,0.2,5.8,5.533333333333333,3.2666666666666666,4.2,14.133333333333333,17.4
2026-03-14,Red Star,Dunkerque,1,0,H,1,1,0,0,3,0,3,1,16,15,0,1.2,1.4,-0.19999999999999996,1.8,1.8666666666666667,0.06666666666666667,0.13333333333333333,5.4,3.7333333333333334,3.6666666666666665,3.8666666666666667,12.533333333333333,13.733333333333333
2026-03-14,Reims,Rodez,1,2,A,2,2,1,0,6,5,8,5,14,13,1,1.3571428571428572,1.4,-0.042857142857142705,1.7142857142857142,2.066666666666667,0.14285714285714285,0.13333333333333333,5.285714285714286,3.8666666666666667,4.642857142857143,3.1333333333333333,13.0,15.266666666666667
2026-03-14,Grenoble,St Etienne,0,0,D,1,2,0,0,5,4,4,2,10,11,0,0.8,1.2666666666666666,-0.46666666666666656,1.8,1.6,0.06666666666666667,0.06666666666666667,4.666666666666667,4.533333333333333,3.3333333333333335,4.533333333333333,14.666666666666666,13.4
2026-03-16,Annecy,Troyes,1,2,A,5,1,1,0,2,1,2,3,20,11,1,1.3333333333333333,1.1333333333333333,0.19999999999999996,2.8666666666666667,2.466666666666667,0.13333333333333333,0.2,4.6,4.466666666666667,3.6,3.933333333333333,17.8,14.133333333333333
2026-03-20,Amiens,Le Mans,3,4,A,5,4,1,0,1,7,5,8,15,22,1,1.0666666666666667,1.8,-0.7333333333333334,1.7333333333333334,2.6666666666666665,0.2,0.2,5.466666666666667,5.533333333333333,3.466666666666667,4.2,13.333333333333334,17.4
2026-03-20,Boulogne,Nancy,0,0,D,2,3,0,0,2,6,1,3,16,15,0,1.1333333333333333,1.0,0.1333333333333333,2.6666666666666665,2.066666666666667,0.06666666666666667,0.26666666666666666,4.2,3.533333333333333,2.8666666666666667,2.8666666666666667,13.933333333333334,15.733333333333333
2026-03-20,Clermont,Red Star,0,1,A,1,3,0,0,1,9,3,4,12,17,0,1.1333333333333333,1.2857142857142858,-0.1523809523809525,1.6,1.7142857142857142,0.06666666666666667,0.0,4.066666666666666,4.0,3.8666666666666667,3.9285714285714284,11.533333333333333,11.357142857142858
2026-03-20,Laval,Grenoble,3,2,H,3,2,0,0,7,5,5,6,13,11,1,1.0,1.1333333333333333,-0.1333333333333333,2.466666666666667,2.0,0.13333333333333333,0.26666666666666666,6.266666666666667,2.933333333333333,4.333333333333333,4.066666666666666,14.0,14.6
2026-03-20,Pau FC,Montpellier,0,0,D,2,1,0,1,4,3,2,1,10,14,0,1.2666666666666666,0.7333333333333333,0.5333333333333333,2.0,2.3333333333333335,0.26666666666666666,0.2,5.933333333333334,5.066666666666666,4.0,2.6666666666666665,12.666666666666666,15.333333333333334
2026-03-20,Rodez,Bastia,1,1,D,1,2,0,0,9,2,3,6,9,10,1,1.1333333333333333,0.7333333333333333,0.4,1.8666666666666667,2.466666666666667,0.0,0.13333333333333333,5.0,3.7333333333333334,4.133333333333334,3.6,12.866666666666667,13.933333333333334
2026-03-21,Guingamp,Reims,0,2,A,5,2,0,0,6,6,5,4,13,11,0,1.1875,1.5,-0.3125,1.875,2.375,0.0625,0.0625,6.3125,5.625,4.0625,4.8125,11.0,14.5
2026-03-21,Troyes,Dunkerque,5,1,H,0,2,0,1,6,3,8,3,14,15,1,2.3333333333333335,1.4,0.9333333333333336,2.1333333333333333,1.8666666666666667,0.13333333333333333,0.13333333333333333,4.466666666666667,3.7333333333333334,6.133333333333334,3.8666666666666667,12.533333333333333,13.733333333333333
2026-03-21,St Etienne,Annecy,4,0,H,1,1,0,0,6,2,6,2,19,13,0,2.2666666666666666,1.0666666666666667,1.2,1.7333333333333334,1.8,0.13333333333333333,0.13333333333333333,5.2,4.4,5.2,3.3333333333333335,13.133333333333333,16.133333333333333
2026-04-03,Annecy,Guingamp,1,0,H,3,2,1,0,4,7,6,2,6,18,0,1.3333333333333333,1.4285714285714286,-0.09523809523809534,2.8666666666666667,2.0,0.13333333333333333,0.14285714285714285,4.6,4.571428571428571,3.6,4.071428571428571,17.8,12.571428571428571
2026-04-03,Bastia,Amiens,1,1,D,2,1,0,0,2,7,9,3,13,12,1,0.5714285714285714,1.2,-0.6285714285714286,2.642857142857143,2.2666666666666666,0.21428571428571427,0.06666666666666667,4.857142857142857,3.8,3.9285714285714284,3.533333333333333,16.214285714285715,12.533333333333333
2026-04-03,Dunkerque,Rodez,1,1,D,2,3,0,0,9,0,3,2,8,16,1,1.6,1.4,0.20000000000000018,1.9333333333333333,2.066666666666667,0.13333333333333333,0.13333333333333333,4.733333333333333,3.8666666666666667,4.066666666666666,3.1333333333333333,12.333333333333334,15.266666666666667
2026-04-03,Grenoble,Clermont,2,2,D,2,2,0,0,3,4,2,6,12,14,1,0.8,1.1333333333333333,-0.33333333333333326,1.8,1.3333333333333333,0.06666666666666667,0.13333333333333333,4.666666666666667,3.3333333333333335,3.3333333333333335,3.0,14.666666666666666,11.6
2026-04-03,Red Star,Laval,0,0,D,2,3,0,0,7,3,5,2,11,12,0,1.2,0.7333333333333333,0.4666666666666667,1.8,1.8,0.06666666666666667,0.06666666666666667,5.4,3.4,3.6666666666666665,2.466666666666667,12.533333333333333,15.4
2026-04-04,Montpellier,Troyes,2,2,D,2,2,0,0,5,9,5,4,17,16,1,1.6,1.1333333333333333,0.4666666666666668,1.6666666666666667,2.466666666666667,0.06666666666666667,0.2,5.466666666666667,4.466666666666667,4.6,3.933333333333333,16.333333333333332,14.133333333333333
2026-04-04,Reims,Boulogne,0,0,D,1,1,0,0,7,3,5,1,13,8,0,1.3571428571428572,0.8666666666666667,0.4904761904761905,1.7142857142857142,1.8,0.14285714285714285,0.13333333333333333,5.285714285714286,3.8666666666666667,4.642857142857143,4.0,13.0,15.266666666666667
2026-04-04,Nancy,St Etienne,1,1,D,1,2,0,0,2,4,2,5,9,21,1,0.8,1.2666666666666666,-0.46666666666666656,1.8,1.6,0.13333333333333333,0.06666666666666667,5.8,4.533333333333333,3.2666666666666666,4.533333333333333,14.133333333333333,13.4
2026-04-06,Le Mans,Pau FC,4,0,H,1,3,0,0,6,3,9,2,20,4,0,1.2,1.4666666666666666,-0.2666666666666666,2.6,2.533333333333333,0.06666666666666667,0.13333333333333333,5.6,3.933333333333333,4.2,3.8666666666666667,15.866666666666667,12.0
2026-04-10,Amiens,Pau FC,0,1,A,1,2,1,0,7,4,1,4,15,15,0,1.0666666666666667,1.4666666666666666,-0.3999999999999999,1.7333333333333334,2.533333333333333,0.2,0.13333333333333333,5.466666666666667,3.933333333333333,3.466666666666667,3.8666666666666667,13.333333333333334,12.0
2026-04-10,Annecy,Montpellier,0,0,D,1,1,0,0,3,5,3,0,17,16,0,1.3333333333333333,0.7333333333333333,0.6,2.8666666666666667,2.3333333333333335,0.13333333333333333,0.2,4.6,5.066666666666666,3.6,2.6666666666666665,17.8,15.333333333333334
2026-04-10,Clermont,Nancy,2,2,D,5,2,0,0,6,1,6,2,20,9,1,1.1333333333333333,1.0,0.1333333333333333,1.6,2.066666666666667,0.06666666666666667,0.26666666666666666,4.066666666666666,3.533333333333333,3.8666666666666667,2.8666666666666667,11.533333333333333,15.733333333333333
2026-04-10,Guingamp,Grenoble,1,1,D,2,3,0,0,5,1,4,2,12,21,1,1.1875,1.1333333333333333,0.054166666666666696,1.875,2.0,0.0625,0.26666666666666666,6.3125,2.933333333333333,4.0625,4.066666666666666,11.0,14.6
2026-04-10,Laval,Reims,2,2,D,1,2,0,0,8,4,4,6,12,8,1,1.0,1.5,-0.5,2.466666666666667,2.375,0.13333333333333333,0.0625,6.266666666666667,5.625,4.333333333333333,4.8125,14.0,14.5
2026-04-11,Boulogne,Le Mans,0,0,D,0,0,0,0,2,7,2,3,10,13,0,1.1333333333333333,1.8,-0.6666666666666667,2.6666666666666665,2.6666666666666665,0.06666666666666667,0.2,4.2,5.533333333333333,2.8666666666666667,4.2,13.933333333333334,17.4
2026-04-11,Red Star,Bastia,4,3,H,2,1,0,0,4,2,8,7,5,13,1,1.2,0.7333333333333333,0.4666666666666667,1.8,2.466666666666667,0.06666666666666667,0.13333333333333333,5.4,3.7333333333333334,3.6666666666666665,3.6,12.533333333333333,13.933333333333334
2026-04-11,St Etienne,Dunkerque,2,1,H,1,2,0,0,6,2,7,2,16,16,1,2.2666666666666666,1.4,0.8666666666666667,1.7333333333333334,1.8666666666666667,0.13333333333333333,0.13333333333333333,5.2,3.7333333333333334,5.2,3.8666666666666667,13.133333333333333,13.733333333333333
2026-04-13,Rodez,Troyes,2,1,H,2,4,0,1,3,3,7,7,9,13,1,1.1333333333333333,1.1333333333333333,0.0,1.8666666666666667,2.466666666666667,0.0,0.2,5.0,4.466666666666667,4.133333333333334,3.933333333333333,12.866666666666667,14.133333333333333
2025-08-22,Bayern Munich,RB Leipzig,6,0,H,4,1,0,0,5,5,10,1,13,13,0,4.0,1.5,2.5,1.3571428571428572,1.7142857142857142,0.0,0.0,7.214285714285714,4.928571428571429,9.142857142857142,4.357142857142857,9.0,10.785714285714286
2025-08-23,Ein Frankfurt,Werder Bremen,4,1,H,1,3,0,0,7,1,5,5,9,9,1,1.7857142857142858,1.1333333333333333,0.6523809523809525,1.5714285714285714,2.4,0.14285714285714285,0.06666666666666667,5.214285714285714,4.466666666666667,5.214285714285714,3.7333333333333334,9.857142857142858,9.933333333333334
2025-08-23,Freiburg,Augsburg,1,3,A,4,5,0,0,5,5,4,5,14,18,1,1.8571428571428572,1.0714285714285714,0.7857142857142858,1.8571428571428572,2.5714285714285716,0.14285714285714285,0.0,5.0,3.7857142857142856,5.357142857142857,4.142857142857143,8.785714285714286,11.714285714285714
2025-08-23,Heidenheim,Wolfsburg,1,3,A,2,3,0,0,2,5,2,5,12,12,1,1.4,1.2857142857142858,0.1142857142857141,1.2,2.0714285714285716,0.06666666666666667,0.0,4.466666666666667,2.7857142857142856,3.8,3.2857142857142856,9.6,10.857142857142858
2025-08-23,Leverkusen,Hoffenheim,1,2,A,0,4,0,0,6,4,2,5,9,17,1,2.2857142857142856,1.8666666666666667,0.4190476190476189,2.0,2.1333333333333333,0.14285714285714285,0.13333333333333333,6.285714285714286,4.666666666666667,6.0,4.4,9.0,14.2
2025-08-23,Union Berlin,Stuttgart,2,1,H,4,4,0,0,5,11,2,6,21,13,1,1.3571428571428572,2.4285714285714284,-1.0714285714285712,2.642857142857143,1.9285714285714286,0.14285714285714285,0.0,5.071428571428571,5.642857142857143,3.9285714285714284,5.928571428571429,12.785714285714286,10.357142857142858
2025-08-23,St Pauli,Dortmund,3,3,D,2,3,0,1,5,2,7,7,13,12,1,1.0,1.9285714285714286,-0.9285714285714286,1.5,2.2857142857142856,0.07142857142857142,0.14285714285714285,5.5,3.5,4.285714285714286,4.142857142857143,10.0,12.071428571428571
2025-08-24,Mainz,FC Koln,0,1,A,0,2,1,0,8,3,2,2,7,9,0,1.1333333333333333,1.0714285714285714,0.06190476190476191,1.8,2.0,0.2,0.0,6.266666666666667,4.285714285714286,3.933333333333333,4.071428571428571,11.733333333333333,8.642857142857142
2025-08-24,M'gladbach,Hamburg,0,0,D,2,1,0,0,7,6,4,2,10,10,0,1.2857142857142858,0.7857142857142857,0.5000000000000001,1.5,2.5,0.07142857142857142,0.2857142857142857,3.7857142857142856,3.642857142857143,4.5,4.428571428571429,10.214285714285714,11.928571428571429
2025-08-29,Hamburg,St Pauli,0,2,A,3,3,1,0,2,5,2,6,13,19,0,1.4,0.7333333333333333,0.6666666666666666,2.1333333333333333,1.5333333333333334,0.2,0.06666666666666667,3.8666666666666667,3.4,4.733333333333333,2.533333333333333,11.933333333333334,10.0
2025-08-30,Hoffenheim,Ein Frankfurt,1,3,A,2,3,0,0,4,5,5,6,14,10,1,2.0714285714285716,1.9333333333333333,0.13809523809523827,1.7857142857142858,2.0,0.0,0.06666666666666667,6.642857142857143,3.8666666666666667,6.0,3.7333333333333334,13.714285714285714,10.6
2025-08-30,RB Leipzig,Heidenheim,2,0,H,2,5,0,0,4,3,5,3,7,13,0,2.3333333333333335,0.7857142857142857,1.547619047619048,1.3333333333333333,1.7857142857142858,0.0,0.0,5.8,4.428571428571429,7.266666666666667,3.142857142857143,8.466666666666667,10.785714285714286
2025-08-30,Stuttgart,M'gladbach,1,0,H,2,1,0,0,6,10,5,6,5,13,0,1.7333333333333334,1.1333333333333333,0.6000000000000001,2.0,1.4666666666666666,0.06666666666666667,0.06666666666666667,5.266666666666667,4.333333333333333,6.133333333333334,3.933333333333333,9.133333333333333,11.533333333333333
2025-08-30,Werder Bremen,Leverkusen,3,3,D,4,3,1,0,3,7,5,4,11,10,1,1.0714285714285714,1.8,-0.7285714285714286,2.357142857142857,2.3333333333333335,0.21428571428571427,0.0,4.5,4.333333333333333,4.428571428571429,3.8,10.142857142857142,8.866666666666667
2025-08-30,Augsburg,Bayern Munich,2,3,A,3,4,0,0,7,5,3,10,14,11,1,1.4,3.2666666666666666,-1.8666666666666667,2.6666666666666665,2.2,0.06666666666666667,0.13333333333333333,5.133333333333334,5.266666666666667,4.866666666666666,8.2,11.333333333333334,9.333333333333334
2025-08-31,Wolfsburg,Mainz,1,1,D,3,5,1,0,3,10,3,3,15,14,1,1.4,1.2857142857142858,0.1142857142857141,2.1333333333333333,2.5714285714285716,0.2,0.14285714285714285,5.2,3.642857142857143,4.733333333333333,3.5,12.4,10.285714285714286
2025-08-31,Dortmund,Union Berlin,3,0,H,0,0,0,0,4,6,6,3,14,7,0,2.2,0.9333333333333333,1.2666666666666668,1.5333333333333334,1.7333333333333334,0.0,0.06666666666666667,7.466666666666667,4.666666666666667,5.266666666666667,3.2666666666666666,10.8,12.8
2025-08-31,FC Koln,Freiburg,4,1,H,2,1,0,0,3,5,6,2,12,9,1,1.8666666666666667,1.0666666666666667,0.8,1.8666666666666667,1.5333333333333334,0.2,0.06666666666666667,4.933333333333334,3.933333333333333,5.0,3.2666666666666666,8.4,9.933333333333334
2025-09-12,Leverkusen,Ein Frankfurt,3,1,H,5,3,2,0,4,8,8,2,10,9,1,2.2857142857142856,1.9333333333333333,0.35238095238095224,2.0,2.0,0.14285714285714285,0.06666666666666667,6.285714285714286,3.8666666666666667,6.0,3.7333333333333334,9.0,10.6
2025-09-13,Freiburg,Stuttgart,3,1,H,1,1,1,0,7,1,6,2,8,13,1,1.8571428571428572,2.4285714285714284,-0.5714285714285712,1.8571428571428572,1.9285714285714286,0.14285714285714285,0.0,5.0,5.642857142857143,5.357142857142857,5.928571428571429,8.785714285714286,10.357142857142858
2025-09-13,Heidenheim,Dortmund,0,2,A,2,3,1,0,5,4,1,8,5,9,0,1.4,1.9285714285714286,-0.5285714285714287,1.2,2.2857142857142856,0.06666666666666667,0.14285714285714285,4.466666666666667,3.5,3.8,4.142857142857143,9.6,12.071428571428571
2025-09-13,Mainz,RB Leipzig,0,1,A,1,0,0,0,3,5,2,3,12,11,0,1.1333333333333333,1.5,-0.3666666666666667,1.8,1.7142857142857142,0.2,0.0,6.266666666666667,4.928571428571429,3.933333333333333,4.357142857142857,11.733333333333333,10.785714285714286
2025-09-13,Union Berlin,Hoffenheim,2,4,A,1,1,1,0,9,2,7,8,13,12,1,1.3571428571428572,1.8666666666666667,-0.5095238095238095,2.642857142857143,2.1333333333333333,0.14285714285714285,0.13333333333333333,5.071428571428571,4.666666666666667,3.9285714285714284,4.4,12.785714285714286,14.2
2025-09-13,Wolfsburg,FC Koln,3,3,D,2,3,0,0,7,4,6,8,15,11,1,1.4,1.0714285714285714,0.3285714285714285,2.1333333333333333,2.0,0.2,0.0,5.2,4.285714285714286,4.733333333333333,4.071428571428571,12.4,8.642857142857142
2025-09-13,Bayern Munich,Hamburg,5,0,H,2,2,0,0,5,3,12,2,11,14,0,4.0,0.7857142857142857,3.2142857142857144,1.3571428571428572,2.5,0.0,0.2857142857142857,7.214285714285714,3.642857142857143,9.142857142857142,4.428571428571429,9.0,11.928571428571429
2025-09-14,St Pauli,Augsburg,2,1,H,1,4,0,0,3,1,7,5,10,12,1,1.0,1.0714285714285714,-0.0714285714285714,1.5,2.5714285714285716,0.07142857142857142,0.0,5.5,3.7857142857142856,4.285714285714286,4.142857142857143,10.0,11.714285714285714
2025-09-14,M'gladbach,Werder Bremen,0,4,A,1,0,0,0,9,4,3,7,12,9,0,1.2857142857142858,1.1333333333333333,0.1523809523809525,1.5,2.4,0.07142857142857142,0.06666666666666667,3.7857142857142856,4.466666666666667,4.5,3.7333333333333334,10.214285714285714,9.933333333333334
2025-09-19,Stuttgart,St Pauli,2,0,H,0,2,0,0,8,4,8,2,13,15,0,1.7333333333333334,0.7333333333333333,1.0,2.0,1.5333333333333334,0.06666666666666667,0.06666666666666667,5.266666666666667,3.4,6.133333333333334,2.533333333333333,9.133333333333333,10.0
2025-09-20,Augsburg,Mainz,1,4,A,1,2,0,1,6,6,5,4,13,10,1,1.4,1.2857142857142858,0.1142857142857141,2.6666666666666665,2.5714285714285716,0.06666666666666667,0.14285714285714285,5.133333333333334,3.642857142857143,4.866666666666666,3.5,11.333333333333334,10.285714285714286
2025-09-20,Hamburg,Heidenheim,2,1,H,5,1,0,0,1,12,9,8,15,10,1,1.4,0.7857142857142857,0.6142857142857142,2.1333333333333333,1.7857142857142858,0.2,0.0,3.8666666666666667,4.428571428571429,4.733333333333333,3.142857142857143,11.933333333333334,10.785714285714286
2025-09-20,Hoffenheim,Bayern Munich,1,4,A,1,2,0,0,5,5,4,10,17,9,1,2.0714285714285716,3.2666666666666666,-1.195238095238095,1.7857142857142858,2.2,0.0,0.13333333333333333,6.642857142857143,5.266666666666667,6.0,8.2,13.714285714285714,9.333333333333334
2025-09-20,Werder Bremen,Freiburg,0,3,A,5,2,0,0,2,0,5,5,13,7,0,1.0714285714285714,1.0666666666666667,0.004761904761904745,2.357142857142857,1.5333333333333334,0.21428571428571427,0.06666666666666667,4.5,3.933333333333333,4.428571428571429,3.2666666666666666,10.142857142857142,9.933333333333334
2025-09-20,RB Leipzig,FC Koln,3,1,H,1,1,0,0,9,5,8,2,10,8,1,2.3333333333333335,1.0714285714285714,1.261904761904762,1.3333333333333333,2.0,0.0,0.0,5.8,4.285714285714286,7.266666666666667,4.071428571428571,8.466666666666667,8.642857142857142
2025-09-21,Ein Frankfurt,Union Berlin,3,4,A,3,2,0,0,5,1,10,5,10,11,1,1.7857142857142858,0.9333333333333333,0.8523809523809525,1.5714285714285714,1.7333333333333334,0.14285714285714285,0.06666666666666667,5.214285714285714,4.666666666666667,5.214285714285714,3.2666666666666666,9.857142857142858,12.8
2025-09-21,Leverkusen,M'gladbach,1,1,D,5,5,0,0,3,4,9,7,12,15,1,2.2857142857142856,1.1333333333333333,1.1523809523809523,2.0,1.4666666666666666,0.14285714285714285,0.06666666666666667,6.285714285714286,4.333333333333333,6.0,3.933333333333333,9.0,11.533333333333333
2025-09-21,Dortmund,Wolfsburg,1,0,H,1,0,0,0,9,3,4,1,10,9,0,2.2,1.2857142857142858,0.9142857142857144,1.5333333333333334,2.0714285714285716,0.0,0.0,7.466666666666667,2.7857142857142856,5.266666666666667,3.2857142857142856,10.8,10.857142857142858
2025-09-26,Bayern Munich,Werder Bremen,4,0,H,2,0,0,0,7,6,13,3,9,4,0,4.0,1.1333333333333333,2.8666666666666667,1.3571428571428572,2.4,0.0,0.06666666666666667,7.214285714285714,4.466666666666667,9.142857142857142,3.7333333333333334,9.0,9.933333333333334
2025-09-27,Heidenheim,Augsburg,2,1,H,1,6,0,0,3,2,5,2,16,20,1,1.4,1.0714285714285714,0.3285714285714285,1.2,2.5714285714285716,0.06666666666666667,0.0,4.466666666666667,3.7857142857142856,3.8,4.142857142857143,9.6,11.714285714285714
2025-09-27,Mainz,Dortmund,0,2,A,2,1,1,0,7,5,2,4,12,14,0,1.1333333333333333,1.9285714285714286,-0.7952380952380953,1.8,2.2857142857142856,0.2,0.14285714285714285,6.266666666666667,3.5,3.933333333333333,4.142857142857143,11.733333333333333,12.071428571428571
2025-09-27,St Pauli,Leverkusen,1,2,A,3,5,0,0,13,1,6,4,13,11,1,1.0,1.8,-0.8,1.5,2.3333333333333335,0.07142857142857142,0.0,5.5,4.333333333333333,4.285714285714286,3.8,10.0,8.866666666666667
2025-09-27,Wolfsburg,RB Leipzig,0,1,A,2,2,0,0,6,11,4,6,7,9,0,1.4,1.5,-0.10000000000000009,2.1333333333333333,1.7142857142857142,0.2,0.0,5.2,4.928571428571429,4.733333333333333,4.357142857142857,12.4,10.785714285714286
2025-09-27,M'gladbach,Ein Frankfurt,4,6,A,1,2,0,0,4,6,8,7,14,8,1,1.2857142857142858,1.9333333333333333,-0.6476190476190475,1.5,2.0,0.07142857142857142,0.06666666666666667,3.7857142857142856,3.8666666666666667,4.5,3.7333333333333334,10.214285714285714,10.6
2025-09-28,Freiburg,Hoffenheim,1,1,D,3,1,0,0,6,8,1,4,9,15,1,1.8571428571428572,1.8666666666666667,-0.00952380952380949,1.8571428571428572,2.1333333333333333,0.14285714285714285,0.13333333333333333,5.0,4.666666666666667,5.357142857142857,4.4,8.785714285714286,14.2
2025-09-28,FC Koln,Stuttgart,1,2,A,2,2,0,0,8,8,6,5,12,12,1,1.8666666666666667,2.4285714285714284,-0.5619047619047617,1.8666666666666667,1.9285714285714286,0.2,0.0,4.933333333333334,5.642857142857143,5.0,5.928571428571429,8.4,10.357142857142858
2025-09-28,Union Berlin,Hamburg,0,0,D,2,2,0,1,5,3,2,6,18,17,0,1.3571428571428572,0.7857142857142857,0.5714285714285715,2.642857142857143,2.5,0.14285714285714285,0.2857142857142857,5.071428571428571,3.642857142857143,3.9285714285714284,4.428571428571429,12.785714285714286,11.928571428571429
2025-10-03,Hoffenheim,FC Koln,0,1,A,3,1,0,0,11,6,4,4,15,6,0,2.0714285714285716,1.0714285714285714,1.0000000000000002,1.7857142857142858,2.0,0.0,0.0,6.642857142857143,4.285714285714286,6.0,4.071428571428571,13.714285714285714,8.642857142857142
2025-10-04,Augsburg,Wolfsburg,3,1,H,2,1,0,0,10,5,5,4,9,7,1,1.4,1.2857142857142858,0.1142857142857141,2.6666666666666665,2.0714285714285716,0.06666666666666667,0.0,5.133333333333334,2.7857142857142856,4.866666666666666,3.2857142857142856,11.333333333333334,10.857142857142858
2025-10-04,Dortmund,RB Leipzig,1,1,D,1,3,0,0,7,7,3,3,13,14,1,2.2,1.5,0.7000000000000002,1.5333333333333334,1.7142857142857142,0.0,0.0,7.466666666666667,4.928571428571429,5.266666666666667,4.357142857142857,10.8,10.785714285714286
2025-10-04,Leverkusen,Union Berlin,2,0,H,1,3,0,0,4,4,3,3,11,13,0,2.2857142857142856,0.9333333333333333,1.3523809523809522,2.0,1.7333333333333334,0.14285714285714285,0.06666666666666667,6.285714285714286,4.666666666666667,6.0,3.2666666666666666,9.0,12.8
2025-10-04,Werder Bremen,St Pauli,1,0,H,3,1,0,0,4,1,5,3,8,9,0,1.0714285714285714,0.7333333333333333,0.3380952380952381,2.357142857142857,1.5333333333333334,0.21428571428571427,0.06666666666666667,4.5,3.4,4.428571428571429,2.533333333333333,10.142857142857142,10.0
2025-10-04,Ein Frankfurt,Bayern Munich,0,3,A,1,2,0,0,4,3,1,3,11,11,0,1.7857142857142858,3.2666666666666666,-1.4809523809523808,1.5714285714285714,2.2,0.14285714285714285,0.13333333333333333,5.214285714285714,5.266666666666667,5.214285714285714,8.2,9.857142857142858,9.333333333333334
2025-10-05,Stuttgart,Heidenheim,1,0,H,1,1,0,0,1,1,6,1,11,12,0,1.7333333333333334,0.7857142857142857,0.9476190476190477,2.0,1.7857142857142858,0.06666666666666667,0.0,5.266666666666667,4.428571428571429,6.133333333333334,3.142857142857143,9.133333333333333,10.785714285714286
2025-10-05,Hamburg,Mainz,4,0,H,2,3,0,0,1,4,9,4,14,13,0,1.4,1.2857142857142858,0.1142857142857141,2.1333333333333333,2.5714285714285716,0.2,0.14285714285714285,3.8666666666666667,3.642857142857143,4.733333333333333,3.5,11.933333333333334,10.285714285714286
2025-10-05,M'gladbach,Freiburg,0,0,D,3,1,0,0,4,1,5,1,15,7,0,1.2857142857142858,1.0666666666666667,0.21904761904761916,1.5,1.5333333333333334,0.07142857142857142,0.06666666666666667,3.7857142857142856,3.933333333333333,4.5,3.2666666666666666,10.214285714285714,9.933333333333334
2025-10-17,Union Berlin,M'gladbach,3,1,H,5,3,0,0,6,6,5,2,21,15,1,1.3571428571428572,1.1333333333333333,0.2238095238095239,2.642857142857143,1.4666666666666666,0.14285714285714285,0.06666666666666667,5.071428571428571,4.333333333333333,3.9285714285714284,3.933333333333333,12.785714285714286,11.533333333333333
2025-10-18,FC Koln,Augsburg,1,1,D,2,2,0,0,5,2,2,4,10,17,1,1.8666666666666667,1.0714285714285714,0.7952380952380953,1.8666666666666667,2.5714285714285716,0.2,0.0,4.933333333333334,3.7857142857142856,5.0,4.142857142857143,8.4,11.714285714285714
2025-10-18,Heidenheim,Werder Bremen,2,2,D,1,3,0,0,12,2,11,4,9,11,1,1.4,1.1333333333333333,0.2666666666666666,1.2,2.4,0.06666666666666667,0.06666666666666667,4.466666666666667,4.466666666666667,3.8,3.7333333333333334,9.6,9.933333333333334
2025-10-18,Mainz,Leverkusen,3,4,A,4,4,0,0,2,3,4,8,20,12,1,1.1333333333333333,1.8,-0.6666666666666667,1.8,2.3333333333333335,0.2,0.0,6.266666666666667,4.333333333333333,3.933333333333333,3.8,11.733333333333333,8.866666666666667
2025-10-18,RB Leipzig,Hamburg,2,1,H,3,1,0,0,3,5,4,3,13,12,1,2.3333333333333335,0.7857142857142857,1.547619047619048,1.3333333333333333,2.5,0.0,0.2857142857142857,5.8,3.642857142857143,7.266666666666667,4.428571428571429,8.466666666666667,11.928571428571429
2025-10-18,Wolfsburg,Stuttgart,0,3,A,1,1,0,0,3,8,3,7,12,8,0,1.4,2.4285714285714284,-1.0285714285714285,2.1333333333333333,1.9285714285714286,0.2,0.0,5.2,5.642857142857143,4.733333333333333,5.928571428571429,12.4,10.357142857142858
2025-10-18,Bayern Munich,Dortmund,2,1,H,1,3,0,0,4,3,7,1,12,17,1,4.0,1.9285714285714286,2.071428571428571,1.3571428571428572,2.2857142857142856,0.0,0.14285714285714285,7.214285714285714,3.5,9.142857142857142,4.142857142857143,9.0,12.071428571428571
2025-10-19,Freiburg,Ein Frankfurt,2,2,D,2,3,0,0,3,1,5,3,6,15,1,1.8571428571428572,1.9333333333333333,-0.07619047619047614,1.8571428571428572,2.0,0.14285714285714285,0.06666666666666667,5.0,3.8666666666666667,5.357142857142857,3.7333333333333334,8.785714285714286,10.6
2025-10-19,St Pauli,Hoffenheim,0,3,A,1,3,0,0,9,7,2,5,10,17,0,1.0,1.8666666666666667,-0.8666666666666667,1.5,2.1333333333333333,0.07142857142857142,0.13333333333333333,5.5,4.666666666666667,4.285714285714286,4.4,10.0,14.2
2025-10-24,Werder Bremen,Union Berlin,1,0,H,4,0,0,0,5,6,3,2,6,13,0,1.0714285714285714,0.9333333333333333,0.13809523809523805,2.357142857142857,1.7333333333333334,0.21428571428571427,0.06666666666666667,4.5,4.666666666666667,4.428571428571429,3.2666666666666666,10.142857142857142,12.8
2025-10-25,Augsburg,RB Leipzig,0,6,A,3,1,0,0,2,3,2,8,9,10,0,1.4,1.5,-0.10000000000000009,2.6666666666666665,1.7142857142857142,0.06666666666666667,0.0,5.133333333333334,4.928571428571429,4.866666666666666,4.357142857142857,11.333333333333334,10.785714285714286
2025-10-25,Ein Frankfurt,St Pauli,2,0,H,0,1,0,0,1,3,6,1,11,6,0,1.7857142857142858,0.7333333333333333,1.0523809523809526,1.5714285714285714,1.5333333333333334,0.14285714285714285,0.06666666666666667,5.214285714285714,3.4,5.214285714285714,2.533333333333333,9.857142857142858,10.0
2025-10-25,Hamburg,Wolfsburg,0,1,A,1,5,0,0,11,1,6,2,8,18,0,1.4,1.2857142857142858,0.1142857142857141,2.1333333333333333,2.0714285714285716,0.2,0.0,3.8666666666666667,2.7857142857142856,4.733333333333333,3.2857142857142856,11.933333333333334,10.857142857142858
2025-10-25,Hoffenheim,Heidenheim,3,1,H,1,1,0,0,7,5,7,3,14,13,1,2.0714285714285716,0.7857142857142857,1.285714285714286,1.7857142857142858,1.7857142857142858,0.0,0.0,6.642857142857143,4.428571428571429,6.0,3.142857142857143,13.714285714285714,10.785714285714286
2025-10-25,M'gladbach,Bayern Munich,0,3,A,0,3,1,0,1,8,0,11,6,9,0,1.2857142857142858,3.2666666666666666,-1.9809523809523808,1.5,2.2,0.07142857142857142,0.13333333333333333,3.7857142857142856,5.266666666666667,4.5,8.2,10.214285714285714,9.333333333333334
2025-10-25,Dortmund,FC Koln,1,0,H,2,2,0,0,17,2,9,0,10,8,0,2.2,1.0714285714285714,1.1285714285714288,1.5333333333333334,2.0,0.0,0.0,7.466666666666667,4.285714285714286,5.266666666666667,4.071428571428571,10.8,8.642857142857142
2025-10-26,Leverkusen,Freiburg,2,0,H,1,2,0,1,2,3,4,3,9,8,0,2.2857142857142856,1.0666666666666667,1.219047619047619,2.0,1.5333333333333334,0.14285714285714285,0.06666666666666667,6.285714285714286,3.933333333333333,6.0,3.2666666666666666,9.0,9.933333333333334
2025-10-26,Stuttgart,Mainz,2,1,H,4,3,0,0,7,5,8,2,11,12,1,1.7333333333333334,1.2857142857142858,0.4476190476190476,2.0,2.5714285714285716,0.06666666666666667,0.14285714285714285,5.266666666666667,3.642857142857143,6.133333333333334,3.5,9.133333333333333,10.285714285714286
2025-10-31,Augsburg,Dortmund,0,1,A,4,1,0,0,4,3,1,1,14,16,0,1.4,1.9285714285714286,-0.5285714285714287,2.6666666666666665,2.2857142857142856,0.06666666666666667,0.14285714285714285,5.133333333333334,3.5,4.866666666666666,4.142857142857143,11.333333333333334,12.071428571428571
2025-11-01,Heidenheim,Ein Frankfurt,1,1,D,0,2,0,0,2,8,4,3,7,11,1,1.4,1.9333333333333333,-0.5333333333333334,1.2,2.0,0.06666666666666667,0.06666666666666667,4.466666666666667,3.8666666666666667,3.8,3.7333333333333334,9.6,10.6
2025-11-01,Mainz,Werder Bremen,1,1,D,1,3,0,0,2,0,5,3,19,11,1,1.1333333333333333,1.1333333333333333,0.0,1.8,2.4,0.2,0.06666666666666667,6.266666666666667,4.466666666666667,3.933333333333333,3.7333333333333334,11.733333333333333,9.933333333333334
2025-11-01,RB Leipzig,Stuttgart,3,1,H,1,2,0,0,5,5,9,4,8,10,1,2.3333333333333335,2.4285714285714284,-0.0952380952380949,1.3333333333333333,1.9285714285714286,0.0,0.0,5.8,5.642857142857143,7.266666666666667,5.928571428571429,8.466666666666667,10.357142857142858
2025-11-01,St Pauli,M'gladbach,0,4,A,4,0,0,0,8,1,4,11,11,8,0,1.0,1.1333333333333333,-0.1333333333333333,1.5,1.4666666666666666,0.07142857142857142,0.06666666666666667,5.5,4.333333333333333,4.285714285714286,3.933333333333333,10.0,11.533333333333333
2025-11-01,Union Berlin,Freiburg,0,0,D,6,1,0,0,5,5,2,4,20,13,0,1.3571428571428572,1.0666666666666667,0.29047619047619055,2.642857142857143,1.5333333333333334,0.14285714285714285,0.06666666666666667,5.071428571428571,3.933333333333333,3.9285714285714284,3.2666666666666666,12.785714285714286,9.933333333333334
2025-11-01,Bayern Munich,Leverkusen,3,0,H,1,1,0,0,10,4,4,1,11,3,0,4.0,1.8,2.2,1.3571428571428572,2.3333333333333335,0.0,0.0,7.214285714285714,4.333333333333333,9.142857142857142,3.8,9.0,8.866666666666667
2025-11-02,FC Koln,Hamburg,4,1,H,1,6,0,2,2,3,10,5,8,18,1,1.8666666666666667,0.7857142857142857,1.080952380952381,1.8666666666666667,2.5,0.2,0.2857142857142857,4.933333333333334,3.642857142857143,5.0,4.428571428571429,8.4,11.928571428571429
2025-11-02,Wolfsburg,Hoffenheim,2,3,A,0,2,0,0,2,2,6,4,10,17,1,1.4,1.8666666666666667,-0.4666666666666668,2.1333333333333333,2.1333333333333333,0.2,0.13333333333333333,5.2,4.666666666666667,4.733333333333333,4.4,12.4,14.2
2025-11-07,Werder Bremen,Wolfsburg,2,1,H,2,0,0,0,13,3,7,4,13,8,1,1.0714285714285714,1.2857142857142858,-0.2142857142857144,2.357142857142857,2.0714285714285716,0.21428571428571427,0.0,4.5,2.7857142857142856,4.428571428571429,3.2857142857142856,10.142857142857142,10.857142857142858
2025-11-08,Hamburg,Dortmund,1,1,D,1,1,0,0,2,6,3,1,14,8,1,1.4,1.9285714285714286,-0.5285714285714287,2.1333333333333333,2.2857142857142856,0.2,0.14285714285714285,3.8666666666666667,3.5,4.733333333333333,4.142857142857143,11.933333333333334,12.071428571428571
2025-11-08,Hoffenheim,RB Leipzig,3,1,H,3,2,0,0,5,5,4,5,13,5,1,2.0714285714285716,1.5,0.5714285714285716,1.7857142857142858,1.7142857142857142,0.0,0.0,6.642857142857143,4.928571428571429,6.0,4.357142857142857,13.714285714285714,10.785714285714286
2025-11-08,Leverkusen,Heidenheim,6,0,H,0,1,0,0,11,1,10,0,5,7,0,2.2857142857142856,0.7857142857142857,1.5,2.0,1.7857142857142858,0.14285714285714285,0.0,6.285714285714286,4.428571428571429,6.0,3.142857142857143,9.0,10.785714285714286
2025-11-08,Union Berlin,Bayern Munich,2,2,D,2,4,0,0,6,5,4,4,8,8,1,1.3571428571428572,3.2666666666666666,-1.9095238095238094,2.642857142857143,2.2,0.14285714285714285,0.13333333333333333,5.071428571428571,5.266666666666667,3.9285714285714284,8.2,12.785714285714286,9.333333333333334
2025-11-08,M'gladbach,FC Koln,3,1,H,2,3,0,0,2,6,4,5,11,13,1,1.2857142857142858,1.0714285714285714,0.2142857142857144,1.5,2.0,0.07142857142857142,0.0,3.7857142857142856,4.285714285714286,4.5,4.071428571428571,10.214285714285714,8.642857142857142
2025-11-09,Freiburg,St Pauli,2,1,H,2,2,0,0,9,3,4,2,8,12,1,1.8571428571428572,0.7333333333333333,1.1238095238095238,1.8571428571428572,1.5333333333333334,0.14285714285714285,0.06666666666666667,5.0,3.4,5.357142857142857,2.533333333333333,8.785714285714286,10.0
2025-11-09,Stuttgart,Augsburg,3,2,H,2,3,0,0,4,4,6,6,13,10,1,1.7333333333333334,1.0714285714285714,0.661904761904762,2.0,2.5714285714285716,0.06666666666666667,0.0,5.266666666666667,3.7857142857142856,6.133333333333334,4.142857142857143,9.133333333333333,11.714285714285714
2025-11-09,Ein Frankfurt,Mainz,1,0,H,0,5,0,0,4,3,4,0,8,14,0,1.7857142857142858,1.2857142857142858,0.5,1.5714285714285714,2.5714285714285716,0.14285714285714285,0.14285714285714285,5.214285714285714,3.642857142857143,5.214285714285714,3.5,9.857142857142858,10.285714285714286
2025-11-21,Mainz,Hoffenheim,1,1,D,3,2,1,0,7,4,3,5,13,13,1,1.1333333333333333,1.8666666666666667,-0.7333333333333334,1.8,2.1333333333333333,0.2,0.13333333333333333,6.266666666666667,4.666666666666667,3.933333333333333,4.4,11.733333333333333,14.2
2025-11-22,Augsburg,Hamburg,1,0,H,2,3,1,0,4,3,6,6,13,10,0,1.4,0.7857142857142857,0.6142857142857142,2.6666666666666665,2.5,0.06666666666666667,0.2857142857142857,5.133333333333334,3.642857142857143,4.866666666666666,4.428571428571429,11.333333333333334,11.928571428571429
2025-11-22,Bayern Munich,Freiburg,6,2,H,1,0,0,0,3,5,8,2,9,7,1,4.0,1.0666666666666667,2.9333333333333336,1.3571428571428572,1.5333333333333334,0.0,0.06666666666666667,7.214285714285714,3.933333333333333,9.142857142857142,3.2666666666666666,9.0,9.933333333333334
2025-11-22,Dortmund,Stuttgart,3,3,D,1,1,0,0,2,4,6,6,12,10,1,2.2,2.4285714285714284,-0.2285714285714282,1.5333333333333334,1.9285714285714286,0.0,0.0,7.466666666666667,5.642857142857143,5.266666666666667,5.928571428571429,10.8,10.357142857142858
2025-11-22,Heidenheim,M'gladbach,0,3,A,2,0,0,0,4,5,2,4,13,12,0,1.4,1.1333333333333333,0.2666666666666666,1.2,1.4666666666666666,0.06666666666666667,0.06666666666666667,4.466666666666667,4.333333333333333,3.8,3.933333333333333,9.6,11.533333333333333
2025-11-22,Wolfsburg,Leverkusen,1,3,A,2,1,0,0,9,1,10,3,12,7,1,1.4,1.8,-0.40000000000000013,2.1333333333333333,2.3333333333333335,0.2,0.0,5.2,4.333333333333333,4.733333333333333,3.8,12.4,8.866666666666667
2025-11-22,FC Koln,Ein Frankfurt,3,4,A,0,0,0,0,3,3,5,7,6,5,1,1.8666666666666667,1.9333333333333333,-0.06666666666666665,1.8666666666666667,2.0,0.2,0.06666666666666667,4.933333333333334,3.8666666666666667,5.0,3.7333333333333334,8.4,10.6
2025-11-23,RB Leipzig,Werder Bremen,2,0,H,1,2,0,0,13,7,13,6,5,7,0,2.3333333333333335,1.1333333333333333,1.2000000000000002,1.3333333333333333,2.4,0.0,0.06666666666666667,5.8,4.466666666666667,7.266666666666667,3.7333333333333334,8.466666666666667,9.933333333333334
2025-11-23,St Pauli,Union Berlin,0,1,A,1,1,0,0,8,2,3,3,10,8,0,1.0,0.9333333333333333,0.06666666666666665,1.5,1.7333333333333334,0.07142857142857142,0.06666666666666667,5.5,4.666666666666667,4.285714285714286,3.2666666666666666,10.0,12.8
2025-11-28,M'gladbach,RB Leipzig,0,0,D,0,3,0,0,5,6,1,4,9,9,0,1.2857142857142858,1.5,-0.2142857142857142,1.5,1.7142857142857142,0.07142857142857142,0.0,3.7857142857142856,4.928571428571429,4.5,4.357142857142857,10.214285714285714,10.785714285714286
2025-11-29,Bayern Munich,St Pauli,3,1,H,1,1,0,0,10,2,4,1,5,8,1,4.0,0.7333333333333333,3.2666666666666666,1.3571428571428572,1.5333333333333334,0.0,0.06666666666666667,7.214285714285714,3.4,9.142857142857142,2.533333333333333,9.0,10.0
2025-11-29,Hoffenheim,Augsburg,3,0,H,1,0,0,0,7,2,3,4,17,9,0,2.0714285714285716,1.0714285714285714,1.0000000000000002,1.7857142857142858,2.5714285714285716,0.0,0.0,6.642857142857143,3.7857142857142856,6.0,4.142857142857143,13.714285714285714,11.714285714285714
2025-11-29,Union Berlin,Heidenheim,1,2,A,3,2,0,0,5,5,2,2,13,10,1,1.3571428571428572,0.7857142857142857,0.5714285714285715,2.642857142857143,1.7857142857142858,0.14285714285714285,0.0,5.071428571428571,4.428571428571429,3.9285714285714284,3.142857142857143,12.785714285714286,10.785714285714286
2025-11-29,Werder Bremen,FC Koln,1,1,D,2,4,1,0,4,0,4,2,11,11,1,1.0714285714285714,1.0714285714285714,0.0,2.357142857142857,2.0,0.21428571428571427,0.0,4.5,4.285714285714286,4.428571428571429,4.071428571428571,10.142857142857142,8.642857142857142
2025-11-29,Leverkusen,Dortmund,1,2,A,3,4,0,0,10,3,4,4,7,9,1,2.2857142857142856,1.9285714285714286,0.357142857142857,2.0,2.2857142857142856,0.14285714285714285,0.14285714285714285,6.285714285714286,3.5,6.0,4.142857142857143,9.0,12.071428571428571
2025-11-30,Hamburg,Stuttgart,2,1,H,2,4,1,0,4,6,2,3,16,12,1,1.4,2.4285714285714284,-1.0285714285714285,2.1333333333333333,1.9285714285714286,0.2,0.0,3.8666666666666667,5.642857142857143,4.733333333333333,5.928571428571429,11.933333333333334,10.357142857142858
2025-11-30,Ein Frankfurt,Wolfsburg,1,1,D,1,4,0,0,14,1,3,3,7,9,1,1.7857142857142858,1.2857142857142858,0.5,1.5714285714285714,2.0714285714285716,0.14285714285714285,0.0,5.214285714285714,2.7857142857142856,5.214285714285714,3.2857142857142856,9.857142857142858,10.857142857142858
2025-11-30,Freiburg,Mainz,4,0,H,0,2,0,1,6,2,10,1,9,12,0,1.8571428571428572,1.2857142857142858,0.5714285714285714,1.8571428571428572,2.5714285714285716,0.14285714285714285,0.14285714285714285,5.0,3.642857142857143,5.357142857142857,3.5,8.785714285714286,10.285714285714286
2025-12-05,Mainz,M'gladbach,0,1,A,2,1,0,0,8,6,2,5,12,4,0,1.1333333333333333,1.1333333333333333,0.0,1.8,1.4666666666666666,0.2,0.06666666666666667,6.266666666666667,4.333333333333333,3.933333333333333,3.933333333333333,11.733333333333333,11.533333333333333
2025-12-06,Augsburg,Leverkusen,2,0,H,4,3,0,0,5,7,6,2,12,6,0,1.4,1.8,-0.40000000000000013,2.6666666666666665,2.3333333333333335,0.06666666666666667,0.0,5.133333333333334,4.333333333333333,4.866666666666666,3.8,11.333333333333334,8.866666666666667
2025-12-06,FC Koln,St Pauli,1,1,D,0,1,0,0,5,4,8,1,6,6,1,1.8666666666666667,0.7333333333333333,1.1333333333333333,1.8666666666666667,1.5333333333333334,0.2,0.06666666666666667,4.933333333333334,3.4,5.0,2.533333333333333,8.4,10.0
2025-12-06,Heidenheim,Freiburg,2,1,H,2,1,0,0,8,6,3,2,11,10,1,1.4,1.0666666666666667,0.33333333333333326,1.2,1.5333333333333334,0.06666666666666667,0.06666666666666667,4.466666666666667,3.933333333333333,3.8,3.2666666666666666,9.6,9.933333333333334
2025-12-06,Stuttgart,Bayern Munich,0,5,A,2,4,1,0,3,4,1,11,6,11,0,1.7333333333333334,3.2666666666666666,-1.5333333333333332,2.0,2.2,0.06666666666666667,0.13333333333333333,5.266666666666667,5.266666666666667,6.133333333333334,8.2,9.133333333333333,9.333333333333334
2025-12-06,Wolfsburg,Union Berlin,3,1,H,4,1,0,0,0,11,3,6,13,10,1,1.4,0.9333333333333333,0.46666666666666656,2.1333333333333333,1.7333333333333334,0.2,0.06666666666666667,5.2,4.666666666666667,4.733333333333333,3.2666666666666666,12.4,12.8
2025-12-06,RB Leipzig,Ein Frankfurt,6,0,H,1,2,0,0,4,0,7,2,9,17,0,2.3333333333333335,1.9333333333333333,0.40000000000000013,1.3333333333333333,2.0,0.0,0.06666666666666667,5.8,3.8666666666666667,7.266666666666667,3.7333333333333334,8.466666666666667,10.6
2025-12-07,Hamburg,Werder Bremen,3,2,H,1,6,0,0,5,3,6,3,8,13,1,1.4,1.1333333333333333,0.2666666666666666,2.1333333333333333,2.4,0.2,0.06666666666666667,3.8666666666666667,4.466666666666667,4.733333333333333,3.7333333333333334,11.933333333333334,9.933333333333334
2025-12-07,Dortmund,Hoffenheim,2,0,H,0,2,0,0,7,5,4,3,7,9,0,2.2,1.8666666666666667,0.3333333333333335,1.5333333333333334,2.1333333333333333,0.0,0.13333333333333333,7.466666666666667,4.666666666666667,5.266666666666667,4.4,10.8,14.2
2025-12-12,Union Berlin,RB Leipzig,3,1,H,2,2,0,0,4,6,6,3,7,8,1,1.3571428571428572,1.5,-0.1428571428571428,2.642857142857143,1.7142857142857142,0.14285714285714285,0.0,5.071428571428571,4.928571428571429,3.9285714285714284,4.357142857142857,12.785714285714286,10.785714285714286
2025-12-13,Ein Frankfurt,Augsburg,1,0,H,2,3,0,0,2,6,4,1,14,10,0,1.7857142857142858,1.0714285714285714,0.7142857142857144,1.5714285714285714,2.5714285714285716,0.14285714285714285,0.0,5.214285714285714,3.7857142857142856,5.214285714285714,4.142857142857143,9.857142857142858,11.714285714285714
2025-12-13,Hoffenheim,Hamburg,4,1,H,1,3,0,0,3,3,6,5,16,10,1,2.0714285714285716,0.7857142857142857,1.285714285714286,1.7857142857142858,2.5,0.0,0.2857142857142857,6.642857142857143,3.642857142857143,6.0,4.428571428571429,13.714285714285714,11.928571428571429
2025-12-13,M'gladbach,Wolfsburg,1,3,A,0,1,0,0,6,3,4,6,6,8,1,1.2857142857142858,1.2857142857142858,0.0,1.5,2.0714285714285716,0.07142857142857142,0.0,3.7857142857142856,2.7857142857142856,4.5,3.2857142857142856,10.214285714285714,10.857142857142858
2025-12-13,St Pauli,Heidenheim,2,1,H,2,3,1,0,4,11,5,7,6,15,1,1.0,0.7857142857142857,0.2142857142857143,1.5,1.7857142857142858,0.07142857142857142,0.0,5.5,4.428571428571429,4.285714285714286,3.142857142857143,10.0,10.785714285714286
2025-12-13,Leverkusen,FC Koln,2,0,H,2,1,0,0,8,3,6,4,8,6,0,2.2857142857142856,1.0714285714285714,1.2142857142857142,2.0,2.0,0.14285714285714285,0.0,6.285714285714286,4.285714285714286,6.0,4.071428571428571,9.0,8.642857142857142
2025-12-14,Freiburg,Dortmund,1,1,D,3,2,0,1,6,0,6,4,11,10,1,1.8571428571428572,1.9285714285714286,-0.0714285714285714,1.8571428571428572,2.2857142857142856,0.14285714285714285,0.14285714285714285,5.0,3.5,5.357142857142857,4.142857142857143,8.785714285714286,12.071428571428571
2025-12-14,Bayern Munich,Mainz,2,2,D,2,2,0,0,7,0,11,2,7,8,1,4.0,1.2857142857142858,2.7142857142857144,1.3571428571428572,2.5714285714285716,0.0,0.14285714285714285,7.214285714285714,3.642857142857143,9.142857142857142,3.5,9.0,10.285714285714286
2025-12-14,Werder Bremen,Stuttgart,0,4,A,2,0,1,0,0,9,3,12,11,6,0,1.0714285714285714,2.4285714285714284,-1.357142857142857,2.357142857142857,1.9285714285714286,0.21428571428571427,0.0,4.5,5.642857142857143,4.428571428571429,5.928571428571429,10.142857142857142,10.357142857142858
2025-12-19,Dortmund,M'gladbach,2,0,H,2,1,0,0,6,4,4,1,15,13,0,2.2,1.1333333333333333,1.0666666666666669,1.5333333333333334,1.4666666666666666,0.0,0.06666666666666667,7.466666666666667,4.333333333333333,5.266666666666667,3.933333333333333,10.8,11.533333333333333
2025-12-20,Augsburg,Werder Bremen,0,0,D,3,4,0,0,6,11,6,0,10,20,0,1.4,1.1333333333333333,0.2666666666666666,2.6666666666666665,2.4,0.06666666666666667,0.06666666666666667,5.133333333333334,4.466666666666667,4.866666666666666,3.7333333333333334,11.333333333333334,9.933333333333334
2025-12-20,FC Koln,Union Berlin,0,1,A,2,5,1,0,3,6,2,3,9,18,0,1.8666666666666667,0.9333333333333333,0.9333333333333333,1.8666666666666667,1.7333333333333334,0.2,0.06666666666666667,4.933333333333334,4.666666666666667,5.0,3.2666666666666666,8.4,12.8
2025-12-20,Hamburg,Ein Frankfurt,1,1,D,0,0,0,0,5,5,3,3,8,12,1,1.4,1.9333333333333333,-0.5333333333333334,2.1333333333333333,2.0,0.2,0.06666666666666667,3.8666666666666667,3.8666666666666667,4.733333333333333,3.7333333333333334,11.933333333333334,10.6
2025-12-20,Stuttgart,Hoffenheim,0,0,D,3,2,0,0,4,2,3,1,10,17,0,1.7333333333333334,1.8666666666666667,-0.1333333333333333,2.0,2.1333333333333333,0.06666666666666667,0.13333333333333333,5.266666666666667,4.666666666666667,6.133333333333334,4.4,9.133333333333333,14.2
2025-12-20,Wolfsburg,Freiburg,3,4,A,1,1,0,0,2,6,6,8,16,8,1,1.4,1.0666666666666667,0.33333333333333326,2.1333333333333333,1.5333333333333334,0.2,0.06666666666666667,5.2,3.933333333333333,4.733333333333333,3.2666666666666666,12.4,9.933333333333334
2025-12-20,RB Leipzig,Leverkusen,1,3,A,1,2,0,0,2,8,7,8,10,12,1,2.3333333333333335,1.8,0.5333333333333334,1.3333333333333333,2.3333333333333335,0.0,0.0,5.8,4.333333333333333,7.266666666666667,3.8,8.466666666666667,8.866666666666667
2025-12-21,Mainz,St Pauli,0,0,D,1,1,0,0,9,5,1,1,5,9,0,1.1333333333333333,0.7333333333333333,0.4,1.8,1.5333333333333334,0.2,0.06666666666666667,6.266666666666667,3.4,3.933333333333333,2.533333333333333,11.733333333333333,10.0
2025-12-21,Heidenheim,Bayern Munich,0,4,A,0,0,0,0,0,6,1,11,8,6,0,1.4,3.2666666666666666,-1.8666666666666667,1.2,2.2,0.06666666666666667,0.13333333333333333,4.466666666666667,5.266666666666667,3.8,8.2,9.6,9.333333333333334
2026-01-09,Ein Frankfurt,Dortmund,3,3,D,3,3,0,0,2,5,6,6,14,6,1,1.7857142857142858,1.9285714285714286,-0.1428571428571428,1.5714285714285714,2.2857142857142856,0.14285714285714285,0.14285714285714285,5.214285714285714,3.5,5.214285714285714,4.142857142857143,9.857142857142858,12.071428571428571
2026-01-10,Freiburg,Hamburg,2,1,H,3,5,0,1,0,3,7,5,13,11,1,1.8571428571428572,0.7857142857142857,1.0714285714285716,1.8571428571428572,2.5,0.14285714285714285,0.2857142857142857,5.0,3.642857142857143,5.357142857142857,4.428571428571429,8.785714285714286,11.928571428571429
2026-01-10,Heidenheim,FC Koln,2,2,D,2,1,0,0,5,4,6,9,9,7,1,1.4,1.0714285714285714,0.3285714285714285,1.2,2.0,0.06666666666666667,0.0,4.466666666666667,4.285714285714286,3.8,4.071428571428571,9.6,8.642857142857142
2026-01-10,Union Berlin,Mainz,2,2,D,2,0,0,0,2,1,5,6,9,8,1,1.3571428571428572,1.2857142857142858,0.0714285714285714,2.642857142857143,2.5714285714285716,0.14285714285714285,0.14285714285714285,5.071428571428571,3.642857142857143,3.9285714285714284,3.5,12.785714285714286,10.285714285714286
2026-01-10,Leverkusen,Stuttgart,1,4,A,4,2,0,0,5,3,4,7,13,11,1,2.2857142857142856,2.4285714285714284,-0.1428571428571428,2.0,1.9285714285714286,0.14285714285714285,0.0,6.285714285714286,5.642857142857143,6.0,5.928571428571429,9.0,10.357142857142858
2026-01-11,M'gladbach,Augsburg,4,0,H,0,1,0,0,2,2,7,2,16,9,0,1.2857142857142858,1.0714285714285714,0.2142857142857144,1.5,2.5714285714285716,0.07142857142857142,0.0,3.7857142857142856,3.7857142857142856,4.5,4.142857142857143,10.214285714285714,11.714285714285714
2026-01-11,Bayern Munich,Wolfsburg,8,1,H,0,1,0,0,6,2,10,3,7,6,1,4.0,1.2857142857142858,2.7142857142857144,1.3571428571428572,2.0714285714285716,0.0,0.0,7.214285714285714,2.7857142857142856,9.142857142857142,3.2857142857142856,9.0,10.857142857142858
2026-01-13,Stuttgart,Ein Frankfurt,3,2,H,2,2,0,0,10,2,11,5,8,15,1,1.7333333333333334,1.9333333333333333,-0.19999999999999996,2.0,2.0,0.06666666666666667,0.06666666666666667,5.266666666666667,3.8666666666666667,6.133333333333334,3.7333333333333334,9.133333333333333,10.6
2026-01-13,Dortmund,Werder Bremen,3,0,H,2,0,0,0,3,3,8,3,14,8,0,2.2,1.1333333333333333,1.0666666666666669,1.5333333333333334,2.4,0.0,0.06666666666666667,7.466666666666667,4.466666666666667,5.266666666666667,3.7333333333333334,10.8,9.933333333333334
2026-01-13,Mainz,Heidenheim,2,1,H,2,2,0,0,4,1,6,4,11,10,1,1.1333333333333333,0.7857142857142857,0.3476190476190476,1.8,1.7857142857142858,0.2,0.0,6.266666666666667,4.428571428571429,3.933333333333333,3.142857142857143,11.733333333333333,10.785714285714286
2026-01-14,Wolfsburg,St Pauli,2,1,H,1,2,0,0,7,4,5,4,10,9,1,1.4,0.7333333333333333,0.6666666666666666,2.1333333333333333,1.5333333333333334,0.2,0.06666666666666667,5.2,3.4,4.733333333333333,2.533333333333333,12.4,10.0
2026-01-14,FC Koln,Bayern Munich,1,3,A,0,0,0,0,4,6,3,8,3,4,1,1.8666666666666667,3.2666666666666666,-1.4,1.8666666666666667,2.2,0.2,0.13333333333333333,4.933333333333334,5.266666666666667,5.0,8.2,8.4,9.333333333333334
2026-01-14,Hoffenheim,M'gladbach,5,1,H,1,1,0,0,6,2,10,5,16,10,1,2.0714285714285716,1.1333333333333333,0.9380952380952383,1.7857142857142858,1.4666666666666666,0.0,0.06666666666666667,6.642857142857143,4.333333333333333,6.0,3.933333333333333,13.714285714285714,11.533333333333333
2026-01-14,RB Leipzig,Freiburg,2,0,H,0,4,0,0,7,2,7,1,12,16,0,2.3333333333333335,1.0666666666666667,1.2666666666666668,1.3333333333333333,1.5333333333333334,0.0,0.06666666666666667,5.8,3.933333333333333,7.266666666666667,3.2666666666666666,8.466666666666667,9.933333333333334
2026-01-15,Augsburg,Union Berlin,1,1,D,1,0,0,1,3,3,5,3,9,18,1,1.4,0.9333333333333333,0.46666666666666656,2.6666666666666665,1.7333333333333334,0.06666666666666667,0.06666666666666667,5.133333333333334,4.666666666666667,4.866666666666666,3.2666666666666666,11.333333333333334,12.8
2026-01-16,Werder Bremen,Ein Frankfurt,3,3,D,1,4,0,0,4,1,4,4,8,15,1,1.0714285714285714,1.9333333333333333,-0.861904761904762,2.357142857142857,2.0,0.21428571428571427,0.06666666666666667,4.5,3.8666666666666667,4.428571428571429,3.7333333333333334,10.142857142857142,10.6
2026-01-17,Dortmund,St Pauli,3,2,H,3,1,0,0,5,5,6,5,9,11,1,2.2,0.7333333333333333,1.4666666666666668,1.5333333333333334,1.5333333333333334,0.0,0.06666666666666667,7.466666666666667,3.4,5.266666666666667,2.533333333333333,10.8,10.0
2026-01-17,FC Koln,Mainz,2,1,H,4,4,0,0,9,5,6,7,6,10,1,1.8666666666666667,1.2857142857142858,0.5809523809523809,1.8666666666666667,2.5714285714285716,0.2,0.14285714285714285,4.933333333333334,3.642857142857143,5.0,3.5,8.4,10.285714285714286
2026-01-17,Hamburg,M'gladbach,0,0,D,1,2,0,0,2,5,12,0,16,18,0,1.4,1.1333333333333333,0.2666666666666666,2.1333333333333333,1.4666666666666666,0.2,0.06666666666666667,3.8666666666666667,4.333333333333333,4.733333333333333,3.933333333333333,11.933333333333334,11.533333333333333
2026-01-17,Hoffenheim,Leverkusen,1,0,H,2,1,0,0,3,5,8,2,17,7,0,2.0714285714285716,1.8,0.2714285714285716,1.7857142857142858,2.3333333333333335,0.0,0.0,6.642857142857143,4.333333333333333,6.0,3.8,13.714285714285714,8.866666666666667
2026-01-17,Wolfsburg,Heidenheim,1,1,D,4,3,0,0,9,6,4,3,10,12,1,1.4,0.7857142857142857,0.6142857142857142,2.1333333333333333,1.7857142857142858,0.2,0.0,5.2,4.428571428571429,4.733333333333333,3.142857142857143,12.4,10.785714285714286
2026-01-17,RB Leipzig,Bayern Munich,1,5,A,1,0,0,0,5,9,4,12,7,6,1,2.3333333333333335,3.2666666666666666,-0.9333333333333331,1.3333333333333333,2.2,0.0,0.13333333333333333,5.8,5.266666666666667,7.266666666666667,8.2,8.466666666666667,9.333333333333334
2026-01-18,Stuttgart,Union Berlin,1,1,D,1,1,0,0,3,8,4,3,6,11,1,1.7333333333333334,0.9333333333333333,0.8,2.0,1.7333333333333334,0.06666666666666667,0.06666666666666667,5.266666666666667,4.666666666666667,6.133333333333334,3.2666666666666666,9.133333333333333,12.8
2026-01-18,Augsburg,Freiburg,2,2,D,3,2,0,0,9,6,5,5,11,14,1,1.4,1.0666666666666667,0.33333333333333326,2.6666666666666665,1.5333333333333334,0.06666666666666667,0.06666666666666667,5.133333333333334,3.933333333333333,4.866666666666666,3.2666666666666666,11.333333333333334,9.933333333333334
2026-01-23,St Pauli,Hamburg,0,0,D,1,1,0,0,5,4,3,2,15,13,0,1.0,0.7857142857142857,0.2142857142857143,1.5,2.5,0.07142857142857142,0.2857142857142857,5.5,3.642857142857143,4.285714285714286,4.428571428571429,10.0,11.928571428571429
2026-01-24,Bayern Munich,Augsburg,1,2,A,1,1,0,0,9,3,6,6,10,5,1,4.0,1.0714285714285714,2.928571428571429,1.3571428571428572,2.5714285714285716,0.0,0.0,7.214285714285714,3.7857142857142856,9.142857142857142,4.142857142857143,9.0,11.714285714285714
2026-01-24,Ein Frankfurt,Hoffenheim,1,3,A,0,4,0,0,6,6,3,5,8,16,1,1.7857142857142858,1.8666666666666667,-0.08095238095238089,1.5714285714285714,2.1333333333333333,0.14285714285714285,0.13333333333333333,5.214285714285714,4.666666666666667,5.214285714285714,4.4,9.857142857142858,14.2
2026-01-24,Heidenheim,RB Leipzig,0,3,A,1,0,0,0,4,0,2,8,10,9,0,1.4,1.5,-0.10000000000000009,1.2,1.7142857142857142,0.06666666666666667,0.0,4.466666666666667,4.928571428571429,3.8,4.357142857142857,9.6,10.785714285714286
2026-01-24,Leverkusen,Werder Bremen,1,0,H,2,3,0,0,5,5,4,3,6,9,0,2.2857142857142856,1.1333333333333333,1.1523809523809523,2.0,2.4,0.14285714285714285,0.06666666666666667,6.285714285714286,4.466666666666667,6.0,3.7333333333333334,9.0,9.933333333333334
2026-01-24,Mainz,Wolfsburg,3,1,H,3,2,0,0,15,1,9,2,8,11,1,1.1333333333333333,1.2857142857142858,-0.1523809523809525,1.8,2.0714285714285716,0.2,0.0,6.266666666666667,2.7857142857142856,3.933333333333333,3.2857142857142856,11.733333333333333,10.857142857142858
2026-01-24,Union Berlin,Dortmund,0,3,A,0,1,0,0,7,2,3,5,10,16,0,1.3571428571428572,1.9285714285714286,-0.5714285714285714,2.642857142857143,2.2857142857142856,0.14285714285714285,0.14285714285714285,5.071428571428571,3.5,3.9285714285714284,4.142857142857143,12.785714285714286,12.071428571428571
2026-01-25,M'gladbach,Stuttgart,0,3,A,1,1,0,0,1,4,3,8,11,7,0,1.2857142857142858,2.4285714285714284,-1.1428571428571426,1.5,1.9285714285714286,0.07142857142857142,0.0,3.7857142857142856,5.642857142857143,4.5,5.928571428571429,10.214285714285714,10.357142857142858
2026-01-25,Freiburg,FC Koln,2,1,H,1,2,0,0,5,5,5,4,5,9,1,1.8571428571428572,1.0714285714285714,0.7857142857142858,1.8571428571428572,2.0,0.14285714285714285,0.0,5.0,4.285714285714286,5.357142857142857,4.071428571428571,8.785714285714286,8.642857142857142
2026-01-27,St Pauli,RB Leipzig,1,1,D,0,1,0,0,4,3,2,5,6,8,1,1.0,1.5,-0.5,1.5,1.7142857142857142,0.07142857142857142,0.0,5.5,4.928571428571429,4.285714285714286,4.357142857142857,10.0,10.785714285714286
2026-01-27,Werder Bremen,Hoffenheim,0,2,A,2,2,0,1,6,7,3,3,7,10,0,1.0714285714285714,1.8666666666666667,-0.7952380952380953,2.357142857142857,2.1333333333333333,0.21428571428571427,0.13333333333333333,4.5,4.666666666666667,4.428571428571429,4.4,10.142857142857142,14.2
2026-01-30,FC Koln,Wolfsburg,1,0,H,1,4,0,0,3,4,3,3,8,16,0,1.8666666666666667,1.2857142857142858,0.5809523809523809,1.8666666666666667,2.0714285714285716,0.2,0.0,4.933333333333334,2.7857142857142856,5.0,3.2857142857142856,8.4,10.857142857142858
2026-01-31,Augsburg,St Pauli,2,1,H,3,1,0,0,5,5,6,5,15,13,1,1.4,0.7333333333333333,0.6666666666666666,2.6666666666666665,1.5333333333333334,0.06666666666666667,0.06666666666666667,5.133333333333334,3.4,4.866666666666666,2.533333333333333,11.333333333333334,10.0
2026-01-31,Ein Frankfurt,Leverkusen,1,3,A,3,1,1,0,8,3,4,4,11,10,1,1.7857142857142858,1.8,-0.014285714285714235,1.5714285714285714,2.3333333333333335,0.14285714285714285,0.0,5.214285714285714,4.333333333333333,5.214285714285714,3.8,9.857142857142858,8.866666666666667
2026-01-31,Hoffenheim,Union Berlin,3,1,H,2,2,0,0,3,10,4,3,11,18,1,2.0714285714285716,0.9333333333333333,1.1380952380952383,1.7857142857142858,1.7333333333333334,0.0,0.06666666666666667,6.642857142857143,4.666666666666667,6.0,3.2666666666666666,13.714285714285714,12.8
2026-01-31,RB Leipzig,Mainz,1,2,A,0,4,0,0,5,4,4,4,4,13,1,2.3333333333333335,1.2857142857142858,1.0476190476190477,1.3333333333333333,2.5714285714285716,0.0,0.14285714285714285,5.8,3.642857142857143,7.266666666666667,3.5,8.466666666666667,10.285714285714286
2026-01-31,Werder Bremen,M'gladbach,1,1,D,0,1,0,0,7,3,6,2,10,14,1,1.0714285714285714,1.1333333333333333,-0.06190476190476191,2.357142857142857,1.4666666666666666,0.21428571428571427,0.06666666666666667,4.5,4.333333333333333,4.428571428571429,3.933333333333333,10.142857142857142,11.533333333333333
2026-01-31,Hamburg,Bayern Munich,2,2,D,6,4,0,0,3,9,4,7,12,16,1,1.4,3.2666666666666666,-1.8666666666666667,2.1333333333333333,2.2,0.2,0.13333333333333333,3.8666666666666667,5.266666666666667,4.733333333333333,8.2,11.933333333333334,9.333333333333334
2026-02-01,Stuttgart,Freiburg,1,0,H,3,1,0,0,6,2,7,2,14,14,0,1.7333333333333334,1.0666666666666667,0.6666666666666667,2.0,1.5333333333333334,0.06666666666666667,0.06666666666666667,5.266666666666667,3.933333333333333,6.133333333333334,3.2666666666666666,9.133333333333333,9.933333333333334
2026-02-01,Dortmund,Heidenheim,3,2,H,2,2,0,0,12,3,5,3,11,11,1,2.2,0.7857142857142857,1.4142857142857146,1.5333333333333334,1.7857142857142858,0.0,0.0,7.466666666666667,4.428571428571429,5.266666666666667,3.142857142857143,10.8,10.785714285714286
2026-02-06,Union Berlin,Ein Frankfurt,1,1,D,4,3,0,1,5,2,3,1,9,11,1,1.3571428571428572,1.9333333333333333,-0.5761904761904761,2.642857142857143,2.0,0.14285714285714285,0.06666666666666667,5.071428571428571,3.8666666666666667,3.9285714285714284,3.7333333333333334,12.785714285714286,10.6
2026-02-07,Freiburg,Werder Bremen,1,0,H,0,1,1,0,4,8,2,5,9,12,0,1.8571428571428572,1.1333333333333333,0.7238095238095239,1.8571428571428572,2.4,0.14285714285714285,0.06666666666666667,5.0,4.466666666666667,5.357142857142857,3.7333333333333334,8.785714285714286,9.933333333333334
2026-02-07,Heidenheim,Hamburg,0,2,A,0,2,0,0,10,8,4,5,6,11,0,1.4,0.7857142857142857,0.6142857142857142,1.2,2.5,0.06666666666666667,0.2857142857142857,4.466666666666667,3.642857142857143,3.8,4.428571428571429,9.6,11.928571428571429
2026-02-07,Mainz,Augsburg,2,0,H,2,2,0,0,6,4,6,6,12,10,0,1.1333333333333333,1.0714285714285714,0.06190476190476191,1.8,2.5714285714285716,0.2,0.0,6.266666666666667,3.7857142857142856,3.933333333333333,4.142857142857143,11.733333333333333,11.714285714285714
2026-02-07,St Pauli,Stuttgart,2,1,H,0,2,0,0,5,5,7,3,9,10,1,1.0,2.4285714285714284,-1.4285714285714284,1.5,1.9285714285714286,0.07142857142857142,0.0,5.5,5.642857142857143,4.285714285714286,5.928571428571429,10.0,10.357142857142858
2026-02-07,Wolfsburg,Dortmund,1,2,A,1,1,0,0,4,8,2,4,13,10,1,1.4,1.9285714285714286,-0.5285714285714287,2.1333333333333333,2.2857142857142856,0.2,0.14285714285714285,5.2,3.5,4.733333333333333,4.142857142857143,12.4,12.071428571428571
2026-02-07,M'gladbach,Leverkusen,1,1,D,2,3,0,0,2,2,6,2,7,11,1,1.2857142857142858,1.8,-0.5142857142857142,1.5,2.3333333333333335,0.07142857142857142,0.0,3.7857142857142856,4.333333333333333,4.5,3.8,10.214285714285714,8.866666666666667
2026-02-08,FC Koln,RB Leipzig,1,2,A,1,4,0,0,4,3,3,4,7,13,1,1.8666666666666667,1.5,0.3666666666666667,1.8666666666666667,1.7142857142857142,0.2,0.0,4.933333333333334,4.928571428571429,5.0,4.357142857142857,8.4,10.785714285714286
2026-02-08,Bayern Munich,Hoffenheim,5,1,H,2,2,0,1,8,3,14,4,11,9,1,4.0,1.8666666666666667,2.1333333333333333,1.3571428571428572,2.1333333333333333,0.0,0.13333333333333333,7.214285714285714,4.666666666666667,9.142857142857142,4.4,9.0,14.2
2026-02-13,Dortmund,Mainz,4,0,H,3,2,0,0,7,2,8,5,10,5,0,2.2,1.2857142857142858,0.9142857142857144,1.5333333333333334,2.5714285714285716,0.0,0.14285714285714285,7.466666666666667,3.642857142857143,5.266666666666667,3.5,10.8,10.285714285714286
2026-02-14,Ein Frankfurt,M'gladbach,3,0,H,3,2,0,0,2,8,9,3,11,11,0,1.7857142857142858,1.1333333333333333,0.6523809523809525,1.5714285714285714,1.4666666666666666,0.14285714285714285,0.06666666666666667,5.214285714285714,4.333333333333333,5.214285714285714,3.933333333333333,9.857142857142858,11.533333333333333
2026-02-14,Hamburg,Union Berlin,3,2,H,3,0,0,0,6,3,4,5,12,7,1,1.4,0.9333333333333333,0.46666666666666656,2.1333333333333333,1.7333333333333334,0.2,0.06666666666666667,3.8666666666666667,4.666666666666667,4.733333333333333,3.2666666666666666,11.933333333333334,12.8
2026-02-14,Hoffenheim,Freiburg,3,0,H,3,1,0,0,6,6,7,3,8,6,0,2.0714285714285716,1.0666666666666667,1.004761904761905,1.7857142857142858,1.5333333333333334,0.0,0.06666666666666667,6.642857142857143,3.933333333333333,6.0,3.2666666666666666,13.714285714285714,9.933333333333334
2026-02-14,Leverkusen,St Pauli,4,0,H,0,1,0,0,8,3,7,1,7,11,0,2.2857142857142856,0.7333333333333333,1.5523809523809522,2.0,1.5333333333333334,0.14285714285714285,0.06666666666666667,6.285714285714286,3.4,6.0,2.533333333333333,9.0,10.0
2026-02-14,Werder Bremen,Bayern Munich,0,3,A,3,1,0,0,2,4,3,8,10,6,0,1.0714285714285714,3.2666666666666666,-2.1952380952380954,2.357142857142857,2.2,0.21428571428571427,0.13333333333333333,4.5,5.266666666666667,4.428571428571429,8.2,10.142857142857142,9.333333333333334
2026-02-14,Stuttgart,FC Koln,3,1,H,4,1,0,0,2,5,4,3,10,10,1,1.7333333333333334,1.0714285714285714,0.661904761904762,2.0,2.0,0.06666666666666667,0.0,5.266666666666667,4.285714285714286,6.133333333333334,4.071428571428571,9.133333333333333,8.642857142857142
2026-02-15,Augsburg,Heidenheim,1,0,H,1,2,0,0,4,5,4,2,9,9,0,1.4,0.7857142857142857,0.6142857142857142,2.6666666666666665,1.7857142857142858,0.06666666666666667,0.0,5.133333333333334,4.428571428571429,4.866666666666666,3.142857142857143,11.333333333333334,10.785714285714286
2026-02-15,RB Leipzig,Wolfsburg,2,2,D,1,2,0,0,6,2,10,3,6,10,1,2.3333333333333335,1.2857142857142858,1.0476190476190477,1.3333333333333333,2.0714285714285716,0.0,0.0,5.8,2.7857142857142856,7.266666666666667,3.2857142857142856,8.466666666666667,10.857142857142858
2026-02-20,Mainz,Hamburg,1,1,D,3,2,0,0,7,2,3,5,16,13,1,1.1333333333333333,0.7857142857142857,0.3476190476190476,1.8,2.5,0.2,0.2857142857142857,6.266666666666667,3.642857142857143,3.933333333333333,4.428571428571429,11.733333333333333,11.928571428571429
2026-02-21,Bayern Munich,Ein Frankfurt,3,2,H,0,3,0,0,8,2,11,3,9,10,1,4.0,1.9333333333333333,2.0666666666666664,1.3571428571428572,2.0,0.0,0.06666666666666667,7.214285714285714,3.8666666666666667,9.142857142857142,3.7333333333333334,9.0,10.6
2026-02-21,FC Koln,Hoffenheim,2,2,D,1,3,0,0,3,10,4,6,6,12,1,1.8666666666666667,1.8666666666666667,0.0,1.8666666666666667,2.1333333333333333,0.2,0.13333333333333333,4.933333333333334,4.666666666666667,5.0,4.4,8.4,14.2
2026-02-21,Union Berlin,Leverkusen,1,0,H,5,2,0,0,4,5,4,1,15,7,0,1.3571428571428572,1.8,-0.44285714285714284,2.642857142857143,2.3333333333333335,0.14285714285714285,0.0,5.071428571428571,4.333333333333333,3.9285714285714284,3.8,12.785714285714286,8.866666666666667
2026-02-21,Wolfsburg,Augsburg,2,3,A,3,4,0,0,4,10,4,6,10,16,1,1.4,1.0714285714285714,0.3285714285714285,2.1333333333333333,2.5714285714285716,0.2,0.0,5.2,3.7857142857142856,4.733333333333333,4.142857142857143,12.4,11.714285714285714
2026-02-21,RB Leipzig,Dortmund,2,2,D,3,4,0,0,6,2,3,5,11,17,1,2.3333333333333335,1.9285714285714286,0.4047619047619049,1.3333333333333333,2.2857142857142856,0.0,0.14285714285714285,5.8,3.5,7.266666666666667,4.142857142857143,8.466666666666667,12.071428571428571
2026-02-22,Freiburg,M'gladbach,2,1,H,1,2,0,0,3,3,6,2,9,8,1,1.8571428571428572,1.1333333333333333,0.7238095238095239,1.8571428571428572,1.4666666666666666,0.14285714285714285,0.06666666666666667,5.0,4.333333333333333,5.357142857142857,3.933333333333333,8.785714285714286,11.533333333333333
2026-02-22,St Pauli,Werder Bremen,2,1,H,2,6,0,0,1,5,4,4,6,10,1,1.0,1.1333333333333333,-0.1333333333333333,1.5,2.4,0.07142857142857142,0.06666666666666667,5.5,4.466666666666667,4.285714285714286,3.7333333333333334,10.0,9.933333333333334
2026-02-22,Heidenheim,Stuttgart,3,3,D,1,2,0,0,3,4,6,8,13,7,1,1.4,2.4285714285714284,-1.0285714285714285,1.2,1.9285714285714286,0.06666666666666667,0.0,4.466666666666667,5.642857142857143,3.8,5.928571428571429,9.6,10.357142857142858
2026-02-27,Augsburg,FC Koln,2,0,H,4,1,0,0,6,9,4,3,15,4,0,1.4,1.0714285714285714,0.3285714285714285,2.6666666666666665,2.0,0.06666666666666667,0.0,5.133333333333334,4.285714285714286,4.866666666666666,4.071428571428571,11.333333333333334,8.642857142857142
2026-02-28,Hoffenheim,St Pauli,0,1,A,1,2,0,0,10,3,11,3,13,7,0,2.0714285714285716,0.7333333333333333,1.3380952380952382,1.7857142857142858,1.5333333333333334,0.0,0.06666666666666667,6.642857142857143,3.4,6.0,2.533333333333333,13.714285714285714,10.0
2026-02-28,Leverkusen,Mainz,1,1,D,1,2,0,0,6,2,5,4,9,13,1,2.2857142857142856,1.2857142857142858,0.9999999999999998,2.0,2.5714285714285716,0.14285714285714285,0.14285714285714285,6.285714285714286,3.642857142857143,6.0,3.5,9.0,10.285714285714286
2026-02-28,M'gladbach,Union Berlin,1,0,H,4,5,0,0,6,2,7,2,5,18,0,1.2857142857142858,0.9333333333333333,0.35238095238095246,1.5,1.7333333333333334,0.07142857142857142,0.06666666666666667,3.7857142857142856,4.666666666666667,4.5,3.2666666666666666,10.214285714285714,12.8
2026-02-28,Werder Bremen,Heidenheim,2,0,H,1,0,0,0,3,2,6,0,14,9,0,1.0714285714285714,0.7857142857142857,0.2857142857142857,2.357142857142857,1.7857142857142858,0.21428571428571427,0.0,4.5,4.428571428571429,4.428571428571429,3.142857142857143,10.142857142857142,10.785714285714286
2026-02-28,Dortmund,Bayern Munich,2,3,A,1,0,0,0,5,2,2,6,15,10,1,2.2,3.2666666666666666,-1.0666666666666664,1.5333333333333334,2.2,0.0,0.13333333333333333,7.466666666666667,5.266666666666667,5.266666666666667,8.2,10.8,9.333333333333334
2026-03-01,Stuttgart,Wolfsburg,4,0,H,1,0,0,0,7,3,11,3,5,17,0,1.7333333333333334,1.2857142857142858,0.4476190476190476,2.0,2.0714285714285716,0.06666666666666667,0.0,5.266666666666667,2.7857142857142856,6.133333333333334,3.2857142857142856,9.133333333333333,10.857142857142858
2026-03-01,Ein Frankfurt,Freiburg,2,0,H,1,2,0,0,5,6,7,2,9,11,0,1.7857142857142858,1.0666666666666667,0.7190476190476192,1.5714285714285714,1.5333333333333334,0.14285714285714285,0.06666666666666667,5.214285714285714,3.933333333333333,5.214285714285714,3.2666666666666666,9.857142857142858,9.933333333333334
2026-03-01,Hamburg,RB Leipzig,1,2,A,3,2,0,0,4,9,3,5,8,12,1,1.4,1.5,-0.10000000000000009,2.1333333333333333,1.7142857142857142,0.2,0.0,3.8666666666666667,4.928571428571429,4.733333333333333,4.357142857142857,11.933333333333334,10.785714285714286
2026-03-04,Hamburg,Leverkusen,0,1,A,0,2,0,0,2,7,3,4,12,11,0,1.4,1.8,-0.40000000000000013,2.1333333333333333,2.3333333333333335,0.2,0.0,3.8666666666666667,4.333333333333333,4.733333333333333,3.8,11.933333333333334,8.866666666666667
2026-03-06,Bayern Munich,M'gladbach,4,1,H,1,0,0,1,7,1,9,5,7,12,1,4.0,1.1333333333333333,2.8666666666666667,1.3571428571428572,1.4666666666666666,0.0,0.06666666666666667,7.214285714285714,4.333333333333333,9.142857142857142,3.933333333333333,9.0,11.533333333333333
2026-03-07,Freiburg,Leverkusen,3,3,D,3,3,0,0,5,2,9,5,7,8,1,1.8571428571428572,1.8,0.05714285714285716,1.8571428571428572,2.3333333333333335,0.14285714285714285,0.0,5.0,4.333333333333333,5.357142857142857,3.8,8.785714285714286,8.866666666666667
2026-03-07,Heidenheim,Hoffenheim,2,4,A,0,0,0,0,4,3,2,7,7,15,1,1.4,1.8666666666666667,-0.4666666666666668,1.2,2.1333333333333333,0.06666666666666667,0.13333333333333333,4.466666666666667,4.666666666666667,3.8,4.4,9.6,14.2
2026-03-07,Mainz,Stuttgart,2,2,D,0,2,0,0,5,6,6,4,7,12,1,1.1333333333333333,2.4285714285714284,-1.295238095238095,1.8,1.9285714285714286,0.2,0.0,6.266666666666667,5.642857142857143,3.933333333333333,5.928571428571429,11.733333333333333,10.357142857142858
2026-03-07,RB Leipzig,Augsburg,2,1,H,0,2,0,0,6,8,8,5,8,9,1,2.3333333333333335,1.0714285714285714,1.261904761904762,1.3333333333333333,2.5714285714285716,0.0,0.0,5.8,3.7857142857142856,7.266666666666667,4.142857142857143,8.466666666666667,11.714285714285714
2026-03-07,Wolfsburg,Hamburg,1,2,A,3,3,1,0,7,3,4,7,18,6,1,1.4,0.7857142857142857,0.6142857142857142,2.1333333333333333,2.5,0.2,0.2857142857142857,5.2,3.642857142857143,4.733333333333333,4.428571428571429,12.4,11.928571428571429
2026-03-07,FC Koln,Dortmund,1,2,A,1,1,1,0,9,4,4,5,9,13,1,1.8666666666666667,1.9285714285714286,-0.06190476190476191,1.8666666666666667,2.2857142857142856,0.2,0.14285714285714285,4.933333333333334,3.5,5.0,4.142857142857143,8.4,12.071428571428571
2026-03-08,St Pauli,Ein Frankfurt,0,0,D,2,1,0,0,6,5,2,2,13,8,0,1.0,1.9333333333333333,-0.9333333333333333,1.5,2.0,0.07142857142857142,0.06666666666666667,5.5,3.8666666666666667,4.285714285714286,3.7333333333333334,10.0,10.6
2026-03-08,Union Berlin,Werder Bremen,1,4,A,1,3,1,0,1,3,2,5,5,13,1,1.3571428571428572,1.1333333333333333,0.2238095238095239,2.642857142857143,2.4,0.14285714285714285,0.06666666666666667,5.071428571428571,4.466666666666667,3.9285714285714284,3.7333333333333334,12.785714285714286,9.933333333333334
2026-03-13,M'gladbach,St Pauli,2,0,H,1,2,0,0,2,2,4,1,9,7,0,1.2857142857142858,0.7333333333333333,0.5523809523809525,1.5,1.5333333333333334,0.07142857142857142,0.06666666666666667,3.7857142857142856,3.4,4.5,2.533333333333333,10.214285714285714,10.0
2026-03-14,Dortmund,Augsburg,2,0,H,0,0,0,0,12,2,5,3,7,7,0,2.2,1.0714285714285714,1.1285714285714288,1.5333333333333334,2.5714285714285716,0.0,0.0,7.466666666666667,3.7857142857142856,5.266666666666667,4.142857142857143,10.8,11.714285714285714
2026-03-14,Ein Frankfurt,Heidenheim,1,0,H,3,2,1,0,5,4,4,1,5,9,0,1.7857142857142858,0.7857142857142857,1.0,1.5714285714285714,1.7857142857142858,0.14285714285714285,0.0,5.214285714285714,4.428571428571429,5.214285714285714,3.142857142857143,9.857142857142858,10.785714285714286
2026-03-14,Hoffenheim,Wolfsburg,1,1,D,0,3,0,0,16,4,6,2,10,10,1,2.0714285714285716,1.2857142857142858,0.7857142857142858,1.7857142857142858,2.0714285714285716,0.0,0.0,6.642857142857143,2.7857142857142856,6.0,3.2857142857142856,13.714285714285714,10.857142857142858
2026-03-14,Leverkusen,Bayern Munich,1,1,D,3,4,0,2,4,1,7,5,12,13,1,2.2857142857142856,3.2666666666666666,-0.980952380952381,2.0,2.2,0.14285714285714285,0.13333333333333333,6.285714285714286,5.266666666666667,6.0,8.2,9.0,9.333333333333334
2026-03-14,Hamburg,FC Koln,1,1,D,2,4,0,0,1,8,1,2,11,12,1,1.4,1.0714285714285714,0.3285714285714285,2.1333333333333333,2.0,0.2,0.0,3.8666666666666667,4.285714285714286,4.733333333333333,4.071428571428571,11.933333333333334,8.642857142857142
2026-03-15,Werder Bremen,Mainz,0,2,A,2,1,0,0,9,4,3,2,7,7,0,1.0714285714285714,1.2857142857142858,-0.2142857142857144,2.357142857142857,2.5714285714285716,0.21428571428571427,0.14285714285714285,4.5,3.642857142857143,4.428571428571429,3.5,10.142857142857142,10.285714285714286
2026-03-15,Freiburg,Union Berlin,0,1,A,0,2,0,0,6,2,6,4,6,19,0,1.8571428571428572,0.9333333333333333,0.9238095238095239,1.8571428571428572,1.7333333333333334,0.14285714285714285,0.06666666666666667,5.0,4.666666666666667,5.357142857142857,3.2666666666666666,8.785714285714286,12.8
2026-03-15,Stuttgart,RB Leipzig,1,0,H,1,2,0,0,5,6,4,4,5,16,0,1.7333333333333334,1.5,0.2333333333333334,2.0,1.7142857142857142,0.06666666666666667,0.0,5.266666666666667,4.928571428571429,6.133333333333334,4.357142857142857,9.133333333333333,10.785714285714286
2026-03-20,RB Leipzig,Hoffenheim,5,0,H,1,1,0,0,1,3,9,2,8,16,0,2.3333333333333335,1.8666666666666667,0.4666666666666668,1.3333333333333333,2.1333333333333333,0.0,0.13333333333333333,5.8,4.666666666666667,7.266666666666667,4.4,8.466666666666667,14.2
2026-03-21,Bayern Munich,Union Berlin,4,0,H,1,2,0,0,12,1,9,1,5,8,0,4.0,0.9333333333333333,3.0666666666666664,1.3571428571428572,1.7333333333333334,0.0,0.06666666666666667,7.214285714285714,4.666666666666667,9.142857142857142,3.2666666666666666,9.0,12.8
2026-03-21,FC Koln,M'gladbach,3,3,D,8,2,1,0,5,3,5,3,8,14,1,1.8666666666666667,1.1333333333333333,0.7333333333333334,1.8666666666666667,1.4666666666666666,0.2,0.06666666666666667,4.933333333333334,4.333333333333333,5.0,3.933333333333333,8.4,11.533333333333333
2026-03-21,Heidenheim,Leverkusen,3,3,D,4,4,0,0,2,5,5,5,11,12,1,1.4,1.8,-0.40000000000000013,1.2,2.3333333333333335,0.06666666666666667,0.0,4.466666666666667,4.333333333333333,3.8,3.8,9.6,8.866666666666667
2026-03-21,Wolfsburg,Werder Bremen,0,1,A,3,0,1,0,8,4,4,3,16,6,0,1.4,1.1333333333333333,0.2666666666666666,2.1333333333333333,2.4,0.2,0.06666666666666667,5.2,4.466666666666667,4.733333333333333,3.7333333333333334,12.4,9.933333333333334
2026-03-21,Dortmund,Hamburg,3,2,H,2,3,0,0,11,3,8,4,10,8,1,2.2,0.7857142857142857,1.4142857142857146,1.5333333333333334,2.5,0.0,0.2857142857142857,7.466666666666667,3.642857142857143,5.266666666666667,4.428571428571429,10.8,11.928571428571429
2026-03-22,Mainz,Ein Frankfurt,2,1,H,2,1,0,0,5,3,5,4,12,5,1,1.1333333333333333,1.9333333333333333,-0.8,1.8,2.0,0.2,0.06666666666666667,6.266666666666667,3.8666666666666667,3.933333333333333,3.7333333333333334,11.733333333333333,10.6
2026-03-22,St Pauli,Freiburg,1,2,A,1,1,0,0,3,2,5,6,9,6,1,1.0,1.0666666666666667,-0.06666666666666665,1.5,1.5333333333333334,0.07142857142857142,0.06666666666666667,5.5,3.933333333333333,4.285714285714286,3.2666666666666666,10.0,9.933333333333334
2026-03-22,Augsburg,Stuttgart,2,5,A,1,3,0,0,2,5,7,8,11,14,1,1.4,2.4285714285714284,-1.0285714285714285,2.6666666666666665,1.9285714285714286,0.06666666666666667,0.0,5.133333333333334,5.642857142857143,4.866666666666666,5.928571428571429,11.333333333333334,10.357142857142858
2026-04-04,Freiburg,Bayern Munich,2,3,A,3,3,0,0,5,8,4,9,9,13,1,1.8571428571428572,3.2666666666666666,-1.4095238095238094,1.8571428571428572,2.2,0.14285714285714285,0.13333333333333333,5.0,5.266666666666667,5.357142857142857,8.2,8.785714285714286,9.333333333333334
2026-04-04,Hamburg,Augsburg,1,1,D,2,3,1,0,9,2,4,3,12,12,1,1.4,1.0714285714285714,0.3285714285714285,2.1333333333333333,2.5714285714285716,0.2,0.0,3.8666666666666667,3.7857142857142856,4.733333333333333,4.142857142857143,11.933333333333334,11.714285714285714
2026-04-04,Hoffenheim,Mainz,1,2,A,4,1,0,0,7,3,5,5,11,5,1,2.0714285714285716,1.2857142857142858,0.7857142857142858,1.7857142857142858,2.5714285714285716,0.0,0.14285714285714285,6.642857142857143,3.642857142857143,6.0,3.5,13.714285714285714,10.285714285714286
2026-04-04,Leverkusen,Wolfsburg,6,3,H,1,3,0,0,12,2,11,5,8,11,1,2.2857142857142856,1.2857142857142858,0.9999999999999998,2.0,2.0714285714285716,0.14285714285714285,0.0,6.285714285714286,2.7857142857142856,6.0,3.2857142857142856,9.0,10.857142857142858
2026-04-04,M'gladbach,Heidenheim,2,2,D,4,0,0,0,2,3,7,7,12,11,1,1.2857142857142858,0.7857142857142857,0.5000000000000001,1.5,1.7857142857142858,0.07142857142857142,0.0,3.7857142857142856,4.428571428571429,4.5,3.142857142857143,10.214285714285714,10.785714285714286
2026-04-04,Werder Bremen,RB Leipzig,1,2,A,2,1,0,0,1,0,5,2,13,14,1,1.0714285714285714,1.5,-0.4285714285714286,2.357142857142857,1.7142857142857142,0.21428571428571427,0.0,4.5,4.928571428571429,4.428571428571429,4.357142857142857,10.142857142857142,10.785714285714286
2026-04-04,Stuttgart,Dortmund,0,2,A,2,4,0,0,5,2,3,3,10,12,0,1.7333333333333334,1.9285714285714286,-0.1952380952380952,2.0,2.2857142857142856,0.06666666666666667,0.14285714285714285,5.266666666666667,3.5,6.133333333333334,4.142857142857143,9.133333333333333,12.071428571428571
2026-04-05,Union Berlin,St Pauli,1,1,D,0,2,0,1,7,2,8,2,10,8,1,1.3571428571428572,0.7333333333333333,0.6238095238095239,2.642857142857143,1.5333333333333334,0.14285714285714285,0.06666666666666667,5.071428571428571,3.4,3.9285714285714284,2.533333333333333,12.785714285714286,10.0
2026-04-05,Ein Frankfurt,FC Koln,2,2,D,1,2,0,0,8,0,7,9,10,7,1,1.7857142857142858,1.0714285714285714,0.7142857142857144,1.5714285714285714,2.0,0.14285714285714285,0.0,5.214285714285714,4.285714285714286,5.214285714285714,4.071428571428571,9.857142857142858,8.642857142857142
2026-04-10,Augsburg,Hoffenheim,2,2,D,5,3,0,0,4,4,8,4,6,18,1,1.4,1.8666666666666667,-0.4666666666666668,2.6666666666666665,2.1333333333333333,0.06666666666666667,0.13333333333333333,5.133333333333334,4.666666666666667,4.866666666666666,4.4,11.333333333333334,14.2
2026-04-11,Dortmund,Leverkusen,0,1,A,3,0,0,0,5,5,1,4,5,6,0,2.2,1.8,0.40000000000000013,1.5333333333333334,2.3333333333333335,0.0,0.0,7.466666666666667,4.333333333333333,5.266666666666667,3.8,10.8,8.866666666666667
2026-04-11,Heidenheim,Union Berlin,3,1,H,0,2,0,0,3,5,3,3,7,13,1,1.4,0.9333333333333333,0.46666666666666656,1.2,1.7333333333333334,0.06666666666666667,0.06666666666666667,4.466666666666667,4.666666666666667,3.8,3.2666666666666666,9.6,12.8
2026-04-11,RB Leipzig,M'gladbach,1,0,H,4,1,0,0,11,4,11,3,9,6,0,2.3333333333333335,1.1333333333333333,1.2000000000000002,1.3333333333333333,1.4666666666666666,0.0,0.06666666666666667,5.8,4.333333333333333,7.266666666666667,3.933333333333333,8.466666666666667,11.533333333333333
2026-04-11,Wolfsburg,Ein Frankfurt,1,2,A,2,1,0,0,7,7,7,4,9,8,1,1.4,1.9333333333333333,-0.5333333333333334,2.1333333333333333,2.0,0.2,0.06666666666666667,5.2,3.8666666666666667,4.733333333333333,3.7333333333333334,12.4,10.6
2026-04-11,St Pauli,Bayern Munich,0,5,A,1,2,0,0,3,4,3,8,9,7,0,1.0,3.2666666666666666,-2.2666666666666666,1.5,2.2,0.07142857142857142,0.13333333333333333,5.5,5.266666666666667,4.285714285714286,8.2,10.0,9.333333333333334
2026-04-12,FC Koln,Werder Bremen,3,1,H,3,2,0,1,8,5,8,2,16,7,1,1.8666666666666667,1.1333333333333333,0.7333333333333334,1.8666666666666667,2.4,0.2,0.06666666666666667,4.933333333333334,4.466666666666667,5.0,3.7333333333333334,8.4,9.933333333333334
2026-04-12,Stuttgart,Hamburg,4,0,H,2,1,0,0,8,2,11,5,10,14,0,1.7333333333333334,0.7857142857142857,0.9476190476190477,2.0,2.5,0.06666666666666667,0.2857142857142857,5.266666666666667,3.642857142857143,6.133333333333334,4.428571428571429,9.133333333333333,11.928571428571429
2026-04-12,Mainz,Freiburg,0,1,A,1,3,0,0,6,4,3,3,10,13,0,1.1333333333333333,1.0666666666666667,0.06666666666666665,1.8,1.5333333333333334,0.2,0.06666666666666667,6.266666666666667,3.933333333333333,3.933333333333333,3.2666666666666666,11.733333333333333,9.933333333333334
2025-08-01,Schalke 04,Hertha,2,1,H,7,1,1,0,5,10,6,3,19,12,1,1.6428571428571428,2.0714285714285716,-0.4285714285714288,2.2857142857142856,2.5714285714285716,0.14285714285714285,0.07142857142857142,5.5,4.214285714285714,5.5,4.428571428571429,13.5,13.5
2025-08-02,Darmstadt,Bochum,4,1,H,2,3,0,0,5,8,7,3,12,14,1,1.9333333333333333,1.1428571428571428,0.7904761904761906,1.9333333333333333,2.9285714285714284,0.06666666666666667,0.0,5.133333333333334,5.428571428571429,5.6,3.5,11.466666666666667,12.642857142857142
2025-08-02,Elversberg,Nurnberg,1,0,H,2,3,0,0,2,4,4,4,16,23,0,1.7142857142857142,1.0714285714285714,0.6428571428571428,1.2142857142857142,2.7857142857142856,0.0,0.14285714285714285,6.785714285714286,5.214285714285714,5.285714285714286,3.9285714285714284,10.285714285714286,13.714285714285714
2025-08-02,Karlsruhe,Preußen Münster,3,2,H,3,3,0,1,6,5,4,3,17,17,1,2.142857142857143,0.8571428571428571,1.2857142857142856,3.142857142857143,3.4285714285714284,0.14285714285714285,0.21428571428571427,4.428571428571429,3.4285714285714284,5.071428571428571,3.2857142857142856,13.928571428571429,12.785714285714286
2025-08-02,Paderborn,Holstein Kiel,2,1,H,1,3,0,0,3,0,3,2,13,12,1,2.066666666666667,1.3333333333333333,0.7333333333333336,1.6666666666666667,3.7333333333333334,0.13333333333333333,0.3333333333333333,6.066666666666666,4.0,6.0,3.2666666666666666,12.466666666666667,15.4
2025-08-02,Bielefeld,Fortuna Dusseldorf,5,1,H,4,4,0,1,8,3,9,3,12,14,1,1.8571428571428572,0.7857142857142857,1.0714285714285716,2.0714285714285716,2.2857142857142856,0.07142857142857142,0.2857142857142857,6.642857142857143,4.642857142857143,5.357142857142857,4.0,13.285714285714286,12.071428571428571
2025-08-03,Greuther Furth,Dresden,3,2,H,1,0,0,0,4,10,5,4,8,11,1,1.3571428571428572,1.4666666666666666,-0.10952380952380936,1.5714285714285714,1.7333333333333334,0.14285714285714285,0.06666666666666667,4.142857142857143,4.933333333333334,3.2857142857142856,4.133333333333334,10.428571428571429,10.8
2025-08-03,Hannover,Kaiserslautern,1,0,H,2,3,0,0,5,5,5,0,13,14,0,1.4285714285714286,1.1428571428571428,0.2857142857142858,1.7857142857142858,2.5714285714285716,0.0,0.07142857142857142,8.142857142857142,4.285714285714286,5.714285714285714,3.642857142857143,13.071428571428571,13.142857142857142
2025-08-03,Magdeburg,Braunschweig,0,1,A,4,1,0,1,12,2,3,4,17,11,0,1.4285714285714286,1.0,0.4285714285714286,2.4285714285714284,2.5,0.07142857142857142,0.35714285714285715,5.642857142857143,4.928571428571429,5.142857142857143,3.7142857142857144,11.428571428571429,12.714285714285714
2025-08-08,Nurnberg,Darmstadt,0,1,A,2,2,0,0,4,5,3,5,11,15,0,1.5333333333333334,1.5,0.03333333333333344,2.2,1.6428571428571428,0.0,0.07142857142857142,5.333333333333333,4.642857142857143,4.933333333333334,4.142857142857143,10.666666666666666,12.071428571428571
2025-08-08,Preußen Münster,Paderborn,1,1,D,0,0,0,0,5,5,3,8,10,17,1,1.2666666666666666,1.4285714285714286,-0.161904761904762,2.1333333333333333,2.5714285714285716,0.13333333333333333,0.07142857142857142,4.733333333333333,4.357142857142857,4.466666666666667,4.857142857142857,14.466666666666667,13.285714285714286
2025-08-09,Braunschweig,Greuther Furth,3,2,H,2,3,0,0,3,9,4,4,11,11,1,1.1333333333333333,1.4,-0.2666666666666666,2.2,2.2,0.2,0.0,4.6,4.133333333333334,4.0,4.4,12.0,12.8
2025-08-09,Dresden,Magdeburg,1,2,A,1,3,0,0,6,5,2,6,10,14,1,1.7857142857142858,1.7333333333333334,0.05238095238095242,2.0714285714285716,2.6,0.21428571428571427,0.0,4.857142857142857,5.066666666666666,4.428571428571429,6.0,11.357142857142858,12.133333333333333
2025-08-09,Fortuna Dusseldorf,Hannover,0,2,A,6,4,0,0,5,2,1,3,18,14,0,1.0666666666666667,1.9333333333333333,-0.8666666666666667,2.7333333333333334,2.4,0.06666666666666667,0.06666666666666667,4.733333333333333,4.533333333333333,4.066666666666666,5.133333333333334,12.466666666666667,13.133333333333333
2025-08-09,Kaiserslautern,Schalke 04,1,0,H,4,4,0,0,5,3,2,4,8,16,0,2.2,1.2,1.0000000000000002,2.466666666666667,2.466666666666667,0.06666666666666667,0.06666666666666667,5.333333333333333,4.4,5.933333333333334,4.266666666666667,11.333333333333334,13.466666666666667
2025-08-10,Bochum,Elversberg,2,0,H,8,5,0,1,10,0,6,1,24,11,0,1.8,1.6666666666666667,0.1333333333333333,3.2666666666666666,2.466666666666667,0.06666666666666667,0.06666666666666667,5.0,6.0,5.933333333333334,5.0,14.266666666666667,11.466666666666667
2025-08-10,Hertha,Karlsruhe,0,0,D,0,1,0,0,5,10,4,2,8,11,0,0.9333333333333333,1.1333333333333333,-0.19999999999999996,1.9333333333333333,2.3333333333333335,0.2,0.0,4.933333333333334,4.866666666666666,4.666666666666667,3.2666666666666666,12.266666666666667,11.533333333333333
2025-08-10,Holstein Kiel,Bielefeld,0,2,A,0,6,0,1,9,7,7,4,13,15,0,1.1428571428571428,1.0666666666666667,0.07619047619047614,2.142857142857143,2.1333333333333333,0.0,0.13333333333333333,6.071428571428571,5.933333333333334,4.071428571428571,3.6666666666666665,13.428571428571429,13.133333333333333
2025-08-22,Elversberg,Kaiserslautern,2,1,H,3,2,0,0,4,8,5,4,22,10,1,1.7142857142857142,1.1428571428571428,0.5714285714285714,1.2142857142857142,2.5714285714285716,0.0,0.07142857142857142,6.785714285714286,4.285714285714286,5.285714285714286,3.642857142857143,10.285714285714286,13.142857142857142
2025-08-22,Preußen Münster,Nurnberg,2,1,H,3,6,0,0,1,7,6,3,20,13,1,1.2666666666666666,1.0714285714285714,0.1952380952380952,2.1333333333333333,2.7857142857142856,0.13333333333333333,0.14285714285714285,4.733333333333333,5.214285714285714,4.466666666666667,3.9285714285714284,14.466666666666667,13.714285714285714
2025-08-23,Hannover,Magdeburg,3,1,H,3,4,0,0,4,2,8,6,22,11,1,1.4285714285714286,1.7333333333333334,-0.3047619047619048,1.7857142857142858,2.6,0.0,0.0,8.142857142857142,5.066666666666666,5.714285714285714,6.0,13.071428571428571,12.133333333333333
2025-08-23,Karlsruhe,Braunschweig,2,0,H,3,4,0,1,5,2,5,2,23,14,0,2.142857142857143,1.0,1.1428571428571428,3.142857142857143,2.5,0.14285714285714285,0.35714285714285715,4.428571428571429,4.928571428571429,5.071428571428571,3.7142857142857144,13.928571428571429,12.714285714285714
2025-08-23,Paderborn,Fortuna Dusseldorf,1,2,A,2,2,1,0,9,7,4,6,12,8,1,2.066666666666667,0.7857142857142857,1.2809523809523813,1.6666666666666667,2.2857142857142856,0.13333333333333333,0.2857142857142857,6.066666666666666,4.642857142857143,6.0,4.0,12.466666666666667,12.071428571428571
2025-08-23,Schalke 04,Bochum,2,1,H,0,3,0,0,8,9,8,3,6,6,1,1.6428571428571428,1.1428571428571428,0.5,2.2857142857142856,2.9285714285714284,0.14285714285714285,0.0,5.5,5.428571428571429,5.5,3.5,13.5,12.642857142857142
2025-08-24,Bielefeld,Dresden,1,2,A,3,3,1,0,4,5,2,7,13,17,1,1.8571428571428572,1.4666666666666666,0.39047619047619064,2.0714285714285716,1.7333333333333334,0.07142857142857142,0.06666666666666667,6.642857142857143,4.933333333333334,5.357142857142857,4.133333333333334,13.285714285714286,10.8
2025-08-24,Darmstadt,Hertha,0,0,D,1,1,0,0,7,2,4,1,12,17,0,1.9333333333333333,2.0714285714285716,-0.13809523809523827,1.9333333333333333,2.5714285714285716,0.06666666666666667,0.07142857142857142,5.133333333333334,4.214285714285714,5.6,4.428571428571429,11.466666666666667,13.5
2025-08-24,Greuther Furth,Holstein Kiel,0,2,A,3,8,0,0,6,3,2,4,13,18,0,1.3571428571428572,1.3333333333333333,0.023809523809523947,1.5714285714285714,3.7333333333333334,0.14285714285714285,0.3333333333333333,4.142857142857143,4.0,3.2857142857142856,3.2666666666666666,10.428571428571429,15.4
2025-08-29,Hertha,Elversberg,0,2,A,6,2,1,0,4,4,2,6,15,7,0,0.9333333333333333,1.6666666666666667,-0.7333333333333334,1.9333333333333333,2.466666666666667,0.2,0.06666666666666667,4.933333333333334,6.0,4.666666666666667,5.0,12.266666666666667,11.466666666666667
2025-08-29,Nurnberg,Paderborn,0,0,D,3,4,0,0,7,5,3,3,12,10,0,1.5333333333333334,1.4285714285714286,0.10476190476190483,2.2,2.5714285714285716,0.0,0.07142857142857142,5.333333333333333,4.357142857142857,4.933333333333334,4.857142857142857,10.666666666666666,13.285714285714286
2025-08-30,Bochum,Preußen Münster,1,2,A,3,3,0,0,6,4,4,2,21,13,1,1.8,0.8571428571428571,0.942857142857143,3.2666666666666666,3.4285714285714284,0.06666666666666667,0.21428571428571427,5.0,3.4285714285714284,5.933333333333334,3.2857142857142856,14.266666666666667,12.785714285714286
2025-08-30,Braunschweig,Bielefeld,1,1,D,3,3,0,0,3,7,3,6,16,12,1,1.1333333333333333,1.0666666666666667,0.06666666666666665,2.2,2.1333333333333333,0.2,0.13333333333333333,4.6,5.933333333333334,4.0,3.6666666666666665,12.0,13.133333333333333
2025-08-30,Holstein Kiel,Hannover,1,2,A,2,3,0,0,1,5,3,4,23,16,1,1.1428571428571428,1.9333333333333333,-0.7904761904761906,2.142857142857143,2.4,0.0,0.06666666666666667,6.071428571428571,4.533333333333333,4.071428571428571,5.133333333333334,13.428571428571429,13.133333333333333
2025-08-30,Fortuna Dusseldorf,Karlsruhe,0,0,D,1,3,0,0,4,2,2,2,9,10,0,1.0666666666666667,1.1333333333333333,-0.06666666666666665,2.7333333333333334,2.3333333333333335,0.06666666666666667,0.0,4.733333333333333,4.866666666666666,4.066666666666666,3.2666666666666666,12.466666666666667,11.533333333333333
2025-08-31,Dresden,Schalke 04,0,1,A,1,4,0,0,1,6,3,5,11,10,0,1.7857142857142858,1.2,0.5857142857142859,2.0714285714285716,2.466666666666667,0.21428571428571427,0.06666666666666667,4.857142857142857,4.4,4.428571428571429,4.266666666666667,11.357142857142858,13.466666666666667
2025-08-31,Kaiserslautern,Darmstadt,3,1,H,2,2,0,0,3,5,8,5,8,11,1,2.2,1.5,0.7000000000000002,2.466666666666667,1.6428571428571428,0.06666666666666667,0.07142857142857142,5.333333333333333,4.642857142857143,5.933333333333334,4.142857142857143,11.333333333333334,12.071428571428571
2025-08-31,Magdeburg,Greuther Furth,4,5,A,5,4,1,0,2,3,7,7,16,10,1,1.4285714285714286,1.4,0.028571428571428692,2.4285714285714284,2.2,0.07142857142857142,0.0,5.642857142857143,4.133333333333334,5.142857142857143,4.4,11.428571428571429,12.8
2025-09-12,Bielefeld,Magdeburg,2,0,H,1,2,0,0,5,5,5,3,13,12,0,1.8571428571428572,1.7333333333333334,0.12380952380952381,2.0714285714285716,2.6,0.07142857142857142,0.0,6.642857142857143,5.066666666666666,5.357142857142857,6.0,13.285714285714286,12.133333333333333
2025-09-12,Paderborn,Bochum,1,0,H,1,4,0,0,3,7,5,4,7,11,0,2.066666666666667,1.1428571428571428,0.9238095238095241,1.6666666666666667,2.9285714285714284,0.13333333333333333,0.0,6.066666666666666,5.428571428571429,6.0,3.5,12.466666666666667,12.642857142857142
2025-09-13,Darmstadt,Braunschweig,2,1,H,2,2,0,1,2,5,4,5,11,11,1,1.9333333333333333,1.0,0.9333333333333333,1.9333333333333333,2.5,0.06666666666666667,0.35714285714285715,5.133333333333334,4.928571428571429,5.6,3.7142857142857144,11.466666666666667,12.714285714285714
2025-09-13,Karlsruhe,Nurnberg,2,1,H,2,1,0,0,6,10,7,10,8,9,1,2.142857142857143,1.0714285714285714,1.0714285714285714,3.142857142857143,2.7857142857142856,0.14285714285714285,0.14285714285714285,4.428571428571429,5.214285714285714,5.071428571428571,3.9285714285714284,13.928571428571429,13.714285714285714
2025-09-13,Schalke 04,Holstein Kiel,0,1,A,0,3,0,0,8,3,4,5,17,13,0,1.6428571428571428,1.3333333333333333,0.30952380952380953,2.2857142857142856,3.7333333333333334,0.14285714285714285,0.3333333333333333,5.5,4.0,5.5,3.2666666666666666,13.5,15.4
2025-09-13,Hannover,Hertha,0,3,A,2,5,0,0,15,0,3,3,13,19,0,1.4285714285714286,2.0714285714285716,-0.642857142857143,1.7857142857142858,2.5714285714285716,0.0,0.07142857142857142,8.142857142857142,4.214285714285714,5.714285714285714,4.428571428571429,13.071428571428571,13.5
2025-09-14,Elversberg,Dresden,2,2,D,0,4,0,0,7,5,7,4,8,12,1,1.7142857142857142,1.4666666666666666,0.24761904761904763,1.2142857142857142,1.7333333333333334,0.0,0.06666666666666667,6.785714285714286,4.933333333333334,5.285714285714286,4.133333333333334,10.285714285714286,10.8
2025-09-14,Greuther Furth,Kaiserslautern,0,3,A,1,6,1,0,4,5,3,6,9,15,0,1.3571428571428572,1.1428571428571428,0.2142857142857144,1.5714285714285714,2.5714285714285716,0.14285714285714285,0.07142857142857142,4.142857142857143,4.285714285714286,3.2857142857142856,3.642857142857143,10.428571428571429,13.142857142857142
2025-09-14,Preußen Münster,Fortuna Dusseldorf,1,2,A,3,2,0,0,8,2,6,2,14,9,1,1.2666666666666666,0.7857142857142857,0.4809523809523809,2.1333333333333333,2.2857142857142856,0.13333333333333333,0.2857142857142857,4.733333333333333,4.642857142857143,4.466666666666667,4.0,14.466666666666667,12.071428571428571
2025-09-19,Bielefeld,Greuther Furth,1,3,A,2,1,0,0,6,3,5,7,11,22,1,1.8571428571428572,1.4,0.4571428571428573,2.0714285714285716,2.2,0.07142857142857142,0.0,6.642857142857143,4.133333333333334,5.357142857142857,4.4,13.285714285714286,12.8
2025-09-19,Kaiserslautern,Preußen Münster,4,1,H,3,4,0,0,4,0,6,6,19,12,1,2.2,0.8571428571428571,1.342857142857143,2.466666666666667,3.4285714285714284,0.06666666666666667,0.21428571428571427,5.333333333333333,3.4285714285714284,5.933333333333334,3.2857142857142856,11.333333333333334,12.785714285714286
2025-09-20,Braunschweig,Elversberg,1,4,A,4,6,1,0,4,9,2,8,13,15,1,1.1333333333333333,1.6666666666666667,-0.5333333333333334,2.2,2.466666666666667,0.2,0.06666666666666667,4.6,6.0,4.0,5.0,12.0,11.466666666666667
2025-09-20,Hertha,Paderborn,0,2,A,4,1,0,0,7,4,3,6,12,8,0,0.9333333333333333,1.4285714285714286,-0.49523809523809526,1.9333333333333333,2.5714285714285716,0.2,0.07142857142857142,4.933333333333334,4.357142857142857,4.666666666666667,4.857142857142857,12.266666666666667,13.285714285714286
2025-09-20,Magdeburg,Schalke 04,0,2,A,2,1,0,0,3,2,2,2,15,14,0,1.4285714285714286,1.2,0.22857142857142865,2.4285714285714284,2.466666666666667,0.07142857142857142,0.06666666666666667,5.642857142857143,4.4,5.142857142857143,4.266666666666667,11.428571428571429,13.466666666666667
2025-09-20,Nurnberg,Bochum,2,1,H,1,5,0,0,8,5,8,1,9,12,1,1.5333333333333334,1.1428571428571428,0.39047619047619064,2.2,2.9285714285714284,0.0,0.0,5.333333333333333,5.428571428571429,4.933333333333334,3.5,10.666666666666666,12.642857142857142
2025-09-21,Dresden,Hannover,2,2,D,3,1,1,0,5,8,4,6,15,12,1,1.7857142857142858,1.9333333333333333,-0.14761904761904754,2.0714285714285716,2.4,0.21428571428571427,0.06666666666666667,4.857142857142857,4.533333333333333,4.428571428571429,5.133333333333334,11.357142857142858,13.133333333333333
2025-09-21,Fortuna Dusseldorf,Darmstadt,0,3,A,0,0,0,0,6,6,1,10,11,15,0,1.0666666666666667,1.5,-0.43333333333333335,2.7333333333333334,1.6428571428571428,0.06666666666666667,0.07142857142857142,4.733333333333333,4.642857142857143,4.066666666666666,4.142857142857143,12.466666666666667,12.071428571428571
2025-09-21,Holstein Kiel,Karlsruhe,3,0,H,5,3,0,0,4,5,4,4,14,15,0,1.1428571428571428,1.1333333333333333,0.00952380952380949,2.142857142857143,2.3333333333333335,0.0,0.0,6.071428571428571,4.866666666666666,4.071428571428571,3.2666666666666666,13.428571428571429,11.533333333333333
2025-09-26,Darmstadt,Dresden,2,0,H,2,1,0,0,6,4,4,0,15,13,0,1.9333333333333333,1.4666666666666666,0.4666666666666668,1.9333333333333333,1.7333333333333334,0.06666666666666667,0.06666666666666667,5.133333333333334,4.933333333333334,5.6,4.133333333333334,11.466666666666667,10.8
2025-09-26,Schalke 04,Greuther Furth,1,0,H,2,2,0,0,10,6,7,2,8,15,0,1.6428571428571428,1.4,0.24285714285714288,2.2857142857142856,2.2,0.14285714285714285,0.0,5.5,4.133333333333334,5.5,4.4,13.5,12.8
2025-09-27,Elversberg,Holstein Kiel,1,0,H,4,2,0,0,9,4,4,3,11,14,0,1.7142857142857142,1.3333333333333333,0.38095238095238093,1.2142857142857142,3.7333333333333334,0.0,0.3333333333333333,6.785714285714286,4.0,5.285714285714286,3.2666666666666666,10.285714285714286,15.4
2025-09-27,Karlsruhe,Magdeburg,1,0,H,1,6,0,0,8,5,6,6,10,13,0,2.142857142857143,1.7333333333333334,0.4095238095238094,3.142857142857143,2.6,0.14285714285714285,0.0,4.428571428571429,5.066666666666666,5.071428571428571,6.0,13.928571428571429,12.133333333333333
2025-09-27,Paderborn,Kaiserslautern,2,0,H,2,0,0,1,8,2,11,3,9,9,0,2.066666666666667,1.1428571428571428,0.9238095238095241,1.6666666666666667,2.5714285714285716,0.13333333333333333,0.07142857142857142,6.066666666666666,4.285714285714286,6.0,3.642857142857143,12.466666666666667,13.142857142857142
2025-09-27,Bochum,Fortuna Dusseldorf,0,1,A,5,3,0,0,4,3,4,3,15,14,0,1.8,0.7857142857142857,1.0142857142857142,3.2666666666666666,2.2857142857142856,0.06666666666666667,0.2857142857142857,5.0,4.642857142857143,5.933333333333334,4.0,14.266666666666667,12.071428571428571
2025-09-28,Hannover,Bielefeld,3,1,H,2,1,0,0,4,2,4,1,16,11,1,1.4285714285714286,1.0666666666666667,0.36190476190476195,1.7857142857142858,2.1333333333333333,0.0,0.13333333333333333,8.142857142857142,5.933333333333334,5.714285714285714,3.6666666666666665,13.071428571428571,13.133333333333333
2025-09-28,Nurnberg,Hertha,0,3,A,2,3,0,0,6,1,4,4,12,22,0,1.5333333333333334,2.0714285714285716,-0.5380952380952382,2.2,2.5714285714285716,0.0,0.07142857142857142,5.333333333333333,4.214285714285714,4.933333333333334,4.428571428571429,10.666666666666666,13.5
2025-09-28,Preußen Münster,Braunschweig,3,1,H,3,4,0,0,3,9,4,5,16,16,1,1.2666666666666666,1.0,0.2666666666666666,2.1333333333333333,2.5,0.13333333333333333,0.35714285714285715,4.733333333333333,4.928571428571429,4.466666666666667,3.7142857142857144,14.466666666666667,12.714285714285714
2025-10-03,Braunschweig,Paderborn,1,2,A,3,2,0,0,4,4,2,3,16,14,1,1.1333333333333333,1.4285714285714286,-0.2952380952380953,2.2,2.5714285714285716,0.2,0.07142857142857142,4.6,4.357142857142857,4.0,4.857142857142857,12.0,13.285714285714286
2025-10-03,Fortuna Dusseldorf,Nurnberg,2,3,A,3,2,0,0,1,2,7,7,14,11,1,1.0666666666666667,1.0714285714285714,-0.004761904761904745,2.7333333333333334,2.7857142857142856,0.06666666666666667,0.14285714285714285,4.733333333333333,5.214285714285714,4.066666666666666,3.9285714285714284,12.466666666666667,13.714285714285714
2025-10-04,Hertha,Preußen Münster,2,1,H,4,3,0,0,5,4,7,6,12,9,1,0.9333333333333333,0.8571428571428571,0.07619047619047625,1.9333333333333333,3.4285714285714284,0.2,0.21428571428571427,4.933333333333334,3.4285714285714284,4.666666666666667,3.2857142857142856,12.266666666666667,12.785714285714286
2025-10-04,Holstein Kiel,Darmstadt,1,1,D,1,1,0,0,5,0,7,1,9,13,1,1.1428571428571428,1.5,-0.3571428571428572,2.142857142857143,1.6428571428571428,0.0,0.07142857142857142,6.071428571428571,4.642857142857143,4.071428571428571,4.142857142857143,13.428571428571429,12.071428571428571
2025-10-04,Kaiserslautern,Bochum,3,2,H,2,5,0,0,11,2,10,2,9,13,1,2.2,1.1428571428571428,1.0571428571428574,2.466666666666667,2.9285714285714284,0.06666666666666667,0.0,5.333333333333333,5.428571428571429,5.933333333333334,3.5,11.333333333333334,12.642857142857142
2025-10-04,Dresden,Karlsruhe,3,3,D,1,1,0,0,3,7,4,6,10,12,1,1.7857142857142858,1.1333333333333333,0.6523809523809525,2.0714285714285716,2.3333333333333335,0.21428571428571427,0.0,4.857142857142857,4.866666666666666,4.428571428571429,3.2666666666666666,11.357142857142858,11.533333333333333
2025-10-05,Bielefeld,Schalke 04,1,2,A,3,2,0,0,6,2,4,4,16,13,1,1.8571428571428572,1.2,0.6571428571428573,2.0714285714285716,2.466666666666667,0.07142857142857142,0.06666666666666667,6.642857142857143,4.4,5.357142857142857,4.266666666666667,13.285714285714286,13.466666666666667
2025-10-05,Greuther Furth,Hannover,2,2,D,2,1,0,0,3,6,5,6,9,14,1,1.3571428571428572,1.9333333333333333,-0.5761904761904761,1.5714285714285714,2.4,0.14285714285714285,0.06666666666666667,4.142857142857143,4.533333333333333,3.2857142857142856,5.133333333333334,10.428571428571429,13.133333333333333
2025-10-05,Magdeburg,Elversberg,0,4,A,1,2,0,0,7,13,5,8,12,6,0,1.4285714285714286,1.6666666666666667,-0.23809523809523814,2.4285714285714284,2.466666666666667,0.07142857142857142,0.06666666666666667,5.642857142857143,6.0,5.142857142857143,5.0,11.428571428571429,11.466666666666667
2025-10-17,Fortuna Dusseldorf,Braunschweig,1,2,A,1,2,0,0,9,2,5,5,12,10,1,1.0666666666666667,1.0,0.06666666666666665,2.7333333333333334,2.5,0.06666666666666667,0.35714285714285715,4.733333333333333,4.928571428571429,4.066666666666666,3.7142857142857144,12.466666666666667,12.714285714285714
2025-10-17,Hannover,Schalke 04,0,3,A,0,2,0,0,9,7,3,5,7,20,0,1.4285714285714286,1.2,0.22857142857142865,1.7857142857142858,2.466666666666667,0.0,0.06666666666666667,8.142857142857142,4.4,5.714285714285714,4.266666666666667,13.071428571428571,13.466666666666667
2025-10-18,Karlsruhe,Kaiserslautern,2,3,A,6,4,0,0,7,1,10,4,17,13,1,2.142857142857143,1.1428571428571428,1.0,3.142857142857143,2.5714285714285716,0.14285714285714285,0.07142857142857142,4.428571428571429,4.285714285714286,5.071428571428571,3.642857142857143,13.928571428571429,13.142857142857142
2025-10-18,Paderborn,Bielefeld,4,3,H,5,3,0,0,8,5,9,4,20,15,1,2.066666666666667,1.0666666666666667,1.0000000000000002,1.6666666666666667,2.1333333333333333,0.13333333333333333,0.13333333333333333,6.066666666666666,5.933333333333334,6.0,3.6666666666666665,12.466666666666667,13.133333333333333
2025-10-18,Preußen Münster,Dresden,2,2,D,2,3,0,1,4,3,3,6,23,13,1,1.2666666666666666,1.4666666666666666,-0.19999999999999996,2.1333333333333333,1.7333333333333334,0.13333333333333333,0.06666666666666667,4.733333333333333,4.933333333333334,4.466666666666667,4.133333333333334,14.466666666666667,10.8
2025-10-18,Bochum,Hertha,3,2,H,3,3,0,0,1,6,3,6,22,9,1,1.8,2.0714285714285716,-0.2714285714285716,3.2666666666666666,2.5714285714285716,0.06666666666666667,0.07142857142857142,5.0,4.214285714285714,5.933333333333334,4.428571428571429,14.266666666666667,13.5
2025-10-19,Darmstadt,Magdeburg,0,0,D,2,1,1,0,1,5,6,2,15,16,0,1.9333333333333333,1.7333333333333334,0.19999999999999996,1.9333333333333333,2.6,0.06666666666666667,0.0,5.133333333333334,5.066666666666666,5.6,6.0,11.466666666666667,12.133333333333333
2025-10-19,Elversberg,Greuther Furth,6,0,H,1,3,0,0,6,3,8,5,10,11,0,1.7142857142857142,1.4,0.3142857142857143,1.2142857142857142,2.2,0.0,0.0,6.785714285714286,4.133333333333334,5.285714285714286,4.4,10.285714285714286,12.8
2025-10-19,Nurnberg,Holstein Kiel,1,1,D,3,1,0,0,3,7,6,4,8,16,1,1.5333333333333334,1.3333333333333333,0.20000000000000018,2.2,3.7333333333333334,0.0,0.3333333333333333,5.333333333333333,4.0,4.933333333333334,3.2666666666666666,10.666666666666666,15.4
2025-10-24,Greuther Furth,Karlsruhe,1,4,A,0,3,0,0,9,5,5,8,7,18,1,1.3571428571428572,1.1333333333333333,0.2238095238095239,1.5714285714285714,2.3333333333333335,0.14285714285714285,0.0,4.142857142857143,4.866666666666666,3.2857142857142856,3.2666666666666666,10.428571428571429,11.533333333333333
2025-10-24,Schalke 04,Darmstadt,1,0,H,5,1,0,0,6,4,2,1,16,13,0,1.6428571428571428,1.5,0.1428571428571428,2.2857142857142856,1.6428571428571428,0.14285714285714285,0.07142857142857142,5.5,4.642857142857143,5.5,4.142857142857143,13.5,12.071428571428571
2025-10-25,Bielefeld,Elversberg,2,0,H,2,2,0,0,3,6,2,2,13,12,0,1.8571428571428572,1.6666666666666667,0.19047619047619047,2.0714285714285716,2.466666666666667,0.07142857142857142,0.06666666666666667,6.642857142857143,6.0,5.357142857142857,5.0,13.285714285714286,11.466666666666667
2025-10-25,Dresden,Paderborn,1,2,A,2,2,0,0,10,4,3,4,9,14,1,1.7857142857142858,1.4285714285714286,0.3571428571428572,2.0714285714285716,2.5714285714285716,0.21428571428571427,0.07142857142857142,4.857142857142857,4.357142857142857,4.428571428571429,4.857142857142857,11.357142857142858,13.285714285714286
2025-10-25,Holstein Kiel,Bochum,1,1,D,1,5,0,0,9,7,8,2,7,18,1,1.1428571428571428,1.1428571428571428,0.0,2.142857142857143,2.9285714285714284,0.0,0.0,6.071428571428571,5.428571428571429,4.071428571428571,3.5,13.428571428571429,12.642857142857142
2025-10-25,Hertha,Fortuna Dusseldorf,1,0,H,2,2,0,0,6,7,4,4,12,7,0,0.9333333333333333,0.7857142857142857,0.14761904761904765,1.9333333333333333,2.2857142857142856,0.2,0.2857142857142857,4.933333333333334,4.642857142857143,4.666666666666667,4.0,12.266666666666667,12.071428571428571
2025-10-26,Braunschweig,Hannover,0,3,A,2,5,1,0,2,5,3,12,9,17,0,1.1333333333333333,1.9333333333333333,-0.8,2.2,2.4,0.2,0.06666666666666667,4.6,4.533333333333333,4.0,5.133333333333334,12.0,13.133333333333333
2025-10-26,Kaiserslautern,Nurnberg,1,1,D,3,3,0,0,4,8,7,4,17,16,1,2.2,1.0714285714285714,1.1285714285714288,2.466666666666667,2.7857142857142856,0.06666666666666667,0.14285714285714285,5.333333333333333,5.214285714285714,5.933333333333334,3.9285714285714284,11.333333333333334,13.714285714285714
2025-10-26,Magdeburg,Preußen Münster,2,0,H,1,4,0,0,2,5,5,4,15,15,0,1.4285714285714286,0.8571428571428571,0.5714285714285715,2.4285714285714284,3.4285714285714284,0.07142857142857142,0.21428571428571427,5.642857142857143,3.4285714285714284,5.142857142857143,3.2857142857142856,11.428571428571429,12.785714285714286
2025-10-31,Elversberg,Hannover,2,2,D,3,2,0,0,5,4,7,2,13,15,1,1.7142857142857142,1.9333333333333333,-0.21904761904761916,1.2142857142857142,2.4,0.0,0.06666666666666667,6.785714285714286,4.533333333333333,5.285714285714286,5.133333333333334,10.285714285714286,13.133333333333333
2025-10-31,Preußen Münster,Holstein Kiel,2,1,H,5,4,0,0,4,7,5,4,18,18,1,1.2666666666666666,1.3333333333333333,-0.06666666666666665,2.1333333333333333,3.7333333333333334,0.13333333333333333,0.3333333333333333,4.733333333333333,4.0,4.466666666666667,3.2666666666666666,14.466666666666667,15.4
2025-11-01,Hertha,Dresden,2,0,H,0,0,0,0,3,5,6,4,16,9,0,0.9333333333333333,1.4666666666666666,-0.5333333333333332,1.9333333333333333,1.7333333333333334,0.2,0.06666666666666667,4.933333333333334,4.933333333333334,4.666666666666667,4.133333333333334,12.266666666666667,10.8
2025-11-01,Karlsruhe,Schalke 04,2,1,H,4,5,0,0,2,7,3,4,13,15,1,2.142857142857143,1.2,0.9428571428571428,3.142857142857143,2.466666666666667,0.14285714285714285,0.06666666666666667,4.428571428571429,4.4,5.071428571428571,4.266666666666667,13.928571428571429,13.466666666666667
2025-11-01,Nurnberg,Braunschweig,2,1,H,2,3,0,1,1,9,2,4,13,13,1,1.5333333333333334,1.0,0.5333333333333334,2.2,2.5,0.0,0.35714285714285715,5.333333333333333,4.928571428571429,4.933333333333334,3.7142857142857144,10.666666666666666,12.714285714285714
2025-11-01,Darmstadt,Bielefeld,2,2,D,4,1,0,0,9,9,8,3,14,12,1,1.9333333333333333,1.0666666666666667,0.8666666666666667,1.9333333333333333,2.1333333333333333,0.06666666666666667,0.13333333333333333,5.133333333333334,5.933333333333334,5.6,3.6666666666666665,11.466666666666667,13.133333333333333
2025-11-02,Bochum,Magdeburg,2,0,H,2,4,0,0,8,7,9,6,10,5,0,1.8,1.7333333333333334,0.06666666666666665,3.2666666666666666,2.6,0.06666666666666667,0.0,5.0,5.066666666666666,5.933333333333334,6.0,14.266666666666667,12.133333333333333
2025-11-02,Fortuna Dusseldorf,Kaiserslautern,1,1,D,4,2,0,0,2,4,2,8,14,12,1,1.0666666666666667,1.1428571428571428,-0.07619047619047614,2.7333333333333334,2.5714285714285716,0.06666666666666667,0.07142857142857142,4.733333333333333,4.285714285714286,4.066666666666666,3.642857142857143,12.466666666666667,13.142857142857142
2025-11-02,Paderborn,Greuther Furth,2,1,H,1,3,0,0,5,5,6,7,15,18,1,2.066666666666667,1.4,0.666666666666667,1.6666666666666667,2.2,0.13333333333333333,0.0,6.066666666666666,4.133333333333334,6.0,4.4,12.466666666666667,12.8
2025-11-07,Dresden,Nurnberg,1,2,A,3,3,0,0,5,5,1,4,12,18,1,1.7857142857142858,1.0714285714285714,0.7142857142857144,2.0714285714285716,2.7857142857142856,0.21428571428571427,0.14285714285714285,4.857142857142857,5.214285714285714,4.428571428571429,3.9285714285714284,11.357142857142858,13.714285714285714
2025-11-07,Greuther Furth,Preußen Münster,1,0,H,1,4,0,0,4,7,2,3,9,12,0,1.3571428571428572,0.8571428571428571,0.5000000000000001,1.5714285714285714,3.4285714285714284,0.14285714285714285,0.21428571428571427,4.142857142857143,3.4285714285714284,3.2857142857142856,3.2857142857142856,10.428571428571429,12.785714285714286
2025-11-08,Bielefeld,Karlsruhe,4,0,H,0,2,0,0,3,5,6,2,7,11,0,1.8571428571428572,1.1333333333333333,0.7238095238095239,2.0714285714285716,2.3333333333333335,0.07142857142857142,0.0,6.642857142857143,4.866666666666666,5.357142857142857,3.2666666666666666,13.285714285714286,11.533333333333333
2025-11-08,Hannover,Darmstadt,2,3,A,2,1,0,0,5,5,10,8,16,12,1,1.4285714285714286,1.5,-0.0714285714285714,1.7857142857142858,1.6428571428571428,0.0,0.07142857142857142,8.142857142857142,4.642857142857143,5.714285714285714,4.142857142857143,13.071428571428571,12.071428571428571
2025-11-08,Schalke 04,Elversberg,1,0,H,4,2,0,0,1,5,2,0,17,12,0,1.6428571428571428,1.6666666666666667,-0.023809523809523947,2.2857142857142856,2.466666666666667,0.14285714285714285,0.06666666666666667,5.5,6.0,5.5,5.0,13.5,11.466666666666667
2025-11-08,Kaiserslautern,Hertha,0,1,A,2,3,0,0,7,4,9,3,9,13,0,2.2,2.0714285714285716,0.12857142857142856,2.466666666666667,2.5714285714285716,0.06666666666666667,0.07142857142857142,5.333333333333333,4.214285714285714,5.933333333333334,4.428571428571429,11.333333333333334,13.5
2025-11-09,Braunschweig,Bochum,0,2,A,3,3,0,0,10,9,6,4,10,10,0,1.1333333333333333,1.1428571428571428,-0.00952380952380949,2.2,2.9285714285714284,0.2,0.0,4.6,5.428571428571429,4.0,3.5,12.0,12.642857142857142
2025-11-09,Holstein Kiel,Fortuna Dusseldorf,1,0,H,1,3,0,0,3,5,4,6,9,16,0,1.1428571428571428,0.7857142857142857,0.3571428571428571,2.142857142857143,2.2857142857142856,0.0,0.2857142857142857,6.071428571428571,4.642857142857143,4.071428571428571,4.0,13.428571428571429,12.071428571428571
2025-11-09,Magdeburg,Paderborn,0,1,A,4,4,0,0,3,5,3,6,10,14,0,1.4285714285714286,1.4285714285714286,0.0,2.4285714285714284,2.5714285714285716,0.07142857142857142,0.07142857142857142,5.642857142857143,4.357142857142857,5.142857142857143,4.857142857142857,11.428571428571429,13.285714285714286
2025-11-21,Bochum,Dresden,1,2,A,0,3,0,0,13,8,4,4,1,10,1,1.8,1.4666666666666666,0.3333333333333335,3.2666666666666666,1.7333333333333334,0.06666666666666667,0.06666666666666667,5.0,4.933333333333334,5.933333333333334,4.133333333333334,14.266666666666667,10.8
2025-11-21,Hertha,Braunschweig,1,0,H,1,3,0,0,6,5,5,3,14,12,0,0.9333333333333333,1.0,-0.06666666666666665,1.9333333333333333,2.5,0.2,0.35714285714285715,4.933333333333334,4.928571428571429,4.666666666666667,3.7142857142857144,12.266666666666667,12.714285714285714
2025-11-22,Fortuna Dusseldorf,Magdeburg,2,1,H,4,1,0,0,3,11,5,9,17,10,1,1.0666666666666667,1.7333333333333334,-0.6666666666666667,2.7333333333333334,2.6,0.06666666666666667,0.0,4.733333333333333,5.066666666666666,4.066666666666666,6.0,12.466666666666667,12.133333333333333
2025-11-22,Paderborn,Hannover,0,2,A,0,1,0,0,11,4,4,9,12,5,0,2.066666666666667,1.9333333333333333,0.13333333333333353,1.6666666666666667,2.4,0.13333333333333333,0.06666666666666667,6.066666666666666,4.533333333333333,6.0,5.133333333333334,12.466666666666667,13.133333333333333
2025-11-22,Preußen Münster,Schalke 04,0,0,D,1,5,1,0,4,6,2,6,7,20,0,1.2666666666666666,1.2,0.06666666666666665,2.1333333333333333,2.466666666666667,0.13333333333333333,0.06666666666666667,4.733333333333333,4.4,4.466666666666667,4.266666666666667,14.466666666666667,13.466666666666667
2025-11-22,Darmstadt,Greuther Furth,4,2,H,2,3,0,0,5,2,9,8,13,9,1,1.9333333333333333,1.4,0.5333333333333334,1.9333333333333333,2.2,0.06666666666666667,0.0,5.133333333333334,4.133333333333334,5.6,4.4,11.466666666666667,12.8
2025-11-23,Kaiserslautern,Holstein Kiel,4,1,H,2,5,0,1,10,3,9,2,14,16,1,2.2,1.3333333333333333,0.8666666666666669,2.466666666666667,3.7333333333333334,0.06666666666666667,0.3333333333333333,5.333333333333333,4.0,5.933333333333334,3.2666666666666666,11.333333333333334,15.4
2025-11-23,Karlsruhe,Elversberg,2,3,A,3,1,0,0,4,9,4,8,15,13,1,2.142857142857143,1.6666666666666667,0.47619047619047605,3.142857142857143,2.466666666666667,0.14285714285714285,0.06666666666666667,4.428571428571429,6.0,5.071428571428571,5.0,13.928571428571429,11.466666666666667
2025-11-23,Nurnberg,Bielefeld,2,0,H,3,3,0,0,6,13,6,1,12,12,0,1.5333333333333334,1.0666666666666667,0.4666666666666668,2.2,2.1333333333333333,0.0,0.13333333333333333,5.333333333333333,5.933333333333334,4.933333333333334,3.6666666666666665,10.666666666666666,13.133333333333333
2025-11-28,Hannover,Karlsruhe,3,0,H,2,1,0,0,4,1,7,2,12,8,0,1.4285714285714286,1.1333333333333333,0.2952380952380953,1.7857142857142858,2.3333333333333335,0.0,0.0,8.142857142857142,4.866666666666666,5.714285714285714,3.2666666666666666,13.071428571428571,11.533333333333333
2025-11-28,Schalke 04,Paderborn,2,1,H,2,4,0,0,3,3,5,1,7,14,1,1.6428571428571428,1.4285714285714286,0.2142857142857142,2.2857142857142856,2.5714285714285716,0.14285714285714285,0.07142857142857142,5.5,4.357142857142857,5.5,4.857142857142857,13.5,13.285714285714286
2025-11-29,Braunschweig,Kaiserslautern,2,0,H,2,5,0,0,5,6,6,5,16,18,0,1.1333333333333333,1.1428571428571428,-0.00952380952380949,2.2,2.5714285714285716,0.2,0.07142857142857142,4.6,4.285714285714286,4.0,3.642857142857143,12.0,13.142857142857142
2025-11-29,Greuther Furth,Bochum,0,3,A,2,0,0,0,6,9,1,6,13,13,0,1.3571428571428572,1.1428571428571428,0.2142857142857144,1.5714285714285714,2.9285714285714284,0.14285714285714285,0.0,4.142857142857143,5.428571428571429,3.2857142857142856,3.5,10.428571428571429,12.642857142857142
2025-11-29,Holstein Kiel,Hertha,0,1,A,2,6,0,0,8,3,0,2,13,14,0,1.1428571428571428,2.0714285714285716,-0.9285714285714288,2.142857142857143,2.5714285714285716,0.0,0.07142857142857142,6.071428571428571,4.214285714285714,4.071428571428571,4.428571428571429,13.428571428571429,13.5
2025-11-29,Magdeburg,Nurnberg,3,0,H,3,3,0,1,6,5,8,1,12,7,0,1.4285714285714286,1.0714285714285714,0.3571428571428572,2.4285714285714284,2.7857142857142856,0.07142857142857142,0.14285714285714285,5.642857142857143,5.214285714285714,5.142857142857143,3.9285714285714284,11.428571428571429,13.714285714285714
2025-11-30,Bielefeld,Preußen Münster,1,2,A,3,6,0,0,13,2,2,6,16,18,1,1.8571428571428572,0.8571428571428571,1.0,2.0714285714285716,3.4285714285714284,0.07142857142857142,0.21428571428571427,6.642857142857143,3.4285714285714284,5.357142857142857,3.2857142857142856,13.285714285714286,12.785714285714286
2025-11-30,Dresden,Fortuna Dusseldorf,2,1,H,1,2,0,0,4,0,4,2,12,13,1,1.7857142857142858,0.7857142857142857,1.0,2.0714285714285716,2.2857142857142856,0.21428571428571427,0.2857142857142857,4.857142857142857,4.642857142857143,4.428571428571429,4.0,11.357142857142858,12.071428571428571
2025-11-30,Elversberg,Darmstadt,0,0,D,0,1,0,0,6,5,3,2,8,12,0,1.7142857142857142,1.5,0.2142857142857142,1.2142857142857142,1.6428571428571428,0.0,0.07142857142857142,6.785714285714286,4.642857142857143,5.285714285714286,4.142857142857143,10.285714285714286,12.071428571428571
2025-12-05,Fortuna Dusseldorf,Schalke 04,0,2,A,7,1,1,0,1,4,1,7,15,8,0,1.0666666666666667,1.2,-0.1333333333333333,2.7333333333333334,2.466666666666667,0.06666666666666667,0.06666666666666667,4.733333333333333,4.4,4.066666666666666,4.266666666666667,12.466666666666667,13.466666666666667
2025-12-05,Preußen Münster,Hannover,2,2,D,4,3,0,0,5,2,4,2,13,17,1,1.2666666666666666,1.9333333333333333,-0.6666666666666667,2.1333333333333333,2.4,0.13333333333333333,0.06666666666666667,4.733333333333333,4.533333333333333,4.466666666666667,5.133333333333334,14.466666666666667,13.133333333333333
2025-12-06,Bochum,Bielefeld,1,0,H,5,2,0,0,4,5,6,6,22,12,0,1.8,1.0666666666666667,0.7333333333333334,3.2666666666666666,2.1333333333333333,0.06666666666666667,0.13333333333333333,5.0,5.933333333333334,5.933333333333334,3.6666666666666665,14.266666666666667,13.133333333333333
2025-12-06,Kaiserslautern,Dresden,3,1,H,3,4,0,0,7,3,3,2,11,9,1,2.2,1.4666666666666666,0.7333333333333336,2.466666666666667,1.7333333333333334,0.06666666666666667,0.06666666666666667,5.333333333333333,4.933333333333334,5.933333333333334,4.133333333333334,11.333333333333334,10.8
2025-12-06,Paderborn,Elversberg,1,2,A,4,1,1,0,3,10,3,5,19,5,1,2.066666666666667,1.6666666666666667,0.40000000000000013,1.6666666666666667,2.466666666666667,0.13333333333333333,0.06666666666666667,6.066666666666666,6.0,6.0,5.0,12.466666666666667,11.466666666666667
2025-12-06,Darmstadt,Karlsruhe,3,2,H,1,2,0,0,8,9,10,3,6,10,1,1.9333333333333333,1.1333333333333333,0.8,1.9333333333333333,2.3333333333333335,0.06666666666666667,0.0,5.133333333333334,4.866666666666666,5.6,3.2666666666666666,11.466666666666667,11.533333333333333
2025-12-07,Braunschweig,Holstein Kiel,1,1,D,1,5,1,1,2,4,3,2,13,17,1,1.1333333333333333,1.3333333333333333,-0.19999999999999996,2.2,3.7333333333333334,0.2,0.3333333333333333,4.6,4.0,4.0,3.2666666666666666,12.0,15.4
2025-12-07,Hertha,Magdeburg,0,2,A,0,3,0,0,7,5,5,5,16,7,0,0.9333333333333333,1.7333333333333334,-0.8,1.9333333333333333,2.6,0.2,0.0,4.933333333333334,5.066666666666666,4.666666666666667,6.0,12.266666666666667,12.133333333333333
2025-12-07,Nurnberg,Greuther Furth,2,2,D,2,3,0,0,5,3,3,5,12,17,1,1.5333333333333334,1.4,0.13333333333333353,2.2,2.2,0.0,0.0,5.333333333333333,4.133333333333334,4.933333333333334,4.4,10.666666666666666,12.8
2025-12-12,Dresden,Braunschweig,2,3,A,3,4,0,0,7,8,8,5,8,13,1,1.7857142857142858,1.0,0.7857142857142858,2.0714285714285716,2.5,0.21428571428571427,0.35714285714285715,4.857142857142857,4.928571428571429,4.428571428571429,3.7142857142857144,11.357142857142858,12.714285714285714
2025-12-12,Greuther Furth,Hertha,3,3,D,2,3,0,0,2,4,6,7,13,12,1,1.3571428571428572,2.0714285714285716,-0.7142857142857144,1.5714285714285714,2.5714285714285716,0.14285714285714285,0.07142857142857142,4.142857142857143,4.214285714285714,3.2857142857142856,4.428571428571429,10.428571428571429,13.5
2025-12-13,Bielefeld,Kaiserslautern,0,0,D,1,1,0,0,10,4,3,1,19,10,0,1.8571428571428572,1.1428571428571428,0.7142857142857144,2.0714285714285716,2.5714285714285716,0.07142857142857142,0.07142857142857142,6.642857142857143,4.285714285714286,5.357142857142857,3.642857142857143,13.285714285714286,13.142857142857142
2025-12-13,Karlsruhe,Paderborn,0,4,A,5,2,2,0,1,6,1,11,14,8,0,2.142857142857143,1.4285714285714286,0.7142857142857142,3.142857142857143,2.5714285714285716,0.14285714285714285,0.07142857142857142,4.428571428571429,4.357142857142857,5.071428571428571,4.857142857142857,13.928571428571429,13.285714285714286
2025-12-13,Magdeburg,Holstein Kiel,3,3,D,2,3,0,0,6,4,8,6,11,14,1,1.4285714285714286,1.3333333333333333,0.09523809523809534,2.4285714285714284,3.7333333333333334,0.07142857142857142,0.3333333333333333,5.642857142857143,4.0,5.142857142857143,3.2666666666666666,11.428571428571429,15.4
2025-12-13,Hannover,Bochum,0,0,D,0,4,0,0,7,0,7,3,4,17,0,1.4285714285714286,1.1428571428571428,0.2857142857142858,1.7857142857142858,2.9285714285714284,0.0,0.0,8.142857142857142,5.428571428571429,5.714285714285714,3.5,13.071428571428571,12.642857142857142
2025-12-14,Darmstadt,Preußen Münster,1,0,H,2,2,0,0,7,4,4,1,10,9,0,1.9333333333333333,0.8571428571428571,1.0761904761904764,1.9333333333333333,3.4285714285714284,0.06666666666666667,0.21428571428571427,5.133333333333334,3.4285714285714284,5.6,3.2857142857142856,11.466666666666667,12.785714285714286
2025-12-14,Elversberg,Fortuna Dusseldorf,1,0,H,1,3,0,0,8,6,3,5,7,20,0,1.7142857142857142,0.7857142857142857,0.9285714285714285,1.2142857142857142,2.2857142857142856,0.0,0.2857142857142857,6.785714285714286,4.642857142857143,5.285714285714286,4.0,10.285714285714286,12.071428571428571
2025-12-14,Schalke 04,Nurnberg,1,0,H,3,3,0,0,0,7,3,3,18,16,0,1.6428571428571428,1.0714285714285714,0.5714285714285714,2.2857142857142856,2.7857142857142856,0.14285714285714285,0.14285714285714285,5.5,5.214285714285714,5.5,3.9285714285714284,13.5,13.714285714285714
2025-12-19,Hertha,Bielefeld,1,1,D,3,2,1,0,3,4,2,6,12,16,1,0.9333333333333333,1.0666666666666667,-0.1333333333333333,1.9333333333333333,2.1333333333333333,0.2,0.13333333333333333,4.933333333333334,5.933333333333334,4.666666666666667,3.6666666666666665,12.266666666666667,13.133333333333333
2025-12-19,Paderborn,Darmstadt,2,2,D,2,1,0,0,7,3,7,2,14,9,1,2.066666666666667,1.5,0.5666666666666669,1.6666666666666667,1.6428571428571428,0.13333333333333333,0.07142857142857142,6.066666666666666,4.642857142857143,6.0,4.142857142857143,12.466666666666667,12.071428571428571
2025-12-20,Bochum,Karlsruhe,2,2,D,2,0,0,0,3,3,4,6,7,10,1,1.8,1.1333333333333333,0.6666666666666667,3.2666666666666666,2.3333333333333335,0.06666666666666667,0.0,5.0,4.866666666666666,5.933333333333334,3.2666666666666666,14.266666666666667,11.533333333333333
2025-12-20,Fortuna Dusseldorf,Greuther Furth,2,1,H,4,2,0,0,6,4,7,3,11,5,1,1.0666666666666667,1.4,-0.33333333333333326,2.7333333333333334,2.2,0.06666666666666667,0.0,4.733333333333333,4.133333333333334,4.066666666666666,4.4,12.466666666666667,12.8
2025-12-20,Kaiserslautern,Magdeburg,2,3,A,6,5,0,0,4,4,4,10,9,16,1,2.2,1.7333333333333334,0.4666666666666668,2.466666666666667,2.6,0.06666666666666667,0.0,5.333333333333333,5.066666666666666,5.933333333333334,6.0,11.333333333333334,12.133333333333333
2025-12-20,Holstein Kiel,Dresden,2,1,H,0,1,0,0,7,9,4,8,7,8,1,1.1428571428571428,1.4666666666666666,-0.32380952380952377,2.142857142857143,1.7333333333333334,0.0,0.06666666666666667,6.071428571428571,4.933333333333334,4.071428571428571,4.133333333333334,13.428571428571429,10.8
2025-12-21,Braunschweig,Schalke 04,2,1,H,0,1,0,0,3,4,5,3,13,13,1,1.1333333333333333,1.2,-0.06666666666666665,2.2,2.466666666666667,0.2,0.06666666666666667,4.6,4.4,4.0,4.266666666666667,12.0,13.466666666666667
2025-12-21,Nurnberg,Hannover,2,1,H,4,2,0,0,3,6,5,8,14,9,1,1.5333333333333334,1.9333333333333333,-0.3999999999999999,2.2,2.4,0.0,0.06666666666666667,5.333333333333333,4.533333333333333,4.933333333333334,5.133333333333334,10.666666666666666,13.133333333333333
2025-12-21,Preußen Münster,Elversberg,1,1,D,2,2,0,0,5,6,7,5,19,11,1,1.2666666666666666,1.6666666666666667,-0.40000000000000013,2.1333333333333333,2.466666666666667,0.13333333333333333,0.06666666666666667,4.733333333333333,6.0,4.466666666666667,5.0,14.466666666666667,11.466666666666667
2026-01-16,Braunschweig,Magdeburg,0,3,A,3,3,0,0,1,9,2,8,12,12,0,1.1333333333333333,1.7333333333333334,-0.6000000000000001,2.2,2.6,0.2,0.0,4.6,5.066666666666666,4.0,6.0,12.0,12.133333333333333
2026-01-16,Fortuna Dusseldorf,Bielefeld,1,0,H,0,0,0,0,2,2,3,1,12,17,0,1.0666666666666667,1.0666666666666667,0.0,2.7333333333333334,2.1333333333333333,0.06666666666666667,0.13333333333333333,4.733333333333333,5.933333333333334,4.066666666666666,3.6666666666666665,12.466666666666667,13.133333333333333
2026-01-17,Dresden,Greuther Furth,2,0,H,3,3,0,0,7,3,4,0,11,14,0,1.7857142857142858,1.4,0.3857142857142859,2.0714285714285716,2.2,0.21428571428571427,0.0,4.857142857142857,4.133333333333334,4.428571428571429,4.4,11.357142857142858,12.8
2026-01-17,Nurnberg,Elversberg,3,2,H,5,1,0,0,7,3,12,7,10,13,1,1.5333333333333334,1.6666666666666667,-0.1333333333333333,2.2,2.466666666666667,0.0,0.06666666666666667,5.333333333333333,6.0,4.933333333333334,5.0,10.666666666666666,11.466666666666667
2026-01-17,Preußen Münster,Karlsruhe,0,2,A,0,3,1,0,7,9,7,2,11,11,0,1.2666666666666666,1.1333333333333333,0.1333333333333333,2.1333333333333333,2.3333333333333335,0.13333333333333333,0.0,4.733333333333333,4.866666666666666,4.466666666666667,3.2666666666666666,14.466666666666667,11.533333333333333
2026-01-17,Hertha,Schalke 04,0,0,D,4,2,0,0,6,3,6,0,10,13,0,0.9333333333333333,1.2,-0.2666666666666666,1.9333333333333333,2.466666666666667,0.2,0.06666666666666667,4.933333333333334,4.4,4.666666666666667,4.266666666666667,12.266666666666667,13.466666666666667
2026-01-18,Bochum,Darmstadt,3,3,D,1,2,0,0,8,6,6,3,10,8,1,1.8,1.5,0.30000000000000004,3.2666666666666666,1.6428571428571428,0.06666666666666667,0.07142857142857142,5.0,4.642857142857143,5.933333333333334,4.142857142857143,14.266666666666667,12.071428571428571
2026-01-18,Holstein Kiel,Paderborn,2,0,H,3,3,0,0,1,11,3,6,12,18,0,1.1428571428571428,1.4285714285714286,-0.2857142857142858,2.142857142857143,2.5714285714285716,0.0,0.07142857142857142,6.071428571428571,4.357142857142857,4.071428571428571,4.857142857142857,13.428571428571429,13.285714285714286
2026-01-18,Kaiserslautern,Hannover,3,1,H,1,2,0,1,5,6,8,2,12,14,1,2.2,1.9333333333333333,0.26666666666666683,2.466666666666667,2.4,0.06666666666666667,0.06666666666666667,5.333333333333333,4.533333333333333,5.933333333333334,5.133333333333334,11.333333333333334,13.133333333333333
2026-01-23,Bielefeld,Holstein Kiel,2,2,D,1,3,0,1,5,6,5,1,10,16,1,1.8571428571428572,1.3333333333333333,0.523809523809524,2.0714285714285716,3.7333333333333334,0.07142857142857142,0.3333333333333333,6.642857142857143,4.0,5.357142857142857,3.2666666666666666,13.285714285714286,15.4
2026-01-23,Darmstadt,Nurnberg,2,0,H,1,0,0,0,3,6,5,5,8,7,0,1.9333333333333333,1.0714285714285714,0.861904761904762,1.9333333333333333,2.7857142857142856,0.06666666666666667,0.14285714285714285,5.133333333333334,5.214285714285714,5.6,3.9285714285714284,11.466666666666667,13.714285714285714
2026-01-24,Greuther Furth,Braunschweig,0,0,D,3,2,1,0,2,10,0,2,11,18,0,1.3571428571428572,1.0,0.3571428571428572,1.5714285714285714,2.5,0.14285714285714285,0.35714285714285715,4.142857142857143,4.928571428571429,3.2857142857142856,3.7142857142857144,10.428571428571429,12.714285714285714
2026-01-24,Hannover,Fortuna Dusseldorf,2,1,H,2,4,0,1,5,2,4,2,17,10,1,1.4285714285714286,0.7857142857142857,0.6428571428571429,1.7857142857142858,2.2857142857142856,0.0,0.2857142857142857,8.142857142857142,4.642857142857143,5.714285714285714,4.0,13.071428571428571,12.071428571428571
2026-01-24,Karlsruhe,Hertha,2,2,D,3,2,0,0,3,5,6,6,7,13,1,2.142857142857143,2.0714285714285716,0.07142857142857117,3.142857142857143,2.5714285714285716,0.14285714285714285,0.07142857142857142,4.428571428571429,4.214285714285714,5.071428571428571,4.428571428571429,13.928571428571429,13.5
2026-01-24,Magdeburg,Dresden,1,2,A,2,0,0,0,10,5,5,3,9,9,1,1.4285714285714286,1.4666666666666666,-0.03809523809523796,2.4285714285714284,1.7333333333333334,0.07142857142857142,0.06666666666666667,5.642857142857143,4.933333333333334,5.142857142857143,4.133333333333334,11.428571428571429,10.8
2026-01-25,Elversberg,Bochum,1,1,D,0,0,0,0,9,2,6,3,9,12,1,1.7142857142857142,1.1428571428571428,0.5714285714285714,1.2142857142857142,2.9285714285714284,0.0,0.0,6.785714285714286,5.428571428571429,5.285714285714286,3.5,10.285714285714286,12.642857142857142
2026-01-25,Paderborn,Preußen Münster,2,1,H,1,3,0,1,7,6,8,2,9,10,1,2.066666666666667,0.8571428571428571,1.2095238095238097,1.6666666666666667,3.4285714285714284,0.13333333333333333,0.21428571428571427,6.066666666666666,3.4285714285714284,6.0,3.2857142857142856,12.466666666666667,12.785714285714286
2026-01-25,Schalke 04,Kaiserslautern,2,2,D,1,1,0,0,10,2,5,3,12,16,1,1.6428571428571428,1.1428571428571428,0.5,2.2857142857142856,2.5714285714285716,0.14285714285714285,0.07142857142857142,5.5,4.285714285714286,5.5,3.642857142857143,13.5,13.142857142857142
2026-01-30,Magdeburg,Hannover,1,2,A,1,4,0,0,6,3,4,3,11,18,1,1.4285714285714286,1.9333333333333333,-0.5047619047619047,2.4285714285714284,2.4,0.07142857142857142,0.06666666666666667,5.642857142857143,4.533333333333333,5.142857142857143,5.133333333333334,11.428571428571429,13.133333333333333
2026-01-30,Nurnberg,Preußen Münster,1,1,D,2,4,0,0,7,2,5,4,7,15,1,1.5333333333333334,0.8571428571428571,0.6761904761904763,2.2,3.4285714285714284,0.0,0.21428571428571427,5.333333333333333,3.4285714285714284,4.933333333333334,3.2857142857142856,10.666666666666666,12.785714285714286
2026-01-31,Bochum,Schalke 04,2,0,H,4,0,0,0,2,4,6,2,15,13,0,1.8,1.2,0.6000000000000001,3.2666666666666666,2.466666666666667,0.06666666666666667,0.06666666666666667,5.0,4.4,5.933333333333334,4.266666666666667,14.266666666666667,13.466666666666667
2026-01-31,Braunschweig,Karlsruhe,1,0,H,4,5,0,0,6,4,5,0,10,9,0,1.1333333333333333,1.1333333333333333,0.0,2.2,2.3333333333333335,0.2,0.0,4.6,4.866666666666666,4.0,3.2666666666666666,12.0,11.533333333333333
2026-01-31,Holstein Kiel,Greuther Furth,1,2,A,4,1,0,0,6,2,3,2,13,17,1,1.1428571428571428,1.4,-0.2571428571428571,2.142857142857143,2.2,0.0,0.0,6.071428571428571,4.133333333333334,4.071428571428571,4.4,13.428571428571429,12.8
2026-01-31,Kaiserslautern,Elversberg,1,3,A,4,3,1,0,2,2,1,9,10,15,1,2.2,1.6666666666666667,0.5333333333333334,2.466666666666667,2.466666666666667,0.06666666666666667,0.06666666666666667,5.333333333333333,6.0,5.933333333333334,5.0,11.333333333333334,11.466666666666667
2026-02-01,Dresden,Bielefeld,1,1,D,2,3,1,0,3,5,5,6,13,12,1,1.7857142857142858,1.0666666666666667,0.7190476190476192,2.0714285714285716,2.1333333333333333,0.21428571428571427,0.13333333333333333,4.857142857142857,5.933333333333334,4.428571428571429,3.6666666666666665,11.357142857142858,13.133333333333333
2026-02-01,Fortuna Dusseldorf,Paderborn,2,1,H,2,3,0,1,7,1,5,4,10,12,1,1.0666666666666667,1.4285714285714286,-0.36190476190476195,2.7333333333333334,2.5714285714285716,0.06666666666666667,0.07142857142857142,4.733333333333333,4.357142857142857,4.066666666666666,4.857142857142857,12.466666666666667,13.285714285714286
2026-02-01,Hertha,Darmstadt,2,2,D,0,4,1,0,4,6,6,4,9,15,1,0.9333333333333333,1.5,-0.5666666666666667,1.9333333333333333,1.6428571428571428,0.2,0.07142857142857142,4.933333333333334,4.642857142857143,4.666666666666667,4.142857142857143,12.266666666666667,12.071428571428571
2026-02-06,Greuther Furth,Magdeburg,4,5,A,1,2,0,0,9,1,5,7,13,17,1,1.3571428571428572,1.7333333333333334,-0.3761904761904762,1.5714285714285714,2.6,0.14285714285714285,0.0,4.142857142857143,5.066666666666666,3.2857142857142856,6.0,10.428571428571429,12.133333333333333
2026-02-06,Preußen Münster,Bochum,1,1,D,2,2,0,0,3,6,3,7,15,14,1,1.2666666666666666,1.1428571428571428,0.12380952380952381,2.1333333333333333,2.9285714285714284,0.13333333333333333,0.0,4.733333333333333,5.428571428571429,4.466666666666667,3.5,14.466666666666667,12.642857142857142
2026-02-07,Elversberg,Hertha,0,3,A,1,2,0,0,7,5,4,5,9,13,0,1.7142857142857142,2.0714285714285716,-0.35714285714285743,1.2142857142857142,2.5714285714285716,0.0,0.07142857142857142,6.785714285714286,4.214285714285714,5.285714285714286,4.428571428571429,10.285714285714286,13.5
2026-02-07,Paderborn,Nurnberg,2,1,H,2,3,0,1,6,5,7,3,16,14,1,2.066666666666667,1.0714285714285714,0.9952380952380955,1.6666666666666667,2.7857142857142856,0.13333333333333333,0.14285714285714285,6.066666666666666,5.214285714285714,6.0,3.9285714285714284,12.466666666666667,13.714285714285714
2026-02-07,Schalke 04,Dresden,2,2,D,2,2,0,0,7,1,5,2,15,9,1,1.6428571428571428,1.4666666666666666,0.17619047619047623,2.2857142857142856,1.7333333333333334,0.14285714285714285,0.06666666666666667,5.5,4.933333333333334,5.5,4.133333333333334,13.5,10.8
2026-02-07,Darmstadt,Kaiserslautern,4,0,H,1,2,0,0,6,6,9,2,8,17,0,1.9333333333333333,1.1428571428571428,0.7904761904761906,1.9333333333333333,2.5714285714285716,0.06666666666666667,0.07142857142857142,5.133333333333334,4.285714285714286,5.6,3.642857142857143,11.466666666666667,13.142857142857142
2026-02-08,Bielefeld,Braunschweig,3,2,H,1,3,0,0,9,1,8,4,13,11,1,1.8571428571428572,1.0,0.8571428571428572,2.0714285714285716,2.5,0.07142857142857142,0.35714285714285715,6.642857142857143,4.928571428571429,5.357142857142857,3.7142857142857144,13.285714285714286,12.714285714285714
2026-02-08,Hannover,Holstein Kiel,3,1,H,0,3,0,0,10,4,8,4,12,18,1,1.4285714285714286,1.3333333333333333,0.09523809523809534,1.7857142857142858,3.7333333333333334,0.0,0.3333333333333333,8.142857142857142,4.0,5.714285714285714,3.2666666666666666,13.071428571428571,15.4
2026-02-08,Karlsruhe,Fortuna Dusseldorf,1,1,D,1,2,0,0,3,3,2,5,13,15,1,2.142857142857143,0.7857142857142857,1.3571428571428572,3.142857142857143,2.2857142857142856,0.14285714285714285,0.2857142857142857,4.428571428571429,4.642857142857143,5.071428571428571,4.0,13.928571428571429,12.071428571428571
2026-02-13,Fortuna Dusseldorf,Preußen Münster,0,0,D,3,4,0,0,2,2,3,2,9,12,0,1.0666666666666667,0.8571428571428571,0.20952380952380956,2.7333333333333334,3.4285714285714284,0.06666666666666667,0.21428571428571427,4.733333333333333,3.4285714285714284,4.066666666666666,3.2857142857142856,12.466666666666667,12.785714285714286
2026-02-13,Nurnberg,Karlsruhe,5,1,H,1,3,0,0,4,6,8,2,11,14,1,1.5333333333333334,1.1333333333333333,0.40000000000000013,2.2,2.3333333333333335,0.0,0.0,5.333333333333333,4.866666666666666,4.933333333333334,3.2666666666666666,10.666666666666666,11.533333333333333
2026-02-14,Braunschweig,Darmstadt,2,2,D,1,1,0,0,6,7,6,5,10,7,1,1.1333333333333333,1.5,-0.3666666666666667,2.2,1.6428571428571428,0.2,0.07142857142857142,4.6,4.642857142857143,4.0,4.142857142857143,12.0,12.071428571428571
2026-02-14,Hertha,Hannover,2,3,A,1,0,0,0,5,6,7,7,14,11,1,0.9333333333333333,1.9333333333333333,-1.0,1.9333333333333333,2.4,0.2,0.06666666666666667,4.933333333333334,4.533333333333333,4.666666666666667,5.133333333333334,12.266666666666667,13.133333333333333
2026-02-14,Kaiserslautern,Greuther Furth,1,0,H,2,3,0,0,1,6,3,2,14,14,0,2.2,1.4,0.8000000000000003,2.466666666666667,2.2,0.06666666666666667,0.0,5.333333333333333,4.133333333333334,5.933333333333334,4.4,11.333333333333334,12.8
2026-02-14,Dresden,Elversberg,1,2,A,3,3,0,0,5,6,4,5,14,13,1,1.7857142857142858,1.6666666666666667,0.11904761904761907,2.0714285714285716,2.466666666666667,0.21428571428571427,0.06666666666666667,4.857142857142857,6.0,4.428571428571429,5.0,11.357142857142858,11.466666666666667
2026-02-15,Bochum,Paderborn,0,0,D,2,3,0,0,4,6,9,3,15,9,0,1.8,1.4285714285714286,0.37142857142857144,3.2666666666666666,2.5714285714285716,0.06666666666666667,0.07142857142857142,5.0,4.357142857142857,5.933333333333334,4.857142857142857,14.266666666666667,13.285714285714286
2026-02-15,Holstein Kiel,Schalke 04,1,2,A,3,1,0,0,9,6,4,8,19,12,1,1.1428571428571428,1.2,-0.05714285714285716,2.142857142857143,2.466666666666667,0.0,0.06666666666666667,6.071428571428571,4.4,4.071428571428571,4.266666666666667,13.428571428571429,13.466666666666667
2026-02-15,Magdeburg,Bielefeld,0,2,A,2,2,0,0,4,4,3,4,8,14,0,1.4285714285714286,1.0666666666666667,0.36190476190476195,2.4285714285714284,2.1333333333333333,0.07142857142857142,0.13333333333333333,5.642857142857143,5.933333333333334,5.142857142857143,3.6666666666666665,11.428571428571429,13.133333333333333
2026-02-20,Bochum,Nurnberg,1,1,D,1,3,0,0,3,3,3,4,13,9,1,1.8,1.0714285714285714,0.7285714285714286,3.2666666666666666,2.7857142857142856,0.06666666666666667,0.14285714285714285,5.0,5.214285714285714,5.933333333333334,3.9285714285714284,14.266666666666667,13.714285714285714
2026-02-20,Greuther Furth,Bielefeld,2,1,H,2,3,0,0,0,10,3,3,11,18,1,1.3571428571428572,1.0666666666666667,0.29047619047619055,1.5714285714285714,2.1333333333333333,0.14285714285714285,0.13333333333333333,4.142857142857143,5.933333333333334,3.2857142857142856,3.6666666666666665,10.428571428571429,13.133333333333333
2026-02-21,Darmstadt,Fortuna Dusseldorf,2,1,H,4,0,0,1,4,11,4,9,12,14,1,1.9333333333333333,0.7857142857142857,1.1476190476190475,1.9333333333333333,2.2857142857142856,0.06666666666666667,0.2857142857142857,5.133333333333334,4.642857142857143,5.6,4.0,11.466666666666667,12.071428571428571
2026-02-21,Elversberg,Braunschweig,3,1,H,1,1,0,0,4,0,4,4,7,12,1,1.7142857142857142,1.0,0.7142857142857142,1.2142857142857142,2.5,0.0,0.35714285714285715,6.785714285714286,4.928571428571429,5.285714285714286,3.7142857142857144,10.285714285714286,12.714285714285714
2026-02-21,Karlsruhe,Holstein Kiel,3,1,H,5,5,0,0,3,4,7,4,23,12,1,2.142857142857143,1.3333333333333333,0.8095238095238095,3.142857142857143,3.7333333333333334,0.14285714285714285,0.3333333333333333,4.428571428571429,4.0,5.071428571428571,3.2666666666666666,13.928571428571429,15.4
2026-02-21,Schalke 04,Magdeburg,5,3,H,2,0,0,0,4,2,13,4,19,8,1,1.6428571428571428,1.7333333333333334,-0.0904761904761906,2.2857142857142856,2.6,0.14285714285714285,0.0,5.5,5.066666666666666,5.5,6.0,13.5,12.133333333333333
2026-02-22,Hannover,Dresden,0,0,D,2,3,0,0,9,2,3,2,15,13,0,1.4285714285714286,1.4666666666666666,-0.03809523809523796,1.7857142857142858,1.7333333333333334,0.0,0.06666666666666667,8.142857142857142,4.933333333333334,5.714285714285714,4.133333333333334,13.071428571428571,10.8
2026-02-22,Paderborn,Hertha,5,2,H,0,1,0,0,4,7,9,3,9,15,1,2.066666666666667,2.0714285714285716,-0.004761904761904745,1.6666666666666667,2.5714285714285716,0.13333333333333333,0.07142857142857142,6.066666666666666,4.214285714285714,6.0,4.428571428571429,12.466666666666667,13.5
2026-02-22,Preußen Münster,Kaiserslautern,2,3,A,3,3,0,0,6,5,8,7,18,13,1,1.2666666666666666,1.1428571428571428,0.12380952380952381,2.1333333333333333,2.5714285714285716,0.13333333333333333,0.07142857142857142,4.733333333333333,4.285714285714286,4.466666666666667,3.642857142857143,14.466666666666667,13.142857142857142
2026-02-27,Dresden,Darmstadt,3,1,H,3,1,1,1,1,8,7,7,18,13,1,1.7857142857142858,1.5,0.2857142857142858,2.0714285714285716,1.6428571428571428,0.21428571428571427,0.07142857142857142,4.857142857142857,4.642857142857143,4.428571428571429,4.142857142857143,11.357142857142858,12.071428571428571
2026-02-27,Fortuna Dusseldorf,Bochum,2,1,H,1,1,0,0,10,3,9,3,10,13,1,1.0666666666666667,1.1428571428571428,-0.07619047619047614,2.7333333333333334,2.9285714285714284,0.06666666666666667,0.0,4.733333333333333,5.428571428571429,4.066666666666666,3.5,12.466666666666667,12.642857142857142
2026-02-28,Bielefeld,Hannover,0,1,A,3,4,0,0,9,3,7,1,19,13,0,1.8571428571428572,1.9333333333333333,-0.07619047619047614,2.0714285714285716,2.4,0.07142857142857142,0.06666666666666667,6.642857142857143,4.533333333333333,5.357142857142857,5.133333333333334,13.285714285714286,13.133333333333333
2026-02-28,Holstein Kiel,Elversberg,1,1,D,2,2,0,0,5,7,3,3,16,16,1,1.1428571428571428,1.6666666666666667,-0.523809523809524,2.142857142857143,2.466666666666667,0.0,0.06666666666666667,6.071428571428571,6.0,4.071428571428571,5.0,13.428571428571429,11.466666666666667
2026-02-28,Kaiserslautern,Paderborn,1,2,A,2,3,0,0,3,2,2,5,12,24,1,2.2,1.4285714285714286,0.7714285714285716,2.466666666666667,2.5714285714285716,0.06666666666666667,0.07142857142857142,5.333333333333333,4.357142857142857,5.933333333333334,4.857142857142857,11.333333333333334,13.285714285714286
2026-02-28,Greuther Furth,Schalke 04,1,1,D,2,4,0,0,4,5,1,4,7,10,1,1.3571428571428572,1.2,0.15714285714285725,1.5714285714285714,2.466666666666667,0.14285714285714285,0.06666666666666667,4.142857142857143,4.4,3.2857142857142856,4.266666666666667,10.428571428571429,13.466666666666667
2026-03-01,Braunschweig,Preußen Münster,1,2,A,2,3,0,1,7,0,3,3,8,12,1,1.1333333333333333,0.8571428571428571,0.2761904761904762,2.2,3.4285714285714284,0.2,0.21428571428571427,4.6,3.4285714285714284,4.0,3.2857142857142856,12.0,12.785714285714286
2026-03-01,Hertha,Nurnberg,2,1,H,0,2,0,0,3,6,5,1,11,13,1,0.9333333333333333,1.0714285714285714,-0.13809523809523805,1.9333333333333333,2.7857142857142856,0.2,0.14285714285714285,4.933333333333334,5.214285714285714,4.666666666666667,3.9285714285714284,12.266666666666667,13.714285714285714
2026-03-01,Magdeburg,Karlsruhe,1,3,A,2,4,0,0,6,2,9,7,9,12,1,1.4285714285714286,1.1333333333333333,0.2952380952380953,2.4285714285714284,2.3333333333333335,0.07142857142857142,0.0,5.642857142857143,4.866666666666666,5.142857142857143,3.2666666666666666,11.428571428571429,11.533333333333333
2026-03-06,Elversberg,Magdeburg,1,0,H,0,2,0,0,11,5,4,3,4,11,0,1.7142857142857142,1.7333333333333334,-0.019047619047619202,1.2142857142857142,2.6,0.0,0.0,6.785714285714286,5.066666666666666,5.285714285714286,6.0,10.285714285714286,12.133333333333333
2026-03-06,Schalke 04,Bielefeld,1,0,H,0,2,0,0,9,2,8,3,7,13,0,1.6428571428571428,1.0666666666666667,0.5761904761904761,2.2857142857142856,2.1333333333333333,0.14285714285714285,0.13333333333333333,5.5,5.933333333333334,5.5,3.6666666666666665,13.5,13.133333333333333
2026-03-07,Darmstadt,Holstein Kiel,2,0,H,4,2,0,1,1,5,3,1,12,12,0,1.9333333333333333,1.3333333333333333,0.6000000000000001,1.9333333333333333,3.7333333333333334,0.06666666666666667,0.3333333333333333,5.133333333333334,4.0,5.6,3.2666666666666666,11.466666666666667,15.4
2026-03-07,Nurnberg,Fortuna Dusseldorf,0,1,A,1,2,0,0,3,5,2,7,10,9,0,1.5333333333333334,0.7857142857142857,0.7476190476190477,2.2,2.2857142857142856,0.0,0.2857142857142857,5.333333333333333,4.642857142857143,4.933333333333334,4.0,10.666666666666666,12.071428571428571
2026-03-07,Paderborn,Braunschweig,1,1,D,1,2,0,1,9,5,5,3,9,18,1,2.066666666666667,1.0,1.0666666666666669,1.6666666666666667,2.5,0.13333333333333333,0.35714285714285715,6.066666666666666,4.928571428571429,6.0,3.7142857142857144,12.466666666666667,12.714285714285714
2026-03-07,Bochum,Kaiserslautern,3,2,H,3,4,0,0,5,6,9,2,13,11,1,1.8,1.1428571428571428,0.6571428571428573,3.2666666666666666,2.5714285714285716,0.06666666666666667,0.07142857142857142,5.0,4.285714285714286,5.933333333333334,3.642857142857143,14.266666666666667,13.142857142857142
2026-03-08,Hannover,Greuther Furth,1,2,A,2,1,0,0,17,5,9,7,10,9,1,1.4285714285714286,1.4,0.028571428571428692,1.7857142857142858,2.2,0.0,0.0,8.142857142857142,4.133333333333334,5.714285714285714,4.4,13.071428571428571,12.8
2026-03-08,Karlsruhe,Dresden,3,3,D,2,0,0,0,7,5,6,6,10,10,1,2.142857142857143,1.4666666666666666,0.6761904761904762,3.142857142857143,1.7333333333333334,0.14285714285714285,0.06666666666666667,4.428571428571429,4.933333333333334,5.071428571428571,4.133333333333334,13.928571428571429,10.8
2026-03-08,Preußen Münster,Hertha,1,2,A,2,2,0,0,4,8,4,5,10,9,1,1.2666666666666666,2.0714285714285716,-0.804761904761905,2.1333333333333333,2.5714285714285716,0.13333333333333333,0.07142857142857142,4.733333333333333,4.214285714285714,4.466666666666667,4.428571428571429,14.466666666666667,13.5
2026-03-13,Greuther Furth,Elversberg,2,0,H,1,2,0,0,2,6,4,4,13,12,0,1.3571428571428572,1.6666666666666667,-0.30952380952380953,1.5714285714285714,2.466666666666667,0.14285714285714285,0.06666666666666667,4.142857142857143,6.0,3.2857142857142856,5.0,10.428571428571429,11.466666666666667
2026-03-13,Magdeburg,Darmstadt,1,1,D,3,1,0,0,8,1,4,3,6,10,1,1.4285714285714286,1.5,-0.0714285714285714,2.4285714285714284,1.6428571428571428,0.07142857142857142,0.07142857142857142,5.642857142857143,4.642857142857143,5.142857142857143,4.142857142857143,11.428571428571429,12.071428571428571
2026-03-14,Bielefeld,Paderborn,2,2,D,3,2,0,0,4,1,9,4,14,12,1,1.8571428571428572,1.4285714285714286,0.4285714285714286,2.0714285714285716,2.5714285714285716,0.07142857142857142,0.07142857142857142,6.642857142857143,4.357142857142857,5.357142857142857,4.857142857142857,13.285714285714286,13.285714285714286
2026-03-14,Braunschweig,Fortuna Dusseldorf,1,0,H,2,3,0,0,4,5,5,2,10,14,0,1.1333333333333333,0.7857142857142857,0.3476190476190476,2.2,2.2857142857142856,0.2,0.2857142857142857,4.6,4.642857142857143,4.0,4.0,12.0,12.071428571428571
2026-03-14,Holstein Kiel,Nurnberg,2,3,A,3,5,0,0,7,1,7,5,18,13,1,1.1428571428571428,1.0714285714285714,0.0714285714285714,2.142857142857143,2.7857142857142856,0.0,0.14285714285714285,6.071428571428571,5.214285714285714,4.071428571428571,3.9285714285714284,13.428571428571429,13.714285714285714
2026-03-14,Hertha,Bochum,1,1,D,2,3,0,0,5,6,2,2,12,13,1,0.9333333333333333,1.1428571428571428,-0.20952380952380945,1.9333333333333333,2.9285714285714284,0.2,0.0,4.933333333333334,5.428571428571429,4.666666666666667,3.5,12.266666666666667,12.642857142857142
2026-03-15,Dresden,Preußen Münster,6,0,H,1,2,0,0,5,4,8,3,5,13,0,1.7857142857142858,0.8571428571428571,0.9285714285714287,2.0714285714285716,3.4285714285714284,0.21428571428571427,0.21428571428571427,4.857142857142857,3.4285714285714284,4.428571428571429,3.2857142857142856,11.357142857142858,12.785714285714286
2026-03-15,Kaiserslautern,Karlsruhe,3,0,H,1,3,0,0,5,2,8,2,8,14,0,2.2,1.1333333333333333,1.0666666666666669,2.466666666666667,2.3333333333333335,0.06666666666666667,0.0,5.333333333333333,4.866666666666666,5.933333333333334,3.2666666666666666,11.333333333333334,11.533333333333333
2026-03-15,Schalke 04,Hannover,2,2,D,1,2,1,0,4,2,4,6,15,11,1,1.6428571428571428,1.9333333333333333,-0.29047619047619055,2.2857142857142856,2.4,0.14285714285714285,0.06666666666666667,5.5,4.533333333333333,5.5,5.133333333333334,13.5,13.133333333333333
2026-03-20,Hannover,Braunschweig,1,0,H,3,3,0,0,10,6,3,4,13,15,0,1.4285714285714286,1.0,0.4285714285714286,1.7857142857142858,2.5,0.0,0.35714285714285715,8.142857142857142,4.928571428571429,5.714285714285714,3.7142857142857144,13.071428571428571,12.714285714285714
2026-03-20,Karlsruhe,Greuther Furth,3,1,H,4,1,0,0,3,4,4,2,16,6,1,2.142857142857143,1.4,0.7428571428571429,3.142857142857143,2.2,0.14285714285714285,0.0,4.428571428571429,4.133333333333334,5.071428571428571,4.4,13.928571428571429,12.8
2026-03-21,Elversberg,Bielefeld,3,1,H,0,0,0,1,9,1,10,2,7,7,1,1.7142857142857142,1.0666666666666667,0.6476190476190475,1.2142857142857142,2.1333333333333333,0.0,0.13333333333333333,6.785714285714286,5.933333333333334,5.285714285714286,3.6666666666666665,10.285714285714286,13.133333333333333
2026-03-21,Nurnberg,Kaiserslautern,3,0,H,1,3,0,0,11,1,5,2,10,14,0,1.5333333333333334,1.1428571428571428,0.39047619047619064,2.2,2.5714285714285716,0.0,0.07142857142857142,5.333333333333333,4.285714285714286,4.933333333333334,3.642857142857143,10.666666666666666,13.142857142857142
2026-03-21,Paderborn,Dresden,2,1,H,1,1,0,0,4,5,4,8,8,8,1,2.066666666666667,1.4666666666666666,0.6000000000000003,1.6666666666666667,1.7333333333333334,0.13333333333333333,0.06666666666666667,6.066666666666666,4.933333333333334,6.0,4.133333333333334,12.466666666666667,10.8
2026-03-21,Darmstadt,Schalke 04,1,1,D,1,2,0,0,11,5,4,7,15,16,1,1.9333333333333333,1.2,0.7333333333333334,1.9333333333333333,2.466666666666667,0.06666666666666667,0.06666666666666667,5.133333333333334,4.4,5.6,4.266666666666667,11.466666666666667,13.466666666666667
2026-03-22,Bochum,Holstein Kiel,2,3,A,4,5,1,1,2,3,10,4,11,22,1,1.8,1.3333333333333333,0.4666666666666668,3.2666666666666666,3.7333333333333334,0.06666666666666667,0.3333333333333333,5.0,4.0,5.933333333333334,3.2666666666666666,14.266666666666667,15.4
2026-03-22,Fortuna Dusseldorf,Hertha,2,5,A,3,2,0,0,6,1,5,9,12,7,1,1.0666666666666667,2.0714285714285716,-1.004761904761905,2.7333333333333334,2.5714285714285716,0.06666666666666667,0.07142857142857142,4.733333333333333,4.214285714285714,4.066666666666666,4.428571428571429,12.466666666666667,13.5
2026-03-22,Preußen Münster,Magdeburg,1,3,A,2,2,0,0,6,3,2,6,11,19,1,1.2666666666666666,1.7333333333333334,-0.4666666666666668,2.1333333333333333,2.6,0.13333333333333333,0.0,4.733333333333333,5.066666666666666,4.466666666666667,6.0,14.466666666666667,12.133333333333333
2026-04-04,Bielefeld,Darmstadt,2,1,H,2,5,0,0,8,4,8,2,10,16,1,1.8571428571428572,1.5,0.3571428571428572,2.0714285714285716,1.6428571428571428,0.07142857142857142,0.07142857142857142,6.642857142857143,4.642857142857143,5.357142857142857,4.142857142857143,13.285714285714286,12.071428571428571
2026-04-04,Kaiserslautern,Fortuna Dusseldorf,3,0,H,0,0,0,1,9,6,9,0,10,6,0,2.2,0.7857142857142857,1.4142857142857146,2.466666666666667,2.2857142857142856,0.06666666666666667,0.2857142857142857,5.333333333333333,4.642857142857143,5.933333333333334,4.0,11.333333333333334,12.071428571428571
2026-04-04,Magdeburg,Bochum,4,1,H,2,3,0,0,4,3,6,6,9,11,1,1.4285714285714286,1.1428571428571428,0.2857142857142858,2.4285714285714284,2.9285714285714284,0.07142857142857142,0.0,5.642857142857143,5.428571428571429,5.142857142857143,3.5,11.428571428571429,12.642857142857142
2026-04-04,Dresden,Hertha,0,1,A,2,2,0,1,6,3,5,5,11,14,0,1.7857142857142858,2.0714285714285716,-0.2857142857142858,2.0714285714285716,2.5714285714285716,0.21428571428571427,0.07142857142857142,4.857142857142857,4.214285714285714,4.428571428571429,4.428571428571429,11.357142857142858,13.5
2026-04-05,Braunschweig,Nurnberg,1,1,D,1,2,0,0,9,4,5,1,13,23,1,1.1333333333333333,1.0714285714285714,0.06190476190476191,2.2,2.7857142857142856,0.2,0.14285714285714285,4.6,5.214285714285714,4.0,3.9285714285714284,12.0,13.714285714285714
2026-04-05,Greuther Furth,Paderborn,0,2,A,1,3,0,0,3,4,4,4,10,12,0,1.3571428571428572,1.4285714285714286,-0.0714285714285714,1.5714285714285714,2.5714285714285716,0.14285714285714285,0.07142857142857142,4.142857142857143,4.357142857142857,3.2857142857142856,4.857142857142857,10.428571428571429,13.285714285714286
2026-04-05,Hannover,Elversberg,1,1,D,3,3,0,0,10,4,6,4,13,11,1,1.4285714285714286,1.6666666666666667,-0.23809523809523814,1.7857142857142858,2.466666666666667,0.0,0.06666666666666667,8.142857142857142,6.0,5.714285714285714,5.0,13.071428571428571,11.466666666666667
2026-04-05,Holstein Kiel,Preußen Münster,0,0,D,3,3,0,0,11,3,0,1,15,12,0,1.1428571428571428,0.8571428571428571,0.2857142857142857,2.142857142857143,3.4285714285714284,0.0,0.21428571428571427,6.071428571428571,3.4285714285714284,4.071428571428571,3.2857142857142856,13.428571428571429,12.785714285714286
2026-04-05,Schalke 04,Karlsruhe,1,0,H,3,1,0,0,2,3,5,1,13,8,0,1.6428571428571428,1.1333333333333333,0.5095238095238095,2.2857142857142856,2.3333333333333335,0.14285714285714285,0.0,5.5,4.866666666666666,5.5,3.2666666666666666,13.5,11.533333333333333
2026-04-10,Fortuna Dusseldorf,Holstein Kiel,1,2,A,2,4,0,0,7,3,5,3,13,13,1,1.0666666666666667,1.3333333333333333,-0.2666666666666666,2.7333333333333334,3.7333333333333334,0.06666666666666667,0.3333333333333333,4.733333333333333,4.0,4.066666666666666,3.2666666666666666,12.466666666666667,15.4
2026-04-10,Karlsruhe,Bielefeld,4,1,H,2,1,0,0,4,13,6,5,9,11,1,2.142857142857143,1.0666666666666667,1.0761904761904761,3.142857142857143,2.1333333333333333,0.14285714285714285,0.13333333333333333,4.428571428571429,5.933333333333334,5.071428571428571,3.6666666666666665,13.928571428571429,13.133333333333333
2026-04-11,Hertha,Kaiserslautern,0,1,A,2,0,0,0,5,5,6,4,11,12,0,0.9333333333333333,1.1428571428571428,-0.20952380952380945,1.9333333333333333,2.5714285714285716,0.2,0.07142857142857142,4.933333333333334,4.285714285714286,4.666666666666667,3.642857142857143,12.266666666666667,13.142857142857142
2026-04-11,Nurnberg,Dresden,0,2,A,1,1,0,0,5,4,2,2,9,11,0,1.5333333333333334,1.4666666666666666,0.06666666666666687,2.2,1.7333333333333334,0.0,0.06666666666666667,5.333333333333333,4.933333333333334,4.933333333333334,4.133333333333334,10.666666666666666,10.8
2026-04-11,Preußen Münster,Greuther Furth,0,0,D,0,0,0,0,6,4,3,5,12,14,0,1.2666666666666666,1.4,-0.1333333333333333,2.1333333333333333,2.2,0.13333333333333333,0.0,4.733333333333333,4.133333333333334,4.466666666666667,4.4,14.466666666666667,12.8
2026-04-11,Darmstadt,Hannover,0,2,A,0,2,0,0,2,6,3,6,9,11,0,1.9333333333333333,1.9333333333333333,0.0,1.9333333333333333,2.4,0.06666666666666667,0.06666666666666667,5.133333333333334,4.533333333333333,5.6,5.133333333333334,11.466666666666667,13.133333333333333
2026-04-12,Bochum,Braunschweig,4,1,H,6,1,0,0,2,5,6,2,15,4,1,1.8,1.0,0.8,3.2666666666666666,2.5,0.06666666666666667,0.35714285714285715,5.0,4.928571428571429,5.933333333333334,3.7142857142857144,14.266666666666667,12.714285714285714
2026-04-12,Elversberg,Schalke 04,1,2,A,1,3,0,1,8,2,5,3,13,9,1,1.7142857142857142,1.2,0.5142857142857142,1.2142857142857142,2.466666666666667,0.0,0.06666666666666667,6.785714285714286,4.4,5.285714285714286,4.266666666666667,10.285714285714286,13.466666666666667
2026-04-12,Paderborn,Magdeburg,4,3,H,2,1,0,0,4,7,5,9,15,11,1,2.066666666666667,1.7333333333333334,0.3333333333333335,1.6666666666666667,2.6,0.13333333333333333,0.0,6.066666666666666,5.066666666666666,6.0,6.0,12.466666666666667,12.133333333333333
2025-08-15,Liverpool,Bournemouth,4,2,H,1,2,0,0,6,7,10,3,7,10,1,1.8125,1.5625,0.25,1.0625,2.5,0.0625,0.0625,5.9375,5.625,5.25,5.0,9.5,12.375
2025-08-16,Aston Villa,Newcastle,0,0,D,1,1,1,0,3,6,3,3,13,11,0,1.4375,1.0,0.4375,1.1875,1.875,0.0625,0.0,5.75,5.8125,4.6875,3.75,9.6875,9.5625
2025-08-16,Brighton,Fulham,1,1,D,3,3,0,0,4,3,4,2,16,15,1,1.5,1.0,0.5,2.0,2.3125,0.0,0.0,5.0625,4.375,4.8125,3.5,11.25,11.0625
2025-08-16,Sunderland,West Ham,3,0,H,0,1,0,0,5,7,5,4,8,10,0,1.4375,1.125,0.3125,2.0,1.875,0.0625,0.0625,3.75,4.5625,3.4375,3.3125,9.75,10.875
2025-08-16,Tottenham,Burnley,3,0,H,0,0,0,0,6,5,6,4,14,8,0,1.125,1.125,0.0,2.75,2.0,0.125,0.125,5.625,3.75,3.875,3.0625,12.4375,10.3125
2025-08-16,Wolves,Man City,0,4,A,1,2,0,0,4,6,3,4,13,7,0,1.0625,1.6875,-0.625,1.75,2.1875,0.0,0.0,2.875,5.3125,3.5,4.4375,12.4375,9.75
2025-08-17,Chelsea,Crystal Palace,0,0,D,2,3,0,0,11,2,3,4,10,12,0,1.4375,1.2666666666666666,0.1708333333333334,2.125,2.2666666666666666,0.1875,0.06666666666666667,6.875,4.0,4.25,3.466666666666667,10.6875,11.133333333333333
2025-08-17,Nott'm Forest,Brentford,3,1,H,1,2,0,0,5,5,5,3,7,15,1,0.875,1.25,-0.375,1.3125,2.0,0.0,0.0,6.375,5.4375,3.8125,3.8125,10.0625,10.9375
2025-08-17,Man United,Arsenal,0,1,A,1,4,0,0,3,4,7,3,10,19,0,1.9375,1.625,0.3125,1.625,1.6875,0.125,0.0,5.1875,5.75,6.875,4.8125,10.625,10.3125
2025-08-18,Leeds,Everton,1,0,H,0,2,0,0,7,2,3,1,6,8,0,1.375,1.125,0.25,1.5,1.8125,0.0,0.0625,5.5625,3.3125,4.25,3.125,10.125,10.625
2025-08-22,West Ham,Chelsea,1,5,A,0,1,0,0,7,5,4,7,7,10,1,1.375,1.875,-0.5,1.5,2.5,0.125,0.25,5.5,5.4375,3.625,5.0,11.125,11.1875
2025-08-23,Man City,Tottenham,0,2,A,1,4,0,0,7,2,4,5,7,12,0,2.4,1.375,1.025,1.4666666666666666,2.125,0.0,0.0625,6.666666666666667,4.8125,6.266666666666667,3.9375,10.4,11.1875
2025-08-23,Bournemouth,Wolves,1,0,H,2,4,0,1,8,3,4,1,13,16,0,1.4375,0.4375,1.0,2.125,2.5625,0.0,0.1875,5.5,3.5,4.5,3.0,11.6875,13.5625
2025-08-23,Brentford,Aston Villa,1,0,H,1,2,0,0,2,9,2,2,11,9,0,1.75,1.25,0.5,1.625,1.875,0.0,0.0,3.9375,4.8125,4.0625,4.0625,10.0,10.3125
2025-08-23,Burnley,Sunderland,2,0,H,0,1,0,0,4,3,2,1,9,5,0,0.9375,0.625,0.3125,1.3125,2.25,0.0,0.0625,3.6875,3.375,3.0,3.0625,9.5,11.25
2025-08-23,Arsenal,Leeds,5,0,H,0,2,0,0,2,2,5,1,8,11,0,2.25,1.0625,1.1875,0.875,1.6875,0.0,0.0625,6.1875,3.4375,4.9375,3.625,10.1875,10.9375
2025-08-24,Crystal Palace,Nott'm Forest,1,1,D,3,3,0,0,1,3,4,1,11,11,1,1.0,1.125,-0.125,1.75,1.8125,0.0625,0.0,4.4375,4.5,3.875,4.125,10.6875,11.3125
2025-08-24,Everton,Brighton,2,0,H,4,3,0,0,2,2,3,4,7,15,0,1.3125,1.1875,0.125,1.625,3.0,0.1875,0.0,5.3125,4.25,4.25,4.1875,10.125,12.8125
2025-08-24,Fulham,Man United,1,1,D,1,1,0,0,9,6,4,3,12,10,1,1.6875,1.625,0.0625,1.75,1.4375,0.0,0.0625,5.375,4.375,3.875,4.8125,10.3125,9.9375
2025-08-25,Newcastle,Liverpool,2,3,A,2,3,1,0,7,1,3,4,17,15,1,1.8125,1.4375,0.375,1.4375,2.0,0.125,0.0,7.25,6.0,5.5625,3.8125,11.0625,10.1875
2025-08-30,Chelsea,Fulham,2,0,H,2,2,0,0,6,4,6,3,11,17,0,1.4375,1.0,0.4375,2.125,2.3125,0.1875,0.0,6.875,4.375,4.25,3.5,10.6875,11.0625
2025-08-30,Man United,Burnley,3,2,H,1,5,0,0,7,1,6,3,9,9,1,1.9375,1.125,0.8125,1.625,2.0,0.125,0.125,5.1875,3.75,6.875,3.0625,10.625,10.3125
2025-08-30,Sunderland,Brentford,2,1,H,3,2,0,0,3,4,3,4,11,12,1,1.4375,1.25,0.1875,2.0,2.0,0.0625,0.0,3.75,5.4375,3.4375,3.8125,9.75,10.9375
2025-08-30,Tottenham,Bournemouth,0,1,A,2,4,0,0,0,8,1,6,17,13,0,1.125,1.5625,-0.4375,2.75,2.5,0.125,0.0625,5.625,5.625,3.875,5.0,12.4375,12.375
2025-08-30,Wolves,Everton,2,3,A,0,1,0,0,2,2,4,4,15,10,1,1.0625,1.125,-0.0625,1.75,1.8125,0.0,0.0625,2.875,3.3125,3.5,3.125,12.4375,10.625
2025-08-30,Leeds,Newcastle,0,0,D,1,1,0,0,5,5,1,2,10,15,0,1.375,1.0,0.375,1.5,1.875,0.0,0.0,5.5625,5.8125,4.25,3.75,10.125,9.5625
2025-08-31,Brighton,Man City,2,1,H,2,2,0,0,3,2,7,3,16,14,1,1.5,1.6875,-0.1875,2.0,2.1875,0.0,0.0,5.0625,5.3125,4.8125,4.4375,11.25,9.75
2025-08-31,Nott'm Forest,West Ham,0,3,A,0,0,0,0,9,7,3,8,14,6,0,0.875,1.125,-0.25,1.3125,1.875,0.0,0.0625,6.375,4.5625,3.8125,3.3125,10.0625,10.875
2025-08-31,Liverpool,Arsenal,1,0,H,2,2,0,0,3,8,3,1,7,10,0,1.8125,1.625,0.1875,1.0625,1.6875,0.0625,0.0,5.9375,5.75,5.25,4.8125,9.5,10.3125
2025-08-31,Aston Villa,Crystal Palace,0,3,A,2,3,0,0,10,1,4,4,7,14,0,1.4375,1.2666666666666666,0.1708333333333334,1.1875,2.2666666666666666,0.0625,0.06666666666666667,5.75,4.0,4.6875,3.466666666666667,9.6875,11.133333333333333
2025-09-13,Arsenal,Nott'm Forest,3,0,H,1,1,0,0,8,4,5,1,8,11,0,2.25,1.125,1.125,0.875,1.8125,0.0,0.0,6.1875,4.5,4.9375,4.125,10.1875,11.3125
2025-09-13,Bournemouth,Brighton,2,1,H,4,4,0,0,4,4,5,2,16,10,1,1.4375,1.1875,0.25,2.125,3.0,0.0,0.0,5.5,4.25,4.5,4.1875,11.6875,12.8125
2025-09-13,Crystal Palace,Sunderland,0,0,D,1,1,0,0,5,3,6,0,10,8,0,1.0,0.625,0.375,1.75,2.25,0.0625,0.0625,4.4375,3.375,3.875,3.0625,10.6875,11.25
2025-09-13,Everton,Aston Villa,0,0,D,3,3,0,0,10,3,2,1,17,15,0,1.3125,1.25,0.0625,1.625,1.875,0.1875,0.0,5.3125,4.8125,4.25,4.0625,10.125,10.3125
2025-09-13,Fulham,Leeds,1,0,H,1,2,0,0,3,3,3,3,20,15,0,1.6875,1.0625,0.625,1.75,1.6875,0.0,0.0625,5.375,3.4375,3.875,3.625,10.3125,10.9375
2025-09-13,Newcastle,Wolves,1,0,H,1,4,0,0,10,4,4,3,10,17,0,1.8125,0.4375,1.375,1.4375,2.5625,0.125,0.1875,7.25,3.5,5.5625,3.0,11.0625,13.5625
2025-09-13,West Ham,Tottenham,0,3,A,0,1,1,0,2,13,4,5,8,7,0,1.375,1.375,0.0,1.5,2.125,0.125,0.0625,5.5,4.8125,3.625,3.9375,11.125,11.1875
2025-09-13,Brentford,Chelsea,2,2,D,3,2,0,0,5,6,4,6,13,9,1,1.75,1.875,-0.125,1.625,2.5,0.0,0.25,3.9375,5.4375,4.0625,5.0,10.0,11.1875
2025-09-14,Burnley,Liverpool,0,1,A,0,2,0,0,1,13,0,4,9,9,0,0.9375,1.4375,-0.5,1.3125,2.0,0.0,0.0,3.6875,6.0,3.0,3.8125,9.5,10.1875
2025-09-14,Man City,Man United,3,0,H,0,0,0,0,2,4,6,2,8,8,0,2.4,1.625,0.7749999999999999,1.4666666666666666,1.4375,0.0,0.0625,6.666666666666667,4.375,6.266666666666667,4.8125,10.4,9.9375
2025-09-20,Liverpool,Everton,2,1,H,2,3,0,0,5,4,3,2,11,10,1,1.8125,1.125,0.6875,1.0625,1.8125,0.0625,0.0625,5.9375,3.3125,5.25,3.125,9.5,10.625
2025-09-20,Brighton,Tottenham,2,2,D,1,2,0,0,2,10,4,3,10,13,1,1.5,1.375,0.125,2.0,2.125,0.0,0.0625,5.0625,4.8125,4.8125,3.9375,11.25,11.1875
2025-09-20,Burnley,Nott'm Forest,1,1,D,1,1,0,0,4,5,5,8,12,11,1,0.9375,1.125,-0.1875,1.3125,1.8125,0.0,0.0,3.6875,4.5,3.0,4.125,9.5,11.3125
2025-09-20,West Ham,Crystal Palace,1,2,A,3,3,0,0,8,8,3,3,15,5,1,1.375,1.2666666666666666,0.10833333333333339,1.5,2.2666666666666666,0.125,0.06666666666666667,5.5,4.0,3.625,3.466666666666667,11.125,11.133333333333333
2025-09-20,Wolves,Leeds,1,3,A,1,1,0,0,4,0,6,4,11,9,1,1.0625,1.0625,0.0,1.75,1.6875,0.0,0.0625,2.875,3.4375,3.5,3.625,12.4375,10.9375
2025-09-20,Man United,Chelsea,2,1,H,0,5,1,1,5,5,4,1,13,14,1,1.9375,1.875,0.0625,1.625,2.5,0.125,0.25,5.1875,5.4375,6.875,5.0,10.625,11.1875
2025-09-20,Fulham,Brentford,3,1,H,4,1,0,0,2,10,3,3,11,13,1,1.6875,1.25,0.4375,1.75,2.0,0.0,0.0,5.375,5.4375,3.875,3.8125,10.3125,10.9375
2025-09-21,Bournemouth,Newcastle,0,0,D,2,1,0,0,5,2,2,1,7,10,0,1.4375,1.0,0.4375,2.125,1.875,0.0,0.0,5.5,5.8125,4.5,3.75,11.6875,9.5625
2025-09-21,Sunderland,Aston Villa,1,1,D,2,1,1,0,6,5,4,2,14,8,1,1.4375,1.25,0.1875,2.0,1.875,0.0625,0.0,3.75,4.8125,3.4375,4.0625,9.75,10.3125
2025-09-21,Arsenal,Man City,1,1,D,1,2,0,0,11,2,3,3,11,10,1,2.25,1.6875,0.5625,0.875,2.1875,0.0,0.0,6.1875,5.3125,4.9375,4.4375,10.1875,9.75
2025-09-27,Brentford,Man United,3,1,H,2,2,0,0,4,2,8,6,14,10,1,1.75,1.625,0.125,1.625,1.4375,0.0,0.0625,3.9375,4.375,4.0625,4.8125,10.0,9.9375
2025-09-27,Chelsea,Brighton,1,3,A,3,5,1,0,5,7,3,3,9,16,1,1.4375,1.1875,0.25,2.125,3.0,0.1875,0.0,6.875,4.25,4.25,4.1875,10.6875,12.8125
2025-09-27,Crystal Palace,Liverpool,2,1,H,1,3,0,0,2,6,7,4,10,8,1,1.0,1.4375,-0.4375,1.75,2.0,0.0625,0.0,4.4375,6.0,3.875,3.8125,10.6875,10.1875
2025-09-27,Leeds,Bournemouth,2,2,D,2,2,0,0,7,4,8,5,12,13,1,1.375,1.5625,-0.1875,1.5,2.5,0.0,0.0625,5.5625,5.625,4.25,5.0,10.125,12.375
2025-09-27,Man City,Burnley,5,1,H,1,3,0,0,10,2,8,2,5,7,1,2.4,1.125,1.275,1.4666666666666666,2.0,0.0,0.125,6.666666666666667,3.75,6.266666666666667,3.0625,10.4,10.3125
2025-09-27,Nott'm Forest,Sunderland,0,1,A,4,2,0,0,7,4,6,3,11,6,0,0.875,0.625,0.25,1.3125,2.25,0.0,0.0625,6.375,3.375,3.8125,3.0625,10.0625,11.25
2025-09-27,Tottenham,Wolves,1,1,D,3,2,0,0,10,9,3,3,9,11,1,1.125,0.4375,0.6875,2.75,2.5625,0.125,0.1875,5.625,3.5,3.875,3.0,12.4375,13.5625
2025-09-28,Aston Villa,Fulham,3,1,H,1,4,0,0,2,8,4,4,10,13,1,1.4375,1.0,0.4375,1.1875,2.3125,0.0625,0.0,5.75,4.375,4.6875,3.5,9.6875,11.0625
2025-09-28,Newcastle,Arsenal,1,2,A,2,1,0,0,7,12,3,7,8,9,1,1.8125,1.625,0.1875,1.4375,1.6875,0.125,0.0,7.25,5.75,5.5625,4.8125,11.0625,10.3125
2025-09-29,Everton,West Ham,1,1,D,3,4,0,0,3,5,6,3,7,16,1,1.3125,1.125,0.1875,1.625,1.875,0.1875,0.0625,5.3125,4.5625,4.25,3.3125,10.125,10.875
2025-10-03,Bournemouth,Fulham,3,1,H,0,1,0,0,4,3,6,4,8,10,1,1.4375,1.0,0.4375,2.125,2.3125,0.0,0.0,5.5,4.375,4.5,3.5,11.6875,11.0625
2025-10-04,Leeds,Tottenham,1,2,A,2,3,0,0,4,1,4,3,10,12,1,1.375,1.375,0.0,1.5,2.125,0.0,0.0625,5.5625,4.8125,4.25,3.9375,10.125,11.1875
2025-10-04,Arsenal,West Ham,2,0,H,0,2,0,0,8,3,5,0,14,14,0,2.25,1.125,1.125,0.875,1.875,0.0,0.0625,6.1875,4.5625,4.9375,3.3125,10.1875,10.875
2025-10-04,Man United,Sunderland,2,0,H,1,4,0,0,2,3,6,3,10,12,0,1.9375,0.625,1.3125,1.625,2.25,0.125,0.0625,5.1875,3.375,6.875,3.0625,10.625,11.25
2025-10-04,Chelsea,Liverpool,2,1,H,0,2,0,0,7,2,6,2,9,8,1,1.4375,1.4375,0.0,2.125,2.0,0.1875,0.0,6.875,6.0,4.25,3.8125,10.6875,10.1875
2025-10-05,Aston Villa,Burnley,2,1,H,3,1,0,0,6,4,7,2,9,15,1,1.4375,1.125,0.3125,1.1875,2.0,0.0625,0.125,5.75,3.75,4.6875,3.0625,9.6875,10.3125
2025-10-05,Everton,Crystal Palace,2,1,H,2,3,0,0,2,4,7,8,13,16,1,1.3125,1.2666666666666666,0.04583333333333339,1.625,2.2666666666666666,0.1875,0.06666666666666667,5.3125,4.0,4.25,3.466666666666667,10.125,11.133333333333333
2025-10-05,Newcastle,Nott'm Forest,2,0,H,0,4,0,0,8,1,9,4,16,15,0,1.8125,1.125,0.6875,1.4375,1.8125,0.125,0.0,7.25,4.5,5.5625,4.125,11.0625,11.3125
2025-10-05,Wolves,Brighton,1,1,D,2,4,0,0,2,8,3,6,13,9,1,1.0625,1.1875,-0.125,1.75,3.0,0.0,0.0,2.875,4.25,3.5,4.1875,12.4375,12.8125
2025-10-05,Brentford,Man City,0,1,A,3,2,0,0,3,2,1,4,10,6,0,1.75,1.6875,0.0625,1.625,2.1875,0.0,0.0,3.9375,5.3125,4.0625,4.4375,10.0,9.75
2025-10-18,Nott'm Forest,Chelsea,0,3,A,2,2,0,1,5,2,2,6,13,16,0,0.875,1.875,-1.0,1.3125,2.5,0.0,0.25,6.375,5.4375,3.8125,5.0,10.0625,11.1875
2025-10-18,Brighton,Newcastle,2,1,H,0,1,0,0,8,4,5,3,9,9,1,1.5,1.0,0.5,2.0,1.875,0.0,0.0,5.0625,5.8125,4.8125,3.75,11.25,9.5625
2025-10-18,Burnley,Leeds,2,0,H,2,1,0,0,1,5,3,4,10,7,0,0.9375,1.0625,-0.125,1.3125,1.6875,0.0,0.0625,3.6875,3.4375,3.0,3.625,9.5,10.9375
2025-10-18,Crystal Palace,Bournemouth,3,3,D,1,4,0,0,6,5,7,5,8,16,1,1.0,1.5625,-0.5625,1.75,2.5,0.0625,0.0625,4.4375,5.625,3.875,5.0,10.6875,12.375
2025-10-18,Man City,Everton,2,0,H,0,2,0,0,11,3,7,1,8,14,0,2.4,1.125,1.275,1.4666666666666666,1.8125,0.0,0.0625,6.666666666666667,3.3125,6.266666666666667,3.125,10.4,10.625
2025-10-18,Sunderland,Wolves,2,0,H,0,0,0,0,3,2,2,3,5,12,0,1.4375,0.4375,1.0,2.0,2.5625,0.0625,0.1875,3.75,3.5,3.4375,3.0,9.75,13.5625
2025-10-18,Fulham,Arsenal,0,1,A,0,0,0,0,6,10,0,5,11,4,0,1.6875,1.625,0.0625,1.75,1.6875,0.0,0.0,5.375,5.75,3.875,4.8125,10.3125,10.3125
2025-10-19,Tottenham,Aston Villa,1,2,A,2,0,0,0,6,6,3,2,11,7,1,1.125,1.25,-0.125,2.75,1.875,0.125,0.0,5.625,4.8125,3.875,4.0625,12.4375,10.3125
2025-10-19,Liverpool,Man United,1,2,A,0,2,0,0,9,4,6,4,8,14,1,1.8125,1.625,0.1875,1.0625,1.4375,0.0625,0.0625,5.9375,4.375,5.25,4.8125,9.5,9.9375
2025-10-20,West Ham,Brentford,0,2,A,1,1,0,0,6,10,1,7,10,10,0,1.375,1.25,0.125,1.5,2.0,0.125,0.0,5.5,5.4375,3.625,3.8125,11.125,10.9375
2025-10-24,Leeds,West Ham,2,1,H,3,3,0,0,3,4,5,3,12,11,1,1.375,1.125,0.25,1.5,1.875,0.0,0.0625,5.5625,4.5625,4.25,3.3125,10.125,10.875
2025-10-25,Chelsea,Sunderland,1,2,A,1,1,0,0,9,1,7,4,15,13,1,1.4375,0.625,0.8125,2.125,2.25,0.1875,0.0625,6.875,3.375,4.25,3.0625,10.6875,11.25
2025-10-25,Newcastle,Fulham,2,1,H,0,2,0,0,4,3,7,5,11,18,1,1.8125,1.0,0.8125,1.4375,2.3125,0.125,0.0,7.25,4.375,5.5625,3.5,11.0625,11.0625
2025-10-25,Man United,Brighton,4,2,H,2,2,0,0,1,6,9,5,4,13,1,1.9375,1.1875,0.75,1.625,3.0,0.125,0.0,5.1875,4.25,6.875,4.1875,10.625,12.8125
2025-10-25,Brentford,Liverpool,3,2,H,3,2,0,0,5,4,8,5,7,10,1,1.75,1.4375,0.3125,1.625,2.0,0.0,0.0,3.9375,6.0,4.0625,3.8125,10.0,10.1875
2025-10-26,Arsenal,Crystal Palace,1,0,H,0,0,0,0,4,3,3,1,6,11,0,2.25,1.2666666666666666,0.9833333333333334,0.875,2.2666666666666666,0.0,0.06666666666666667,6.1875,4.0,4.9375,3.466666666666667,10.1875,11.133333333333333
2025-10-26,Aston Villa,Man City,1,0,H,1,4,0,0,5,6,3,4,8,16,0,1.4375,1.6875,-0.25,1.1875,2.1875,0.0625,0.0,5.75,5.3125,4.6875,4.4375,9.6875,9.75
2025-10-26,Bournemouth,Nott'm Forest,2,0,H,3,1,0,0,6,4,5,4,17,7,0,1.4375,1.125,0.3125,2.125,1.8125,0.0,0.0,5.5,4.5,4.5,4.125,11.6875,11.3125
2025-10-26,Wolves,Burnley,2,3,A,1,0,0,0,5,3,7,7,12,7,1,1.0625,1.125,-0.0625,1.75,2.0,0.0,0.125,2.875,3.75,3.5,3.0625,12.4375,10.3125
2025-10-26,Everton,Tottenham,0,3,A,2,0,0,0,9,8,2,4,9,8,0,1.3125,1.375,-0.0625,1.625,2.125,0.1875,0.0625,5.3125,4.8125,4.25,3.9375,10.125,11.1875
2025-11-01,Brighton,Leeds,3,0,H,0,1,0,0,4,7,7,2,10,7,0,1.5,1.0625,0.4375,2.0,1.6875,0.0,0.0625,5.0625,3.4375,4.8125,3.625,11.25,10.9375
2025-11-01,Burnley,Arsenal,0,2,A,2,1,0,0,1,6,0,8,10,13,0,0.9375,1.625,-0.6875,1.3125,1.6875,0.0,0.0,3.6875,5.75,3.0,4.8125,9.5,10.3125
2025-11-01,Crystal Palace,Brentford,2,0,H,0,3,0,0,6,5,2,2,7,11,0,1.0,1.25,-0.25,1.75,2.0,0.0625,0.0,4.4375,5.4375,3.875,3.8125,10.6875,10.9375
2025-11-01,Fulham,Wolves,3,0,H,1,3,0,1,10,1,6,2,13,14,0,1.6875,0.4375,1.25,1.75,2.5625,0.0,0.1875,5.375,3.5,3.875,3.0,10.3125,13.5625
2025-11-01,Nott'm Forest,Man United,2,2,D,1,1,0,0,8,5,3,7,10,7,1,0.875,1.625,-0.75,1.3125,1.4375,0.0,0.0625,6.375,4.375,3.8125,4.8125,10.0625,9.9375
2025-11-01,Tottenham,Chelsea,0,1,A,4,2,0,0,6,5,1,9,14,12,0,1.125,1.875,-0.75,2.75,2.5,0.125,0.25,5.625,5.4375,3.875,5.0,12.4375,11.1875
2025-11-01,Liverpool,Aston Villa,2,0,H,2,3,0,0,1,4,4,3,13,11,0,1.8125,1.25,0.5625,1.0625,1.875,0.0625,0.0,5.9375,4.8125,5.25,4.0625,9.5,10.3125
2025-11-02,West Ham,Newcastle,3,1,H,1,2,0,0,7,6,9,4,5,10,1,1.375,1.0,0.375,1.5,1.875,0.125,0.0,5.5,5.8125,3.625,3.75,11.125,9.5625
2025-11-02,Man City,Bournemouth,3,1,H,2,2,0,0,10,4,8,5,8,11,1,2.4,1.5625,0.8374999999999999,1.4666666666666666,2.5,0.0,0.0625,6.666666666666667,5.625,6.266666666666667,5.0,10.4,12.375
2025-11-03,Sunderland,Everton,1,1,D,3,2,0,0,4,1,3,2,10,12,1,1.4375,1.125,0.3125,2.0,1.8125,0.0625,0.0625,3.75,3.3125,3.4375,3.125,9.75,10.625
2025-11-08,Tottenham,Man United,2,2,D,5,1,0,0,5,3,4,2,10,8,1,1.125,1.625,-0.5,2.75,1.4375,0.125,0.0625,5.625,4.375,3.875,4.8125,12.4375,9.9375
2025-11-08,Everton,Fulham,2,0,H,2,2,0,0,7,5,5,4,11,14,0,1.3125,1.0,0.3125,1.625,2.3125,0.1875,0.0,5.3125,4.375,4.25,3.5,10.125,11.0625
2025-11-08,West Ham,Burnley,3,2,H,2,2,0,0,7,4,6,7,15,13,1,1.375,1.125,0.25,1.5,2.0,0.125,0.125,5.5,3.75,3.625,3.0625,11.125,10.3125
2025-11-08,Sunderland,Arsenal,2,2,D,2,1,0,0,2,2,2,7,13,13,1,1.4375,1.625,-0.1875,2.0,1.6875,0.0625,0.0,3.75,5.75,3.4375,4.8125,9.75,10.3125
2025-11-08,Chelsea,Wolves,3,0,H,1,2,0,0,10,1,8,0,12,14,0,1.4375,0.4375,1.0,2.125,2.5625,0.1875,0.1875,6.875,3.5,4.25,3.0,10.6875,13.5625
2025-11-09,Aston Villa,Bournemouth,4,0,H,2,2,0,0,6,9,8,4,8,20,0,1.4375,1.5625,-0.125,1.1875,2.5,0.0625,0.0625,5.75,5.625,4.6875,5.0,9.6875,12.375
2025-11-09,Brentford,Newcastle,3,1,H,2,1,0,0,6,2,7,1,10,13,1,1.75,1.0,0.75,1.625,1.875,0.0,0.0,3.9375,5.8125,4.0625,3.75,10.0,9.5625
2025-11-09,Crystal Palace,Brighton,0,0,D,1,4,0,0,4,8,2,3,10,12,0,1.0,1.1875,-0.1875,1.75,3.0,0.0625,0.0,4.4375,4.25,3.875,4.1875,10.6875,12.8125
2025-11-09,Nott'm Forest,Leeds,3,1,H,2,1,0,0,6,4,6,3,10,11,1,0.875,1.0625,-0.1875,1.3125,1.6875,0.0,0.0625,6.375,3.4375,3.8125,3.625,10.0625,10.9375
2025-11-09,Man City,Liverpool,3,0,H,2,4,0,0,7,7,6,1,14,15,0,2.4,1.4375,0.9624999999999999,1.4666666666666666,2.0,0.0,0.0,6.666666666666667,6.0,6.266666666666667,3.8125,10.4,10.1875
2025-11-22,Burnley,Chelsea,0,2,A,2,3,0,0,1,9,2,5,13,8,0,0.9375,1.875,-0.9375,1.3125,2.5,0.0,0.25,3.6875,5.4375,3.0,5.0,9.5,11.1875
2025-11-22,Bournemouth,West Ham,2,2,D,3,2,0,0,9,2,10,2,9,10,1,1.4375,1.125,0.3125,2.125,1.875,0.0,0.0625,5.5,4.5625,4.5,3.3125,11.6875,10.875
2025-11-22,Brighton,Brentford,2,1,H,4,2,0,0,7,4,5,4,10,9,1,1.5,1.25,0.25,2.0,2.0,0.0,0.0,5.0625,5.4375,4.8125,3.8125,11.25,10.9375
2025-11-22,Fulham,Sunderland,1,0,H,3,3,0,0,7,4,6,2,5,13,0,1.6875,0.625,1.0625,1.75,2.25,0.0,0.0625,5.375,3.375,3.875,3.0625,10.3125,11.25
2025-11-22,Liverpool,Nott'm Forest,0,3,A,2,0,0,0,8,6,4,7,11,8,0,1.8125,1.125,0.6875,1.0625,1.8125,0.0625,0.0,5.9375,4.5,5.25,4.125,9.5,11.3125
2025-11-22,Wolves,Crystal Palace,0,2,A,2,3,0,0,1,4,1,4,13,9,0,1.0625,1.2666666666666666,-0.2041666666666666,1.75,2.2666666666666666,0.0,0.06666666666666667,2.875,4.0,3.5,3.466666666666667,12.4375,11.133333333333333
2025-11-22,Newcastle,Man City,2,1,H,1,3,0,0,5,9,5,4,13,8,1,1.8125,1.6875,0.125,1.4375,2.1875,0.125,0.0,7.25,5.3125,5.5625,4.4375,11.0625,9.75
2025-11-23,Leeds,Aston Villa,1,2,A,5,1,0,0,3,3,5,3,18,16,1,1.375,1.25,0.125,1.5,1.875,0.0,0.0,5.5625,4.8125,4.25,4.0625,10.125,10.3125
2025-11-23,Arsenal,Tottenham,4,1,H,1,3,0,0,4,1,8,2,11,15,1,2.25,1.375,0.875,0.875,2.125,0.0,0.0625,6.1875,4.8125,4.9375,3.9375,10.1875,11.1875
2025-11-24,Man United,Everton,0,1,A,2,0,0,1,9,1,6,1,12,9,0,1.9375,1.125,0.8125,1.625,1.8125,0.125,0.0625,5.1875,3.3125,6.875,3.125,10.625,10.625
2025-11-29,Brentford,Burnley,3,1,H,0,2,0,0,5,6,4,2,7,7,1,1.75,1.125,0.625,1.625,2.0,0.0,0.125,3.9375,3.75,4.0625,3.0625,10.0,10.3125
2025-11-29,Man City,Leeds,3,2,H,4,1,0,0,8,1,9,4,17,11,1,2.4,1.0625,1.3375,1.4666666666666666,1.6875,0.0,0.0625,6.666666666666667,3.4375,6.266666666666667,3.625,10.4,10.9375
2025-11-29,Sunderland,Bournemouth,3,2,H,5,5,0,1,6,3,6,6,14,13,1,1.4375,1.5625,-0.125,2.0,2.5,0.0625,0.0625,3.75,5.625,3.4375,5.0,9.75,12.375
2025-11-29,Everton,Newcastle,1,4,A,0,0,0,0,8,7,2,8,4,6,1,1.3125,1.0,0.3125,1.625,1.875,0.1875,0.0,5.3125,5.8125,4.25,3.75,10.125,9.5625
2025-11-29,Tottenham,Fulham,1,2,A,3,2,0,0,8,2,2,3,11,7,1,1.125,1.0,0.125,2.75,2.3125,0.125,0.0,5.625,4.375,3.875,3.5,12.4375,11.0625
2025-11-30,Crystal Palace,Man United,1,2,A,3,2,0,0,4,4,3,6,14,14,1,1.0,1.625,-0.625,1.75,1.4375,0.0625,0.0625,4.4375,4.375,3.875,4.8125,10.6875,9.9375
2025-11-30,Aston Villa,Wolves,1,0,H,0,4,0,0,7,3,6,4,13,21,0,1.4375,0.4375,1.0,1.1875,2.5625,0.0625,0.1875,5.75,3.5,4.6875,3.0,9.6875,13.5625
2025-11-30,Nott'm Forest,Brighton,0,2,A,0,1,0,0,9,2,3,6,11,10,0,0.875,1.1875,-0.3125,1.3125,3.0,0.0,0.0,6.375,4.25,3.8125,4.1875,10.0625,12.8125
2025-11-30,West Ham,Liverpool,0,2,A,1,0,1,0,7,2,0,5,12,14,0,1.375,1.4375,-0.0625,1.5,2.0,0.125,0.0,5.5,6.0,3.625,3.8125,11.125,10.1875
2025-11-30,Chelsea,Arsenal,1,1,D,1,6,1,0,3,3,4,4,12,13,1,1.4375,1.625,-0.1875,2.125,1.6875,0.1875,0.0,6.875,5.75,4.25,4.8125,10.6875,10.3125
2025-12-02,Bournemouth,Everton,0,1,A,3,3,0,0,1,6,2,3,14,14,0,1.4375,1.125,0.3125,2.125,1.8125,0.0,0.0625,5.5,3.3125,4.5,3.125,11.6875,10.625
2025-12-02,Fulham,Man City,4,5,A,0,1,0,0,7,2,6,4,9,7,1,1.6875,1.6875,0.0,1.75,2.1875,0.0,0.0,5.375,5.3125,3.875,4.4375,10.3125,9.75
2025-12-02,Newcastle,Tottenham,2,2,D,0,3,0,0,11,8,7,2,5,12,1,1.8125,1.375,0.4375,1.4375,2.125,0.125,0.0625,7.25,4.8125,5.5625,3.9375,11.0625,11.1875
2025-12-03,Arsenal,Brentford,2,0,H,0,1,0,0,4,8,7,1,7,9,0,2.25,1.25,1.0,0.875,2.0,0.0,0.0,6.1875,5.4375,4.9375,3.8125,10.1875,10.9375
2025-12-03,Brighton,Aston Villa,3,4,A,2,2,0,0,5,6,7,10,10,9,1,1.5,1.25,0.25,2.0,1.875,0.0,0.0,5.0625,4.8125,4.8125,4.0625,11.25,10.3125
2025-12-03,Burnley,Crystal Palace,0,1,A,0,0,0,0,3,4,4,3,9,8,0,0.9375,1.2666666666666666,-0.3291666666666666,1.3125,2.2666666666666666,0.0,0.06666666666666667,3.6875,4.0,3.0,3.466666666666667,9.5,11.133333333333333
2025-12-03,Wolves,Nott'm Forest,0,1,A,2,2,0,0,3,9,1,3,19,11,0,1.0625,1.125,-0.0625,1.75,1.8125,0.0,0.0,2.875,4.5,3.5,4.125,12.4375,11.3125
2025-12-03,Leeds,Chelsea,3,1,H,1,1,0,0,4,2,5,2,10,13,1,1.375,1.875,-0.5,1.5,2.5,0.0,0.25,5.5625,5.4375,4.25,5.0,10.125,11.1875
2025-12-03,Liverpool,Sunderland,1,1,D,1,1,0,0,7,3,4,6,10,5,1,1.8125,0.625,1.1875,1.0625,2.25,0.0625,0.0625,5.9375,3.375,5.25,3.0625,9.5,11.25
2025-12-04,Man United,West Ham,1,1,D,2,2,0,0,6,6,4,3,13,9,1,1.9375,1.125,0.8125,1.625,1.875,0.125,0.0625,5.1875,4.5625,6.875,3.3125,10.625,10.875
2025-12-06,Aston Villa,Arsenal,2,1,H,0,2,0,0,3,3,6,9,10,8,1,1.4375,1.625,-0.1875,1.1875,1.6875,0.0625,0.0,5.75,5.75,4.6875,4.8125,9.6875,10.3125
2025-12-06,Bournemouth,Chelsea,0,0,D,0,2,0,0,5,0,5,4,15,13,0,1.4375,1.875,-0.4375,2.125,2.5,0.0,0.25,5.5,5.4375,4.5,5.0,11.6875,11.1875
2025-12-06,Everton,Nott'm Forest,3,0,H,4,3,0,0,6,3,5,3,17,15,0,1.3125,1.125,0.1875,1.625,1.8125,0.1875,0.0,5.3125,4.5,4.25,4.125,10.125,11.3125
2025-12-06,Man City,Sunderland,3,0,H,1,0,0,1,6,5,6,1,9,10,0,2.4,0.625,1.775,1.4666666666666666,2.25,0.0,0.0625,6.666666666666667,3.375,6.266666666666667,3.0625,10.4,11.25
2025-12-06,Newcastle,Burnley,2,1,H,2,2,0,1,9,9,7,3,9,11,1,1.8125,1.125,0.6875,1.4375,2.0,0.125,0.125,7.25,3.75,5.5625,3.0625,11.0625,10.3125
2025-12-06,Tottenham,Brentford,2,0,H,3,4,0,0,7,6,7,1,8,9,0,1.125,1.25,-0.125,2.75,2.0,0.125,0.0,5.625,5.4375,3.875,3.8125,12.4375,10.9375
2025-12-06,Leeds,Liverpool,3,3,D,3,3,0,0,5,4,5,7,14,14,1,1.375,1.4375,-0.0625,1.5,2.0,0.0,0.0,5.5625,6.0,4.25,3.8125,10.125,10.1875
2025-12-07,Brighton,West Ham,1,1,D,2,2,0,0,10,6,4,5,12,8,1,1.5,1.125,0.375,2.0,1.875,0.0,0.0625,5.0625,4.5625,4.8125,3.3125,11.25,10.875
2025-12-07,Fulham,Crystal Palace,1,2,A,0,0,0,0,6,4,4,5,5,8,1,1.6875,1.2666666666666666,0.4208333333333334,1.75,2.2666666666666666,0.0,0.06666666666666667,5.375,4.0,3.875,3.466666666666667,10.3125,11.133333333333333
2025-12-08,Wolves,Man United,1,4,A,3,2,0,0,1,9,2,10,17,12,1,1.0625,1.625,-0.5625,1.75,1.4375,0.0,0.0625,2.875,4.375,3.5,4.8125,12.4375,9.9375
2025-12-13,Chelsea,Everton,2,0,H,1,0,0,0,4,7,5,2,13,11,0,1.4375,1.125,0.3125,2.125,1.8125,0.1875,0.0625,6.875,3.3125,4.25,3.125,10.6875,10.625
2025-12-13,Liverpool,Brighton,2,0,H,1,2,0,0,2,2,4,1,8,15,0,1.8125,1.1875,0.625,1.0625,3.0,0.0625,0.0,5.9375,4.25,5.25,4.1875,9.5,12.8125
2025-12-13,Burnley,Fulham,2,3,A,1,2,0,0,10,4,8,4,8,8,1,0.9375,1.0,-0.0625,1.3125,2.3125,0.0,0.0,3.6875,4.375,3.0,3.5,9.5,11.0625
2025-12-13,Arsenal,Wolves,2,1,H,0,4,0,0,8,0,2,2,7,15,1,2.25,0.4375,1.8125,0.875,2.5625,0.0,0.1875,6.1875,3.5,4.9375,3.0,10.1875,13.5625
2025-12-14,Crystal Palace,Man City,0,3,A,2,0,0,0,2,2,4,6,9,6,0,1.0,1.6875,-0.6875,1.75,2.1875,0.0625,0.0,4.4375,5.3125,3.875,4.4375,10.6875,9.75
2025-12-14,Nott'm Forest,Tottenham,3,0,H,1,3,0,0,3,3,6,1,9,13,0,0.875,1.375,-0.5,1.3125,2.125,0.0,0.0625,6.375,4.8125,3.8125,3.9375,10.0625,11.1875
2025-12-14,Sunderland,Newcastle,1,0,H,5,4,0,0,3,6,1,2,10,10,0,1.4375,1.0,0.4375,2.0,1.875,0.0625,0.0,3.75,5.8125,3.4375,3.75,9.75,9.5625
2025-12-14,West Ham,Aston Villa,2,3,A,1,2,0,0,5,3,3,4,18,13,1,1.375,1.25,0.125,1.5,1.875,0.125,0.0,5.5,4.8125,3.625,4.0625,11.125,10.3125
2025-12-14,Brentford,Leeds,1,1,D,0,0,0,0,0,3,2,4,8,9,1,1.75,1.0625,0.6875,1.625,1.6875,0.0,0.0625,3.9375,3.4375,4.0625,3.625,10.0,10.9375
2025-12-15,Man United,Bournemouth,4,4,D,2,3,0,0,5,4,9,9,15,12,1,1.9375,1.5625,0.375,1.625,2.5,0.125,0.0625,5.1875,5.625,6.875,5.0,10.625,12.375
2025-12-20,Newcastle,Chelsea,2,2,D,3,6,0,0,6,4,5,4,13,14,1,1.8125,1.875,-0.0625,1.4375,2.5,0.125,0.25,7.25,5.4375,5.5625,5.0,11.0625,11.1875
2025-12-20,Bournemouth,Burnley,1,1,D,1,1,0,0,5,3,1,1,11,11,1,1.4375,1.125,0.3125,2.125,2.0,0.0,0.125,5.5,3.75,4.5,3.0625,11.6875,10.3125
2025-12-20,Brighton,Sunderland,0,0,D,2,2,0,0,3,4,4,6,11,15,0,1.5,0.625,0.875,2.0,2.25,0.0,0.0625,5.0625,3.375,4.8125,3.0625,11.25,11.25
2025-12-20,Man City,West Ham,3,0,H,1,1,0,0,6,0,8,3,16,10,0,2.4,1.125,1.275,1.4666666666666666,1.875,0.0,0.0625,6.666666666666667,4.5625,6.266666666666667,3.3125,10.4,10.875
2025-12-20,Wolves,Brentford,0,2,A,2,4,0,0,3,4,2,6,12,15,0,1.0625,1.25,-0.1875,1.75,2.0,0.0,0.0,2.875,5.4375,3.5,3.8125,12.4375,10.9375
2025-12-20,Tottenham,Liverpool,1,2,A,3,3,2,0,2,6,4,4,9,7,1,1.125,1.4375,-0.3125,2.75,2.0,0.125,0.0,5.625,6.0,3.875,3.8125,12.4375,10.1875
2025-12-20,Everton,Arsenal,0,1,A,2,2,0,0,2,3,1,2,4,5,0,1.3125,1.625,-0.3125,1.625,1.6875,0.1875,0.0,5.3125,5.75,4.25,4.8125,10.125,10.3125
2025-12-20,Leeds,Crystal Palace,4,1,H,1,3,0,0,9,5,8,3,5,10,1,1.375,1.2666666666666666,0.10833333333333339,1.5,2.2666666666666666,0.0,0.06666666666666667,5.5625,4.0,4.25,3.466666666666667,10.125,11.133333333333333
2025-12-21,Aston Villa,Man United,2,1,H,1,2,0,0,5,5,4,6,11,14,1,1.4375,1.625,-0.1875,1.1875,1.4375,0.0625,0.0625,5.75,4.375,4.6875,4.8125,9.6875,9.9375
2025-12-22,Fulham,Nott'm Forest,1,0,H,5,4,0,0,1,5,1,2,5,9,0,1.6875,1.125,0.5625,1.75,1.8125,0.0,0.0,5.375,4.5,3.875,4.125,10.3125,11.3125
2025-12-26,Man United,Newcastle,1,0,H,2,1,0,0,2,11,4,3,9,5,0,1.9375,1.0,0.9375,1.625,1.875,0.125,0.0,5.1875,5.8125,6.875,3.75,10.625,9.5625
2025-12-27,Nott'm Forest,Man City,1,2,A,1,2,0,0,5,5,2,5,5,13,1,0.875,1.6875,-0.8125,1.3125,2.1875,0.0,0.0,6.375,5.3125,3.8125,4.4375,10.0625,9.75
2025-12-27,Arsenal,Brighton,2,1,H,2,3,0,0,7,2,6,3,7,13,1,2.25,1.1875,1.0625,0.875,3.0,0.0,0.0,6.1875,4.25,4.9375,4.1875,10.1875,12.8125
2025-12-27,Brentford,Bournemouth,4,1,H,2,2,0,0,2,15,7,10,9,8,1,1.75,1.5625,0.1875,1.625,2.5,0.0,0.0625,3.9375,5.625,4.0625,5.0,10.0,12.375
2025-12-27,Burnley,Everton,0,0,D,0,2,0,0,6,5,0,6,8,8,0,0.9375,1.125,-0.1875,1.3125,1.8125,0.0,0.0625,3.6875,3.3125,3.0,3.125,9.5,10.625
2025-12-27,Liverpool,Wolves,2,1,H,0,1,0,0,6,4,4,4,5,13,1,1.8125,0.4375,1.375,1.0625,2.5625,0.0625,0.1875,5.9375,3.5,5.25,3.0,9.5,13.5625
2025-12-27,West Ham,Fulham,0,1,A,1,3,0,0,5,4,2,4,8,8,0,1.375,1.0,0.375,1.5,2.3125,0.125,0.0,5.5,4.375,3.625,3.5,11.125,11.0625
2025-12-27,Chelsea,Aston Villa,1,2,A,5,3,0,0,6,7,3,8,16,8,1,1.4375,1.25,0.1875,2.125,1.875,0.1875,0.0,6.875,4.8125,4.25,4.0625,10.6875,10.3125
2025-12-28,Sunderland,Leeds,1,1,D,1,0,0,0,3,9,3,6,7,9,1,1.4375,1.0625,0.375,2.0,1.6875,0.0625,0.0625,3.75,3.4375,3.4375,3.625,9.75,10.9375
2025-12-28,Crystal Palace,Tottenham,0,1,A,3,2,0,0,3,2,2,4,7,5,0,1.0,1.375,-0.375,1.75,2.125,0.0625,0.0625,4.4375,4.8125,3.875,3.9375,10.6875,11.1875
2025-12-30,Burnley,Newcastle,1,3,A,2,1,0,0,3,4,4,9,9,3,1,0.9375,1.0,-0.0625,1.3125,1.875,0.0,0.0,3.6875,5.8125,3.0,3.75,9.5,9.5625
2025-12-30,Chelsea,Bournemouth,2,2,D,1,1,0,0,12,3,3,6,5,12,1,1.4375,1.5625,-0.125,2.125,2.5,0.1875,0.0625,6.875,5.625,4.25,5.0,10.6875,12.375
2025-12-30,Nott'm Forest,Everton,0,2,A,1,0,0,0,9,2,6,3,11,9,0,0.875,1.125,-0.25,1.3125,1.8125,0.0,0.0625,6.375,3.3125,3.8125,3.125,10.0625,10.625
2025-12-30,West Ham,Brighton,2,2,D,3,5,0,0,5,5,4,6,11,18,1,1.375,1.1875,0.1875,1.5,3.0,0.125,0.0,5.5,4.25,3.625,4.1875,11.125,12.8125
2025-12-30,Arsenal,Aston Villa,4,1,H,2,3,0,0,3,3,7,3,18,9,1,2.25,1.25,1.0,0.875,1.875,0.0,0.0,6.1875,4.8125,4.9375,4.0625,10.1875,10.3125
2025-12-30,Man United,Wolves,1,1,D,0,2,0,0,8,4,6,4,9,12,1,1.9375,0.4375,1.5,1.625,2.5625,0.125,0.1875,5.1875,3.5,6.875,3.0,10.625,13.5625
2026-01-01,Crystal Palace,Fulham,1,1,D,0,5,0,0,6,3,2,5,7,10,1,1.0,1.0,0.0,1.75,2.3125,0.0625,0.0,4.4375,4.375,3.875,3.5,10.6875,11.0625
2026-01-01,Liverpool,Leeds,0,0,D,0,2,0,0,8,3,4,2,10,8,0,1.8125,1.0625,0.75,1.0625,1.6875,0.0625,0.0625,5.9375,3.4375,5.25,3.625,9.5,10.9375
2026-01-01,Brentford,Tottenham,0,0,D,1,2,0,0,3,1,2,3,8,10,0,1.75,1.375,0.375,1.625,2.125,0.0,0.0625,3.9375,4.8125,4.0625,3.9375,10.0,11.1875
2026-01-01,Sunderland,Man City,0,0,D,1,1,0,0,3,5,4,4,9,6,0,1.4375,1.6875,-0.25,2.0,2.1875,0.0625,0.0,3.75,5.3125,3.4375,4.4375,9.75,9.75
2026-01-03,Aston Villa,Nott'm Forest,3,1,H,1,2,0,0,4,4,4,5,10,20,1,1.4375,1.125,0.3125,1.1875,1.8125,0.0625,0.0,5.75,4.5,4.6875,4.125,9.6875,11.3125
2026-01-03,Brighton,Burnley,2,0,H,0,4,0,0,4,4,4,3,7,17,0,1.5,1.125,0.375,2.0,2.0,0.0,0.125,5.0625,3.75,4.8125,3.0625,11.25,10.3125
2026-01-03,Wolves,West Ham,3,0,H,1,0,0,0,6,7,8,0,11,10,0,1.0625,1.125,-0.0625,1.75,1.875,0.0,0.0625,2.875,4.5625,3.5,3.3125,12.4375,10.875
2026-01-03,Bournemouth,Arsenal,2,3,A,3,1,0,0,7,5,3,5,13,8,1,1.4375,1.625,-0.1875,2.125,1.6875,0.0,0.0,5.5,5.75,4.5,4.8125,11.6875,10.3125
2026-01-04,Leeds,Man United,1,1,D,0,1,0,0,6,4,3,2,9,9,1,1.375,1.625,-0.25,1.5,1.4375,0.0,0.0625,5.5625,4.375,4.25,4.8125,10.125,9.9375
2026-01-04,Everton,Brentford,2,4,A,0,2,0,0,4,5,6,7,9,8,1,1.3125,1.25,0.0625,1.625,2.0,0.1875,0.0,5.3125,5.4375,4.25,3.8125,10.125,10.9375
2026-01-04,Newcastle,Crystal Palace,2,0,H,1,3,0,0,8,6,7,1,5,12,0,1.8125,1.2666666666666666,0.5458333333333334,1.4375,2.2666666666666666,0.125,0.06666666666666667,7.25,4.0,5.5625,3.466666666666667,11.0625,11.133333333333333
2026-01-04,Tottenham,Sunderland,1,1,D,2,3,0,0,3,5,5,3,10,6,1,1.125,0.625,0.5,2.75,2.25,0.125,0.0625,5.625,3.375,3.875,3.0625,12.4375,11.25
2026-01-04,Fulham,Liverpool,2,2,D,1,1,0,0,3,8,2,2,11,4,1,1.6875,1.4375,0.25,1.75,2.0,0.0,0.0,5.375,6.0,3.875,3.8125,10.3125,10.1875
2026-01-04,Man City,Chelsea,1,1,D,3,3,0,0,8,2,3,3,12,14,1,2.4,1.875,0.5249999999999999,1.4666666666666666,2.5,0.0,0.25,6.666666666666667,5.4375,6.266666666666667,5.0,10.4,11.1875
2026-01-06,West Ham,Nott'm Forest,1,2,A,3,0,0,0,6,5,3,5,15,9,1,1.375,1.125,0.25,1.5,1.8125,0.125,0.0,5.5,4.5,3.625,4.125,11.125,11.3125
2026-01-07,Bournemouth,Tottenham,3,2,H,3,3,0,0,3,7,3,4,19,10,1,1.4375,1.375,0.0625,2.125,2.125,0.0,0.0625,5.5,4.8125,4.5,3.9375,11.6875,11.1875
2026-01-07,Brentford,Sunderland,3,0,H,2,1,0,0,7,4,6,3,13,13,0,1.75,0.625,1.125,1.625,2.25,0.0,0.0625,3.9375,3.375,4.0625,3.0625,10.0,11.25
2026-01-07,Crystal Palace,Aston Villa,0,0,D,2,0,0,0,3,5,5,3,8,3,0,1.0,1.25,-0.25,1.75,1.875,0.0625,0.0,4.4375,4.8125,3.875,4.0625,10.6875,10.3125
2026-01-07,Everton,Wolves,1,1,D,1,3,2,0,2,7,2,4,13,15,1,1.3125,0.4375,0.875,1.625,2.5625,0.1875,0.1875,5.3125,3.5,4.25,3.0,10.125,13.5625
2026-01-07,Fulham,Chelsea,2,1,H,3,3,0,1,2,11,5,6,11,6,1,1.6875,1.875,-0.1875,1.75,2.5,0.0,0.25,5.375,5.4375,3.875,5.0,10.3125,11.1875
2026-01-07,Man City,Brighton,1,1,D,1,6,0,0,6,2,6,3,6,16,1,2.4,1.1875,1.2125,1.4666666666666666,3.0,0.0,0.0,6.666666666666667,4.25,6.266666666666667,4.1875,10.4,12.8125
2026-01-07,Burnley,Man United,2,2,D,2,0,0,0,2,6,1,10,9,8,1,0.9375,1.625,-0.6875,1.3125,1.4375,0.0,0.0625,3.6875,4.375,3.0,4.8125,9.5,9.9375
2026-01-07,Newcastle,Leeds,4,3,H,3,2,0,0,8,4,8,6,11,10,1,1.8125,1.0625,0.75,1.4375,1.6875,0.125,0.0625,7.25,3.4375,5.5625,3.625,11.0625,10.9375
2026-01-08,Arsenal,Liverpool,0,0,D,2,2,0,0,3,0,4,0,10,9,0,2.25,1.4375,0.8125,0.875,2.0,0.0,0.0,6.1875,6.0,4.9375,3.8125,10.1875,10.1875
2026-01-17,Man United,Man City,2,0,H,2,3,0,0,1,6,7,1,13,8,0,1.9375,1.6875,0.25,1.625,2.1875,0.125,0.0,5.1875,5.3125,6.875,4.4375,10.625,9.75
2026-01-17,Chelsea,Brentford,2,0,H,3,2,0,0,3,9,2,5,7,10,0,1.4375,1.25,0.1875,2.125,2.0,0.1875,0.0,6.875,5.4375,4.25,3.8125,10.6875,10.9375
2026-01-17,Leeds,Fulham,1,0,H,1,5,0,0,7,3,5,1,6,11,0,1.375,1.0,0.375,1.5,2.3125,0.0,0.0,5.5625,4.375,4.25,3.5,10.125,11.0625
2026-01-17,Liverpool,Burnley,1,1,D,1,2,0,0,9,1,11,1,8,10,1,1.8125,1.125,0.6875,1.0625,2.0,0.0625,0.125,5.9375,3.75,5.25,3.0625,9.5,10.3125
2026-01-17,Sunderland,Crystal Palace,2,1,H,3,3,0,0,3,4,7,2,8,15,1,1.4375,1.2666666666666666,0.1708333333333334,2.0,2.2666666666666666,0.0625,0.06666666666666667,3.75,4.0,3.4375,3.466666666666667,9.75,11.133333333333333
2026-01-17,Tottenham,West Ham,1,2,A,5,3,0,0,11,5,6,4,12,17,1,1.125,1.125,0.0,2.75,1.875,0.125,0.0625,5.625,4.5625,3.875,3.3125,12.4375,10.875
2026-01-17,Nott'm Forest,Arsenal,0,0,D,1,1,0,0,4,9,0,3,8,14,0,0.875,1.625,-0.75,1.3125,1.6875,0.0,0.0,6.375,5.75,3.8125,4.8125,10.0625,10.3125
2026-01-18,Wolves,Newcastle,0,0,D,2,2,0,0,4,7,2,2,14,8,0,1.0625,1.0,0.0625,1.75,1.875,0.0,0.0,2.875,5.8125,3.5,3.75,12.4375,9.5625
2026-01-18,Aston Villa,Everton,0,1,A,1,2,0,0,6,4,5,3,15,13,0,1.4375,1.125,0.3125,1.1875,1.8125,0.0625,0.0625,5.75,3.3125,4.6875,3.125,9.6875,10.625
2026-01-19,Brighton,Bournemouth,1,1,D,2,3,0,0,11,6,5,2,7,6,1,1.5,1.5625,-0.0625,2.0,2.5,0.0,0.0625,5.0625,5.625,4.8125,5.0,11.25,12.375
2026-01-24,West Ham,Sunderland,3,1,H,2,4,0,0,3,3,5,2,9,16,1,1.375,0.625,0.75,1.5,2.25,0.125,0.0625,5.5,3.375,3.625,3.0625,11.125,11.25
2026-01-24,Burnley,Tottenham,2,2,D,1,0,0,0,1,3,4,11,8,9,1,0.9375,1.375,-0.4375,1.3125,2.125,0.0,0.0625,3.6875,4.8125,3.0,3.9375,9.5,11.1875
2026-01-24,Fulham,Brighton,2,1,H,1,1,0,0,6,6,4,5,10,6,1,1.6875,1.1875,0.5,1.75,3.0,0.0,0.0,5.375,4.25,3.875,4.1875,10.3125,12.8125
2026-01-24,Man City,Wolves,2,0,H,1,3,0,0,4,6,4,1,16,14,0,2.4,0.4375,1.9625,1.4666666666666666,2.5625,0.0,0.1875,6.666666666666667,3.5,6.266666666666667,3.0,10.4,13.5625
2026-01-24,Bournemouth,Liverpool,3,2,H,1,1,0,0,3,11,5,4,7,7,1,1.4375,1.4375,0.0,2.125,2.0,0.0,0.0,5.5,6.0,4.5,3.8125,11.6875,10.1875
2026-01-25,Brentford,Nott'm Forest,0,2,A,1,0,0,0,6,5,1,2,11,10,0,1.75,1.125,0.625,1.625,1.8125,0.0,0.0,3.9375,4.5,4.0625,4.125,10.0,11.3125
2026-01-25,Crystal Palace,Chelsea,1,3,A,2,2,1,0,4,5,7,6,11,10,1,1.0,1.875,-0.875,1.75,2.5,0.0625,0.25,4.4375,5.4375,3.875,5.0,10.6875,11.1875
2026-01-25,Newcastle,Aston Villa,0,2,A,1,2,0,0,6,5,4,8,7,12,0,1.8125,1.25,0.5625,1.4375,1.875,0.125,0.0,7.25,4.8125,5.5625,4.0625,11.0625,10.3125
2026-01-25,Arsenal,Man United,2,3,A,2,0,0,0,9,2,4,3,11,9,1,2.25,1.625,0.625,0.875,1.4375,0.0,0.0625,6.1875,4.375,4.9375,4.8125,10.1875,9.9375
2026-01-26,Everton,Leeds,1,1,D,0,3,0,0,4,4,3,4,9,13,1,1.3125,1.0625,0.25,1.625,1.6875,0.1875,0.0625,5.3125,3.4375,4.25,3.625,10.125,10.9375
2026-01-31,Brighton,Everton,1,1,D,1,2,0,0,5,2,2,4,13,14,1,1.5,1.125,0.375,2.0,1.8125,0.0,0.0625,5.0625,3.3125,4.8125,3.125,11.25,10.625
2026-01-31,Leeds,Arsenal,0,4,A,1,1,0,0,4,12,1,8,10,7,0,1.375,1.625,-0.25,1.5,1.6875,0.0,0.0,5.5625,5.75,4.25,4.8125,10.125,10.3125
2026-01-31,Wolves,Bournemouth,0,2,A,3,3,0,0,5,6,7,4,11,15,0,1.0625,1.5625,-0.5,1.75,2.5,0.0,0.0625,2.875,5.625,3.5,5.0,12.4375,12.375
2026-01-31,Chelsea,West Ham,3,2,H,3,2,0,1,9,3,6,6,11,13,1,1.4375,1.125,0.3125,2.125,1.875,0.1875,0.0625,6.875,4.5625,4.25,3.3125,10.6875,10.875
2026-01-31,Liverpool,Newcastle,4,1,H,1,3,0,0,7,11,7,2,11,7,1,1.8125,1.0,0.8125,1.0625,1.875,0.0625,0.0,5.9375,5.8125,5.25,3.75,9.5,9.5625
2026-02-01,Aston Villa,Brentford,0,1,A,0,3,0,0,12,1,5,2,8,8,0,1.4375,1.25,0.1875,1.1875,2.0,0.0625,0.0,5.75,5.4375,4.6875,3.8125,9.6875,10.9375
2026-02-01,Man United,Fulham,3,2,H,2,1,0,0,3,7,6,6,6,9,1,1.9375,1.0,0.9375,1.625,2.3125,0.125,0.0,5.1875,4.375,6.875,3.5,10.625,11.0625
2026-02-01,Nott'm Forest,Crystal Palace,1,1,D,1,3,0,0,5,7,1,3,4,12,1,0.875,1.2666666666666666,-0.3916666666666666,1.3125,2.2666666666666666,0.0,0.06666666666666667,6.375,4.0,3.8125,3.466666666666667,10.0625,11.133333333333333
2026-02-01,Tottenham,Man City,2,2,D,3,3,0,0,3,4,6,3,15,12,1,1.125,1.6875,-0.5625,2.75,2.1875,0.125,0.0,5.625,5.3125,3.875,4.4375,12.4375,9.75
2026-02-02,Sunderland,Burnley,3,0,H,1,4,0,0,1,2,5,0,12,10,0,1.4375,1.125,0.3125,2.0,2.0,0.0625,0.125,3.75,3.75,3.4375,3.0625,9.75,10.3125
2026-02-06,Leeds,Nott'm Forest,3,1,H,1,1,0,0,5,10,5,6,9,12,1,1.375,1.125,0.25,1.5,1.8125,0.0,0.0,5.5625,4.5,4.25,4.125,10.125,11.3125
2026-02-07,Man United,Tottenham,2,0,H,1,2,0,1,7,0,10,1,12,11,0,1.9375,1.375,0.5625,1.625,2.125,0.125,0.0625,5.1875,4.8125,6.875,3.9375,10.625,11.1875
2026-02-07,Arsenal,Sunderland,3,0,H,1,2,0,0,5,2,5,3,11,8,0,2.25,0.625,1.625,0.875,2.25,0.0,0.0625,6.1875,3.375,4.9375,3.0625,10.1875,11.25
2026-02-07,Bournemouth,Aston Villa,1,1,D,1,1,0,0,11,4,9,4,4,11,1,1.4375,1.25,0.1875,2.125,1.875,0.0,0.0,5.5,4.8125,4.5,4.0625,11.6875,10.3125
2026-02-07,Burnley,West Ham,0,2,A,3,1,0,0,5,2,5,4,11,10,0,0.9375,1.125,-0.1875,1.3125,1.875,0.0,0.0625,3.6875,4.5625,3.0,3.3125,9.5,10.875
2026-02-07,Fulham,Everton,1,2,A,1,5,0,0,6,6,3,3,11,12,1,1.6875,1.125,0.5625,1.75,1.8125,0.0,0.0625,5.375,3.3125,3.875,3.125,10.3125,10.625
2026-02-07,Wolves,Chelsea,1,3,A,1,1,0,0,3,4,3,6,9,10,1,1.0625,1.875,-0.8125,1.75,2.5,0.0,0.25,2.875,5.4375,3.5,5.0,12.4375,11.1875
2026-02-07,Newcastle,Brentford,2,3,A,2,2,0,0,9,3,4,5,14,18,1,1.8125,1.25,0.5625,1.4375,2.0,0.125,0.0,7.25,5.4375,5.5625,3.8125,11.0625,10.9375
2026-02-08,Brighton,Crystal Palace,0,1,A,1,3,0,0,3,4,2,4,12,9,0,1.5,1.2666666666666666,0.2333333333333334,2.0,2.2666666666666666,0.0,0.06666666666666667,5.0625,4.0,4.8125,3.466666666666667,11.25,11.133333333333333
2026-02-08,Liverpool,Man City,1,2,A,2,4,1,0,5,4,4,7,13,16,1,1.8125,1.6875,0.125,1.0625,2.1875,0.0625,0.0,5.9375,5.3125,5.25,4.4375,9.5,9.75
2026-02-10,Chelsea,Leeds,2,2,D,4,4,0,0,4,1,4,2,9,13,1,1.4375,1.0625,0.375,2.125,1.6875,0.1875,0.0625,6.875,3.4375,4.25,3.625,10.6875,10.9375
2026-02-10,Everton,Bournemouth,1,2,A,1,3,1,0,7,2,6,4,14,15,1,1.3125,1.5625,-0.25,1.625,2.5,0.1875,0.0625,5.3125,5.625,4.25,5.0,10.125,12.375
2026-02-10,Tottenham,Newcastle,1,2,A,3,2,0,0,2,12,2,5,15,11,1,1.125,1.0,0.125,2.75,1.875,0.125,0.0,5.625,5.8125,3.875,3.75,12.4375,9.5625
2026-02-10,West Ham,Man United,1,1,D,1,1,0,0,5,3,3,3,10,4,1,1.375,1.625,-0.25,1.5,1.4375,0.125,0.0625,5.5,4.375,3.625,4.8125,11.125,9.9375
2026-02-11,Aston Villa,Brighton,1,0,H,2,3,0,0,7,5,1,3,9,15,0,1.4375,1.1875,0.25,1.1875,3.0,0.0625,0.0,5.75,4.25,4.6875,4.1875,9.6875,12.8125
2026-02-11,Crystal Palace,Burnley,2,3,A,2,1,0,0,8,2,3,3,11,8,1,1.0,1.125,-0.125,1.75,2.0,0.0625,0.125,4.4375,3.75,3.875,3.0625,10.6875,10.3125
2026-02-11,Man City,Fulham,3,0,H,3,1,0,0,4,4,5,3,8,10,0,2.4,1.0,1.4,1.4666666666666666,2.3125,0.0,0.0,6.666666666666667,4.375,6.266666666666667,3.5,10.4,11.0625
2026-02-11,Nott'm Forest,Wolves,0,0,D,0,2,0,0,8,2,10,3,12,13,0,0.875,0.4375,0.4375,1.3125,2.5625,0.0,0.1875,6.375,3.5,3.8125,3.0,10.0625,13.5625
2026-02-11,Sunderland,Liverpool,0,1,A,1,0,0,0,3,11,2,3,8,10,0,1.4375,1.4375,0.0,2.0,2.0,0.0625,0.0,3.75,6.0,3.4375,3.8125,9.75,10.1875
2026-02-12,Brentford,Arsenal,1,1,D,3,2,0,0,6,4,3,2,12,11,1,1.75,1.625,0.125,1.625,1.6875,0.0,0.0,3.9375,5.75,4.0625,4.8125,10.0,10.3125
2026-02-18,Wolves,Arsenal,2,2,D,2,1,0,0,1,3,2,4,6,8,1,1.0625,1.625,-0.5625,1.75,1.6875,0.0,0.0,2.875,5.75,3.5,4.8125,12.4375,10.3125
2026-02-21,Aston Villa,Leeds,1,1,D,1,4,0,0,7,2,4,4,11,16,1,1.4375,1.0625,0.375,1.1875,1.6875,0.0625,0.0625,5.75,3.4375,4.6875,3.625,9.6875,10.9375
2026-02-21,Brentford,Brighton,0,2,A,1,2,0,0,6,4,3,7,9,14,0,1.75,1.1875,0.5625,1.625,3.0,0.0,0.0,3.9375,4.25,4.0625,4.1875,10.0,12.8125
2026-02-21,Chelsea,Burnley,1,1,D,2,2,1,0,9,5,2,4,13,11,1,1.4375,1.125,0.3125,2.125,2.0,0.1875,0.125,6.875,3.75,4.25,3.0625,10.6875,10.3125
2026-02-21,West Ham,Bournemouth,0,0,D,1,1,0,0,9,5,3,5,10,11,0,1.375,1.5625,-0.1875,1.5,2.5,0.125,0.0625,5.5,5.625,3.625,5.0,11.125,12.375
2026-02-21,Man City,Newcastle,2,1,H,2,5,0,0,5,5,7,7,12,13,1,2.4,1.0,1.4,1.4666666666666666,1.875,0.0,0.0,6.666666666666667,5.8125,6.266666666666667,3.75,10.4,9.5625
2026-02-22,Crystal Palace,Wolves,1,0,H,5,1,0,1,7,3,3,7,19,13,0,1.0,0.4375,0.5625,1.75,2.5625,0.0625,0.1875,4.4375,3.5,3.875,3.0,10.6875,13.5625
2026-02-22,Nott'm Forest,Liverpool,0,1,A,2,0,0,0,7,2,2,4,13,9,0,0.875,1.4375,-0.5625,1.3125,2.0,0.0,0.0,6.375,6.0,3.8125,3.8125,10.0625,10.1875
2026-02-22,Sunderland,Fulham,1,3,A,1,1,0,0,6,4,2,4,6,13,1,1.4375,1.0,0.4375,2.0,2.3125,0.0625,0.0,3.75,4.375,3.4375,3.5,9.75,11.0625
2026-02-22,Tottenham,Arsenal,1,4,A,2,1,0,0,2,5,5,7,17,11,1,1.125,1.625,-0.5,2.75,1.6875,0.125,0.0,5.625,5.75,3.875,4.8125,12.4375,10.3125
2026-02-23,Everton,Man United,0,1,A,2,3,0,0,10,1,4,3,12,7,0,1.3125,1.625,-0.3125,1.625,1.4375,0.1875,0.0625,5.3125,4.375,4.25,4.8125,10.125,9.9375
2026-02-27,Wolves,Aston Villa,2,0,H,3,3,0,0,0,5,2,5,13,19,0,1.0625,1.25,-0.1875,1.75,1.875,0.0,0.0,2.875,4.8125,3.5,4.0625,12.4375,10.3125
2026-02-28,Bournemouth,Sunderland,1,1,D,4,2,0,0,7,3,5,4,15,12,1,1.4375,0.625,0.8125,2.125,2.25,0.0,0.0625,5.5,3.375,4.5,3.0625,11.6875,11.25
2026-02-28,Burnley,Brentford,3,4,A,2,2,0,0,4,8,3,7,9,9,1,0.9375,1.25,-0.3125,1.3125,2.0,0.0,0.0,3.6875,5.4375,3.0,3.8125,9.5,10.9375
2026-02-28,Liverpool,West Ham,5,2,H,2,2,0,0,10,5,7,4,12,11,1,1.8125,1.125,0.6875,1.0625,1.875,0.0625,0.0625,5.9375,4.5625,5.25,3.3125,9.5,10.875
2026-02-28,Newcastle,Everton,2,3,A,2,3,0,0,7,2,7,5,15,7,1,1.8125,1.125,0.6875,1.4375,1.8125,0.125,0.0625,7.25,3.3125,5.5625,3.125,11.0625,10.625
2026-02-28,Leeds,Man City,0,1,A,0,3,0,0,5,3,2,5,10,8,0,1.375,1.6875,-0.3125,1.5,2.1875,0.0,0.0,5.5625,5.3125,4.25,4.4375,10.125,9.75
2026-03-01,Brighton,Nott'm Forest,2,1,H,3,1,0,0,4,4,7,4,12,13,1,1.5,1.125,0.375,2.0,1.8125,0.0,0.0,5.0625,4.5,4.8125,4.125,11.25,11.3125
2026-03-01,Fulham,Tottenham,2,1,H,3,3,0,0,5,8,4,1,11,14,1,1.6875,1.375,0.3125,1.75,2.125,0.0,0.0625,5.375,4.8125,3.875,3.9375,10.3125,11.1875
2026-03-01,Man United,Crystal Palace,2,1,H,2,2,0,1,7,1,11,3,13,12,1,1.9375,1.2666666666666666,0.6708333333333334,1.625,2.2666666666666666,0.125,0.06666666666666667,5.1875,4.0,6.875,3.466666666666667,10.625,11.133333333333333
2026-03-01,Arsenal,Chelsea,2,1,H,1,3,0,1,5,10,5,3,11,14,1,2.25,1.875,0.375,0.875,2.5,0.0,0.25,6.1875,5.4375,4.9375,5.0,10.1875,11.1875
2026-03-03,Bournemouth,Brentford,0,0,D,2,1,0,0,4,3,2,2,9,10,0,1.4375,1.25,0.1875,2.125,2.0,0.0,0.0,5.5,5.4375,4.5,3.8125,11.6875,10.9375
2026-03-03,Everton,Burnley,2,0,H,0,1,0,0,6,3,5,2,10,12,0,1.3125,1.125,0.1875,1.625,2.0,0.1875,0.125,5.3125,3.75,4.25,3.0625,10.125,10.3125
2026-03-03,Leeds,Sunderland,0,1,A,1,3,0,0,9,2,4,1,15,19,0,1.375,0.625,0.75,1.5,2.25,0.0,0.0625,5.5625,3.375,4.25,3.0625,10.125,11.25
2026-03-03,Wolves,Liverpool,2,1,H,2,1,0,0,2,11,3,7,10,13,1,1.0625,1.4375,-0.375,1.75,2.0,0.0,0.0,2.875,6.0,3.5,3.8125,12.4375,10.1875
2026-03-04,Aston Villa,Chelsea,1,4,A,3,2,0,0,3,8,4,8,10,9,1,1.4375,1.875,-0.4375,1.1875,2.5,0.0625,0.25,5.75,5.4375,4.6875,5.0,9.6875,11.1875
2026-03-04,Brighton,Arsenal,0,1,A,4,1,0,0,4,3,3,2,14,12,0,1.5,1.625,-0.125,2.0,1.6875,0.0,0.0,5.0625,5.75,4.8125,4.8125,11.25,10.3125
2026-03-04,Fulham,West Ham,0,1,A,2,4,0,0,7,5,5,3,14,12,0,1.6875,1.125,0.5625,1.75,1.875,0.0,0.0625,5.375,4.5625,3.875,3.3125,10.3125,10.875
2026-03-04,Man City,Nott'm Forest,2,2,D,0,4,0,0,6,1,7,4,10,6,1,2.4,1.125,1.275,1.4666666666666666,1.8125,0.0,0.0,6.666666666666667,4.5,6.266666666666667,4.125,10.4,11.3125
2026-03-04,Newcastle,Man United,2,1,H,2,3,1,0,2,4,5,5,15,16,1,1.8125,1.625,0.1875,1.4375,1.4375,0.125,0.0625,7.25,4.375,5.5625,4.8125,11.0625,9.9375
2026-03-05,Tottenham,Crystal Palace,1,3,A,3,2,0,0,6,3,4,4,14,14,1,1.125,1.2666666666666666,-0.1416666666666666,2.75,2.2666666666666666,0.125,0.06666666666666667,5.625,4.0,3.875,3.466666666666667,12.4375,11.133333333333333
2026-03-14,Burnley,Bournemouth,0,0,D,1,0,0,0,5,8,2,3,11,5,0,0.9375,1.5625,-0.625,1.3125,2.5,0.0,0.0625,3.6875,5.625,3.0,5.0,9.5,12.375
2026-03-14,Sunderland,Brighton,0,1,A,1,2,0,0,7,3,4,4,7,12,0,1.4375,1.1875,0.25,2.0,3.0,0.0625,0.0,3.75,4.25,3.4375,4.1875,9.75,12.8125
2026-03-14,Arsenal,Everton,2,0,H,0,0,0,0,8,3,7,3,11,12,0,2.25,1.125,1.125,0.875,1.8125,0.0,0.0625,6.1875,3.3125,4.9375,3.125,10.1875,10.625
2026-03-14,Chelsea,Newcastle,0,1,A,2,2,0,0,8,1,3,5,9,10,0,1.4375,1.0,0.4375,2.125,1.875,0.1875,0.0,6.875,5.8125,4.25,3.75,10.6875,9.5625
2026-03-14,West Ham,Man City,1,1,D,2,2,0,0,1,15,1,6,14,5,1,1.375,1.6875,-0.3125,1.5,2.1875,0.125,0.0,5.5,5.3125,3.625,4.4375,11.125,9.75
2026-03-15,Crystal Palace,Leeds,0,0,D,2,1,0,1,8,3,0,3,12,11,0,1.0,1.0625,-0.0625,1.75,1.6875,0.0625,0.0625,4.4375,3.4375,3.875,3.625,10.6875,10.9375
2026-03-15,Man United,Aston Villa,3,1,H,3,2,0,0,6,6,6,2,10,5,1,1.9375,1.25,0.6875,1.625,1.875,0.125,0.0,5.1875,4.8125,6.875,4.0625,10.625,10.3125
2026-03-15,Nott'm Forest,Fulham,0,0,D,2,3,0,0,5,4,2,0,8,10,0,0.875,1.0,-0.125,1.3125,2.3125,0.0,0.0,6.375,4.375,3.8125,3.5,10.0625,11.0625
2026-03-15,Liverpool,Tottenham,1,1,D,0,0,0,0,3,4,4,7,8,13,1,1.8125,1.375,0.4375,1.0625,2.125,0.0625,0.0625,5.9375,4.8125,5.25,3.9375,9.5,11.1875
2026-03-16,Brentford,Wolves,2,2,D,2,4,0,0,1,5,3,4,12,10,1,1.75,0.4375,1.3125,1.625,2.5625,0.0,0.1875,3.9375,3.5,4.0625,3.0,10.0,13.5625
2026-03-20,Bournemouth,Man United,2,2,D,2,2,0,1,6,8,5,5,10,9,1,1.4375,1.625,-0.1875,2.125,1.4375,0.0,0.0625,5.5,4.375,4.5,4.8125,11.6875,9.9375
2026-03-21,Brighton,Liverpool,2,1,H,5,5,0,0,4,8,7,5,11,11,1,1.5,1.4375,0.0625,2.0,2.0,0.0,0.0,5.0625,6.0,4.8125,3.8125,11.25,10.1875
2026-03-21,Fulham,Burnley,3,1,H,2,2,0,1,6,6,6,5,6,9,1,1.6875,1.125,0.5625,1.75,2.0,0.0,0.125,5.375,3.75,3.875,3.0625,10.3125,10.3125
2026-03-21,Everton,Chelsea,3,0,H,0,2,0,0,3,9,9,4,6,7,0,1.3125,1.875,-0.5625,1.625,2.5,0.1875,0.25,5.3125,5.4375,4.25,5.0,10.125,11.1875
2026-03-21,Leeds,Brentford,0,0,D,2,0,0,0,6,2,4,2,6,9,0,1.375,1.25,0.125,1.5,2.0,0.0,0.0,5.5625,5.4375,4.25,3.8125,10.125,10.9375
2026-03-22,Newcastle,Sunderland,1,2,A,1,6,0,0,9,5,4,7,8,19,1,1.8125,0.625,1.1875,1.4375,2.25,0.125,0.0625,7.25,3.375,5.5625,3.0625,11.0625,11.25
2026-03-22,Aston Villa,West Ham,2,0,H,0,1,0,0,6,6,7,1,3,7,0,1.4375,1.125,0.3125,1.1875,1.875,0.0625,0.0625,5.75,4.5625,4.6875,3.3125,9.6875,10.875
2026-03-22,Tottenham,Nott'm Forest,0,3,A,1,2,0,0,13,3,3,7,13,13,0,1.125,1.125,0.0,2.75,1.8125,0.125,0.0,5.625,4.5,3.875,4.125,12.4375,11.3125
2026-04-10,West Ham,Wolves,4,0,H,2,2,0,0,5,2,7,3,11,7,0,1.375,0.4375,0.9375,1.5,2.5625,0.125,0.1875,5.5,3.5,3.625,3.0,11.125,13.5625
2026-04-11,Arsenal,Bournemouth,1,2,A,1,3,0,0,10,1,3,3,12,18,1,2.25,1.5625,0.6875,0.875,2.5,0.0,0.0625,6.1875,5.625,4.9375,5.0,10.1875,12.375
2026-04-11,Brentford,Everton,2,2,D,0,2,0,0,2,3,4,7,6,7,1,1.75,1.125,0.625,1.625,1.8125,0.0,0.0625,3.9375,3.3125,4.0625,3.125,10.0,10.625
2026-04-11,Burnley,Brighton,0,2,A,2,1,0,0,8,2,5,6,7,11,0,0.9375,1.1875,-0.25,1.3125,3.0,0.0,0.0,3.6875,4.25,3.0,4.1875,9.5,12.8125
2026-04-11,Liverpool,Fulham,2,0,H,0,0,0,0,6,9,5,4,10,4,0,1.8125,1.0,0.8125,1.0625,2.3125,0.0625,0.0,5.9375,4.375,5.25,3.5,9.5,11.0625
2026-04-12,Crystal Palace,Newcastle,2,1,H,0,3,0,0,2,4,5,3,17,12,1,1.0,1.0,0.0,1.75,1.875,0.0625,0.0,4.4375,5.8125,3.875,3.75,10.6875,9.5625
2026-04-12,Nott'm Forest,Aston Villa,1,1,D,2,2,0,0,7,3,4,5,15,10,1,0.875,1.25,-0.375,1.3125,1.875,0.0,0.0,6.375,4.8125,3.8125,4.0625,10.0625,10.3125
2026-04-12,Sunderland,Tottenham,1,0,H,3,3,0,0,2,6,2,7,14,15,0,1.4375,1.375,0.0625,2.0,2.125,0.0625,0.0625,3.75,4.8125,3.4375,3.9375,9.75,11.1875
2026-04-12,Chelsea,Man City,0,3,A,3,1,0,0,4,12,3,8,10,14,0,1.4375,1.6875,-0.25,2.125,2.1875,0.1875,0.0,6.875,5.3125,4.25,4.4375,10.6875,9.75
2026-04-13,Man United,Leeds,1,2,A,3,2,1,0,11,4,9,6,12,15,1,1.9375,1.0625,0.875,1.625,1.6875,0.125,0.0625,5.1875,3.4375,6.875,3.625,10.625,10.9375
2025-08-08,Birmingham,Ipswich,1,1,D,2,3,0,0,1,4,3,1,16,22,1,1.6666666666666667,1.65,0.01666666666666683,1.8095238095238095,2.45,0.09523809523809523,0.0,6.761904761904762,5.05,5.666666666666667,4.35,11.047619047619047,11.7
2025-08-09,Charlton,Watford,1,0,H,1,2,0,0,3,2,5,1,6,16,0,0.9523809523809523,1.0476190476190477,-0.09523809523809534,2.142857142857143,2.380952380952381,0.047619047619047616,0.047619047619047616,5.285714285714286,4.619047619047619,4.0,3.5238095238095237,11.142857142857142,10.619047619047619
2025-08-09,Coventry,Hull,0,0,D,3,3,0,0,8,2,3,3,7,11,0,2.0476190476190474,1.5238095238095237,0.5238095238095237,1.380952380952381,2.9047619047619047,0.0,0.09523809523809523,6.142857142857143,4.0,5.761904761904762,4.238095238095238,9.904761904761905,11.714285714285714
2025-08-09,Southampton,Wrexham,2,1,H,2,2,0,0,7,4,10,2,12,13,1,1.619047619047619,1.2380952380952381,0.38095238095238093,1.5238095238095237,1.8571428571428572,0.0,0.0,6.333333333333333,3.7142857142857144,5.476190476190476,2.7142857142857144,9.333333333333334,9.952380952380953
2025-08-09,Middlesbrough,Swansea,1,0,H,2,5,0,0,7,2,3,1,15,15,0,1.3333333333333333,0.9523809523809523,0.38095238095238093,1.0,1.9523809523809523,0.0,0.0,7.666666666666667,4.0,5.0476190476190474,3.761904761904762,9.285714285714286,10.904761904761905
2025-08-09,Norwich,Millwall,1,2,A,1,4,0,0,6,5,3,3,5,15,1,1.1428571428571428,1.2857142857142858,-0.14285714285714302,1.4285714285714286,2.3333333333333335,0.047619047619047616,0.047619047619047616,5.857142857142857,5.095238095238095,4.238095238095238,3.6666666666666665,9.857142857142858,15.095238095238095
2025-08-09,Oxford,Portsmouth,0,1,A,1,2,0,0,8,4,4,4,15,10,0,0.9523809523809523,0.9523809523809523,0.0,1.2857142857142858,2.0952380952380953,0.0,0.047619047619047616,4.380952380952381,5.380952380952381,3.9523809523809526,3.0,10.285714285714286,10.428571428571429
2025-08-09,QPR,Preston,1,1,D,0,3,0,0,5,4,3,3,7,9,1,1.7619047619047619,1.0952380952380953,0.6666666666666665,1.9523809523809523,1.9523809523809523,0.047619047619047616,0.047619047619047616,5.238095238095238,3.619047619047619,4.666666666666667,3.5714285714285716,11.047619047619047,11.19047619047619
2025-08-09,Stoke,Derby,3,1,H,1,2,0,0,7,3,7,2,12,14,1,1.5238095238095237,1.5238095238095237,0.0,2.0,2.5714285714285716,0.14285714285714285,0.09523809523809523,6.095238095238095,3.4761904761904763,4.904761904761905,3.238095238095238,10.761904761904763,12.857142857142858
2025-08-09,West Brom,Blackburn,1,0,H,2,0,1,0,3,7,5,1,13,13,0,1.1904761904761905,0.9090909090909091,0.2813852813852814,1.2857142857142858,2.227272727272727,0.047619047619047616,0.0,6.380952380952381,4.909090909090909,4.428571428571429,3.0454545454545454,10.238095238095237,11.363636363636363
2025-08-09,Sheffield United,Bristol City,1,4,A,0,0,0,0,14,3,6,5,10,10,1,1.6666666666666667,1.0952380952380953,0.5714285714285714,1.4285714285714286,1.9523809523809523,0.14285714285714285,0.0,7.714285714285714,5.142857142857143,4.904761904761905,4.238095238095238,9.952380952380953,10.380952380952381
2025-08-10,Leicester,Sheffield Weds,2,1,H,0,0,0,1,13,3,13,3,6,13,1,1.3333333333333333,0.6666666666666666,0.6666666666666666,1.619047619047619,1.5238095238095237,0.047619047619047616,0.14285714285714285,6.238095238095238,4.0476190476190474,4.0,2.4761904761904763,10.571428571428571,11.428571428571429
2025-08-16,Derby,Coventry,3,5,A,2,5,0,0,6,5,4,10,14,11,1,1.380952380952381,1.9523809523809523,-0.5714285714285714,1.9523809523809523,1.7142857142857142,0.047619047619047616,0.14285714285714285,5.428571428571429,4.714285714285714,3.7142857142857144,5.428571428571429,11.714285714285714,9.80952380952381
2025-08-16,Portsmouth,Norwich,1,2,A,3,3,0,0,9,0,3,5,8,13,1,1.0952380952380953,1.4761904761904763,-0.38095238095238093,1.6666666666666667,2.3333333333333335,0.047619047619047616,0.0,6.476190476190476,4.714285714285714,4.571428571428571,4.333333333333333,9.285714285714286,10.142857142857142
2025-08-16,Wrexham,West Brom,2,3,A,2,0,0,0,5,5,3,5,5,7,1,1.7619047619047619,0.8095238095238095,0.9523809523809523,1.3333333333333333,1.9047619047619047,0.047619047619047616,0.09523809523809523,5.285714285714286,4.285714285714286,4.666666666666667,3.4761904761904763,8.80952380952381,10.428571428571429
2025-08-16,Blackburn,Birmingham,1,2,A,1,2,0,0,3,5,2,4,14,13,1,0.8571428571428571,0.7619047619047619,0.09523809523809523,1.9047619047619047,1.7142857142857142,0.047619047619047616,0.14285714285714285,5.809523809523809,4.714285714285714,3.2857142857142856,2.380952380952381,9.904761904761905,12.285714285714286
2025-08-16,Bristol City,Charlton,0,0,D,0,1,0,0,4,6,1,2,9,13,0,1.380952380952381,0.9047619047619048,0.47619047619047616,1.5714285714285714,2.142857142857143,0.047619047619047616,0.0,4.904761904761905,3.1904761904761907,3.857142857142857,2.9523809523809526,8.952380952380953,12.428571428571429
2025-08-16,Millwall,Middlesbrough,0,3,A,4,5,0,0,6,10,1,5,16,11,0,1.380952380952381,1.619047619047619,-0.23809523809523814,1.3333333333333333,2.0476190476190474,0.09523809523809523,0.047619047619047616,5.857142857142857,6.285714285714286,4.476190476190476,4.571428571428571,11.333333333333334,9.285714285714286
2025-08-16,Preston,Leicester,2,1,H,2,0,0,0,6,4,4,2,11,7,1,1.2857142857142858,1.2380952380952381,0.04761904761904767,2.0952380952380953,1.9047619047619047,0.09523809523809523,0.14285714285714285,4.904761904761905,4.0,3.4285714285714284,4.190476190476191,10.19047619047619,11.047619047619047
2025-08-16,Sheffield Weds,Stoke,0,3,A,0,3,0,0,6,7,5,6,12,10,0,0.5238095238095238,0.8095238095238095,-0.2857142857142857,1.4761904761904763,2.0,0.0,0.09523809523809523,4.666666666666667,5.095238095238095,2.4285714285714284,2.9523809523809526,11.619047619047619,10.19047619047619
2025-08-16,Swansea,Sheffield United,1,0,H,1,3,0,0,4,8,4,0,13,14,0,1.4285714285714286,1.1428571428571428,0.2857142857142858,1.9523809523809523,1.8095238095238095,0.047619047619047616,0.14285714285714285,5.0,5.904761904761905,3.619047619047619,3.4761904761904763,9.571428571428571,10.904761904761905
2025-08-16,Watford,QPR,2,1,H,1,2,1,0,2,4,4,3,9,9,1,1.4285714285714286,1.0,0.4285714285714286,1.7619047619047619,1.6666666666666667,0.09523809523809523,0.0,5.571428571428571,4.095238095238095,5.571428571428571,3.1904761904761907,10.904761904761905,10.428571428571429
2025-08-17,Ipswich,Southampton,1,1,D,2,2,0,0,4,5,1,3,7,20,1,1.8095238095238095,1.8571428571428572,-0.04761904761904767,1.3333333333333333,2.1904761904761907,0.0,0.047619047619047616,6.285714285714286,4.904761904761905,5.619047619047619,5.285714285714286,10.476190476190476,11.952380952380953
2025-08-17,Hull,Oxford,3,2,H,1,1,0,0,10,4,7,6,7,8,1,1.5238095238095237,1.0,0.5238095238095237,2.142857142857143,1.9523809523809523,0.0,0.047619047619047616,4.857142857142857,3.5238095238095237,3.9523809523809526,2.761904761904762,11.428571428571429,11.19047619047619
2025-08-22,Derby,Bristol City,1,1,D,3,0,0,0,4,5,2,3,15,5,1,1.380952380952381,1.0952380952380953,0.2857142857142856,1.9523809523809523,1.9523809523809523,0.047619047619047616,0.0,5.428571428571429,5.142857142857143,3.7142857142857144,4.238095238095238,11.714285714285714,10.380952380952381
2025-08-23,Charlton,Leicester,0,1,A,2,1,0,0,13,4,7,2,18,9,0,0.9523809523809523,1.2380952380952381,-0.2857142857142858,2.142857142857143,1.9047619047619047,0.047619047619047616,0.14285714285714285,5.285714285714286,4.0,4.0,4.190476190476191,11.142857142857142,11.047619047619047
2025-08-23,Hull,Blackburn,0,3,A,3,3,0,0,2,1,2,6,18,19,0,1.5238095238095237,0.9090909090909091,0.6147186147186147,2.142857142857143,2.227272727272727,0.0,0.0,4.857142857142857,4.909090909090909,3.9523809523809526,3.0454545454545454,11.428571428571429,11.363636363636363
2025-08-23,Swansea,Watford,1,1,D,3,5,0,0,7,2,2,4,11,17,1,1.4285714285714286,1.0476190476190477,0.38095238095238093,1.9523809523809523,2.380952380952381,0.047619047619047616,0.047619047619047616,5.0,4.619047619047619,3.619047619047619,3.5238095238095237,9.571428571428571,10.619047619047619
2025-08-23,Birmingham,Oxford,1,0,H,0,0,0,0,4,1,1,1,11,17,0,1.6666666666666667,1.0,0.6666666666666667,1.8095238095238095,1.9523809523809523,0.09523809523809523,0.047619047619047616,6.761904761904762,3.5238095238095237,5.666666666666667,2.761904761904762,11.047619047619047,11.19047619047619
2025-08-23,Coventry,QPR,7,1,H,1,2,0,0,9,4,8,1,15,8,1,2.0476190476190474,1.0,1.0476190476190474,1.380952380952381,1.6666666666666667,0.0,0.0,6.142857142857143,4.095238095238095,5.761904761904762,3.1904761904761907,9.904761904761905,10.428571428571429
2025-08-23,Norwich,Middlesbrough,1,2,A,0,3,1,0,5,3,3,4,11,14,1,1.1428571428571428,1.619047619047619,-0.4761904761904763,1.4285714285714286,2.0476190476190474,0.047619047619047616,0.047619047619047616,5.857142857142857,6.285714285714286,4.238095238095238,4.571428571428571,9.857142857142858,9.285714285714286
2025-08-23,Preston,Ipswich,1,0,H,6,2,0,0,3,6,1,2,14,5,0,1.2857142857142858,1.65,-0.3642857142857141,2.0952380952380953,2.45,0.09523809523809523,0.0,4.904761904761905,5.05,3.4285714285714284,4.35,10.19047619047619,11.7
2025-08-23,Sheffield United,Millwall,0,1,A,3,2,0,0,8,7,4,6,11,16,0,1.6666666666666667,1.2857142857142858,0.38095238095238093,1.4285714285714286,2.3333333333333335,0.14285714285714285,0.047619047619047616,7.714285714285714,5.095238095238095,4.904761904761905,3.6666666666666665,9.952380952380953,15.095238095238095
2025-08-23,Southampton,Stoke,1,2,A,1,3,0,1,7,3,2,4,6,12,1,1.619047619047619,0.8095238095238095,0.8095238095238095,1.5238095238095237,2.0,0.0,0.09523809523809523,6.333333333333333,5.095238095238095,5.476190476190476,2.9523809523809526,9.333333333333334,10.19047619047619
2025-08-23,West Brom,Portsmouth,1,1,D,2,5,0,0,2,3,3,4,10,16,1,1.1904761904761905,0.9523809523809523,0.23809523809523814,1.2857142857142858,2.0952380952380953,0.047619047619047616,0.047619047619047616,6.380952380952381,5.380952380952381,4.428571428571429,3.0,10.238095238095237,10.428571428571429
2025-08-23,Wrexham,Sheffield Weds,2,2,D,0,0,0,0,3,9,4,7,7,8,1,1.7619047619047619,0.6666666666666666,1.0952380952380953,1.3333333333333333,1.5238095238095237,0.047619047619047616,0.14285714285714285,5.285714285714286,4.0476190476190474,4.666666666666667,2.4761904761904763,8.80952380952381,11.428571428571429
2025-08-29,Leicester,Birmingham,2,0,H,3,3,0,0,1,7,2,1,11,16,0,1.3333333333333333,0.7619047619047619,0.5714285714285714,1.619047619047619,1.7142857142857142,0.047619047619047616,0.14285714285714285,6.238095238095238,4.714285714285714,4.0,2.380952380952381,10.571428571428571,12.285714285714286
2025-08-30,Middlesbrough,Sheffield United,1,0,H,0,3,0,0,5,9,6,0,5,13,0,1.3333333333333333,1.1428571428571428,0.19047619047619047,1.0,1.8095238095238095,0.0,0.14285714285714285,7.666666666666667,5.904761904761905,5.0476190476190474,3.4761904761904763,9.285714285714286,10.904761904761905
2025-08-30,QPR,Charlton,3,1,H,2,2,0,0,1,2,6,3,16,7,1,1.7619047619047619,0.9047619047619048,0.8571428571428571,1.9523809523809523,2.142857142857143,0.047619047619047616,0.0,5.238095238095238,3.1904761904761907,4.666666666666667,2.9523809523809526,11.047619047619047,12.428571428571429
2025-08-30,Stoke,West Brom,0,1,A,1,2,0,0,5,5,3,3,7,11,0,1.5238095238095237,0.8095238095238095,0.7142857142857142,2.0,1.9047619047619047,0.14285714285714285,0.09523809523809523,6.095238095238095,4.285714285714286,4.904761904761905,3.4761904761904763,10.761904761904763,10.428571428571429
2025-08-30,Blackburn,Norwich,0,2,A,2,0,1,0,3,9,3,4,9,7,0,0.8571428571428571,1.4761904761904763,-0.6190476190476192,1.9047619047619047,2.3333333333333335,0.047619047619047616,0.0,5.809523809523809,4.714285714285714,3.2857142857142856,4.333333333333333,9.904761904761905,10.142857142857142
2025-08-30,Bristol City,Hull,4,2,H,1,1,0,0,8,5,5,9,7,8,1,1.380952380952381,1.5238095238095237,-0.1428571428571428,1.5714285714285714,2.9047619047619047,0.047619047619047616,0.09523809523809523,4.904761904761905,4.0,3.857142857142857,4.238095238095238,8.952380952380953,11.714285714285714
2025-08-30,Ipswich,Derby,2,2,D,2,7,0,0,6,3,5,2,14,14,1,1.8095238095238095,1.5238095238095237,0.2857142857142858,1.3333333333333333,2.5714285714285716,0.0,0.09523809523809523,6.285714285714286,3.4761904761904763,5.619047619047619,3.238095238095238,10.476190476190476,12.857142857142858
2025-08-30,Millwall,Wrexham,0,2,A,1,3,0,0,5,2,2,3,10,13,0,1.380952380952381,1.2380952380952381,0.1428571428571428,1.3333333333333333,1.8571428571428572,0.09523809523809523,0.0,5.857142857142857,3.7142857142857144,4.476190476190476,2.7142857142857144,11.333333333333334,9.952380952380953
2025-08-30,Oxford,Coventry,2,2,D,1,2,0,0,0,5,3,6,13,10,1,0.9523809523809523,1.9523809523809523,-1.0,1.2857142857142858,1.7142857142857142,0.0,0.14285714285714285,4.380952380952381,4.714285714285714,3.9523809523809526,5.428571428571429,10.285714285714286,9.80952380952381
2025-08-30,Portsmouth,Preston,1,0,H,1,2,0,0,6,4,2,2,11,7,0,1.0952380952380953,1.0952380952380953,0.0,1.6666666666666667,1.9523809523809523,0.047619047619047616,0.047619047619047616,6.476190476190476,3.619047619047619,4.571428571428571,3.5714285714285716,9.285714285714286,11.19047619047619
2025-08-30,Sheffield Weds,Swansea,0,2,A,0,2,0,0,2,7,1,8,14,10,0,0.5238095238095238,0.9523809523809523,-0.4285714285714285,1.4761904761904763,1.9523809523809523,0.0,0.0,4.666666666666667,4.0,2.4285714285714284,3.761904761904762,11.619047619047619,10.904761904761905
2025-08-30,Watford,Southampton,2,2,D,2,5,0,0,4,5,4,7,14,12,1,1.4285714285714286,1.8571428571428572,-0.4285714285714286,1.7619047619047619,2.1904761904761907,0.09523809523809523,0.047619047619047616,5.571428571428571,4.904761904761905,5.571428571428571,5.285714285714286,10.904761904761905,11.952380952380953
2025-09-12,Ipswich,Sheffield United,5,0,H,0,2,0,0,3,5,11,2,11,15,0,1.8095238095238095,1.1428571428571428,0.6666666666666667,1.3333333333333333,1.8095238095238095,0.0,0.14285714285714285,6.285714285714286,5.904761904761905,5.619047619047619,3.4761904761904763,10.476190476190476,10.904761904761905
2025-09-13,Charlton,Millwall,1,1,D,1,1,1,0,3,4,3,3,12,18,1,0.9523809523809523,1.2857142857142858,-0.3333333333333335,2.142857142857143,2.3333333333333335,0.047619047619047616,0.047619047619047616,5.285714285714286,5.095238095238095,4.0,3.6666666666666665,11.142857142857142,15.095238095238095
2025-09-13,Oxford,Leicester,2,2,D,1,2,0,1,4,4,2,5,10,11,1,0.9523809523809523,1.2380952380952381,-0.2857142857142858,1.2857142857142858,1.9047619047619047,0.0,0.14285714285714285,4.380952380952381,4.0,3.9523809523809526,4.190476190476191,10.285714285714286,11.047619047619047
2025-09-13,Preston,Middlesbrough,2,2,D,1,3,0,0,3,4,2,3,13,7,1,1.2857142857142858,1.619047619047619,-0.33333333333333326,2.0952380952380953,2.0476190476190474,0.09523809523809523,0.047619047619047616,4.904761904761905,6.285714285714286,3.4285714285714284,4.571428571428571,10.19047619047619,9.285714285714286
2025-09-13,Coventry,Norwich,1,1,D,2,6,0,0,11,2,4,1,12,7,1,2.0476190476190474,1.4761904761904763,0.5714285714285712,1.380952380952381,2.3333333333333335,0.0,0.0,6.142857142857143,4.714285714285714,5.761904761904762,4.333333333333333,9.904761904761905,10.142857142857142
2025-09-13,Sheffield Weds,Bristol City,0,3,A,2,0,0,0,4,1,0,4,19,9,0,0.5238095238095238,1.0952380952380953,-0.5714285714285715,1.4761904761904763,1.9523809523809523,0.0,0.0,4.666666666666667,5.142857142857143,2.4285714285714284,4.238095238095238,11.619047619047619,10.380952380952381
2025-09-13,Stoke,Birmingham,1,0,H,3,1,0,0,5,3,3,0,11,11,0,1.5238095238095237,0.7619047619047619,0.7619047619047619,2.0,1.7142857142857142,0.14285714285714285,0.14285714285714285,6.095238095238095,4.714285714285714,4.904761904761905,2.380952380952381,10.761904761904763,12.285714285714286
2025-09-13,Swansea,Hull,2,2,D,1,1,0,0,5,2,2,6,8,5,1,1.4285714285714286,1.5238095238095237,-0.09523809523809512,1.9523809523809523,2.9047619047619047,0.047619047619047616,0.09523809523809523,5.0,4.0,3.619047619047619,4.238095238095238,9.571428571428571,11.714285714285714
2025-09-13,Watford,Blackburn,0,1,A,1,2,0,0,5,7,1,5,12,14,0,1.4285714285714286,0.9090909090909091,0.5194805194805195,1.7619047619047619,2.227272727272727,0.09523809523809523,0.0,5.571428571428571,4.909090909090909,5.571428571428571,3.0454545454545454,10.904761904761905,11.363636363636363
2025-09-13,West Brom,Derby,0,1,A,1,2,0,0,11,0,3,1,8,10,0,1.1904761904761905,1.5238095238095237,-0.33333333333333326,1.2857142857142858,2.5714285714285716,0.047619047619047616,0.09523809523809523,6.380952380952381,3.4761904761904763,4.428571428571429,3.238095238095238,10.238095238095237,12.857142857142858
2025-09-13,Wrexham,QPR,1,3,A,1,0,0,0,12,9,8,6,5,10,1,1.7619047619047619,1.0,0.7619047619047619,1.3333333333333333,1.6666666666666667,0.047619047619047616,0.0,5.285714285714286,4.095238095238095,4.666666666666667,3.1904761904761907,8.80952380952381,10.428571428571429
2025-09-14,Southampton,Portsmouth,0,0,D,4,2,0,0,7,5,1,1,16,14,0,1.619047619047619,0.9523809523809523,0.6666666666666667,1.5238095238095237,2.0952380952380953,0.0,0.047619047619047616,6.333333333333333,5.380952380952381,5.476190476190476,3.0,9.333333333333334,10.428571428571429
2025-09-19,Middlesbrough,West Brom,2,1,H,0,0,0,0,2,3,4,3,3,7,1,1.3333333333333333,0.8095238095238095,0.5238095238095237,1.0,1.9047619047619047,0.0,0.09523809523809523,7.666666666666667,4.285714285714286,5.0476190476190474,3.4761904761904763,9.285714285714286,10.428571428571429
2025-09-20,Birmingham,Swansea,1,0,H,5,4,0,0,7,2,7,2,13,11,0,1.6666666666666667,0.9523809523809523,0.7142857142857144,1.8095238095238095,1.9523809523809523,0.09523809523809523,0.0,6.761904761904762,4.0,5.666666666666667,3.761904761904762,11.047619047619047,10.904761904761905
2025-09-20,Leicester,Coventry,0,0,D,0,3,0,0,10,3,9,3,8,11,0,1.3333333333333333,1.9523809523809523,-0.6190476190476191,1.619047619047619,1.7142857142857142,0.047619047619047616,0.14285714285714285,6.238095238095238,4.714285714285714,4.0,5.428571428571429,10.571428571428571,9.80952380952381
2025-09-20,QPR,Stoke,1,0,H,5,3,0,0,3,6,7,1,8,13,0,1.7619047619047619,0.8095238095238095,0.9523809523809523,1.9523809523809523,2.0,0.047619047619047616,0.09523809523809523,5.238095238095238,5.095238095238095,4.666666666666667,2.9523809523809526,11.047619047619047,10.19047619047619
2025-09-20,Derby,Preston,0,1,A,2,2,0,0,3,4,2,6,10,7,0,1.380952380952381,1.0952380952380953,0.2857142857142856,1.9523809523809523,1.9523809523809523,0.047619047619047616,0.047619047619047616,5.428571428571429,3.619047619047619,3.7142857142857144,3.5714285714285716,11.714285714285714,11.19047619047619
2025-09-20,Hull,Southampton,3,1,H,5,3,0,0,1,6,4,4,15,10,1,1.5238095238095237,1.8571428571428572,-0.3333333333333335,2.142857142857143,2.1904761904761907,0.0,0.047619047619047616,4.857142857142857,4.904761904761905,3.9523809523809526,5.285714285714286,11.428571428571429,11.952380952380953
2025-09-20,Norwich,Wrexham,2,3,A,1,3,0,0,2,3,5,8,6,9,1,1.1428571428571428,1.2380952380952381,-0.09523809523809534,1.4285714285714286,1.8571428571428572,0.047619047619047616,0.0,5.857142857142857,3.7142857142857144,4.238095238095238,2.7142857142857144,9.857142857142858,9.952380952380953
2025-09-20,Portsmouth,Sheffield Weds,0,2,A,1,5,0,0,11,5,5,8,5,10,0,1.0952380952380953,0.6666666666666666,0.4285714285714287,1.6666666666666667,1.5238095238095237,0.047619047619047616,0.14285714285714285,6.476190476190476,4.0476190476190474,4.571428571428571,2.4761904761904763,9.285714285714286,11.428571428571429
2025-09-20,Sheffield United,Charlton,0,1,A,1,3,0,0,6,1,1,4,14,18,0,1.6666666666666667,0.9047619047619048,0.761904761904762,1.4285714285714286,2.142857142857143,0.14285714285714285,0.0,7.714285714285714,3.1904761904761907,4.904761904761905,2.9523809523809526,9.952380952380953,12.428571428571429
2025-09-21,Bristol City,Oxford,1,3,A,4,1,0,0,8,5,2,6,15,14,1,1.380952380952381,1.0,0.38095238095238093,1.5714285714285714,1.9523809523809523,0.047619047619047616,0.047619047619047616,4.904761904761905,3.5238095238095237,3.857142857142857,2.761904761904762,8.952380952380953,11.19047619047619
2025-09-22,Millwall,Watford,1,0,H,1,0,0,0,7,4,2,4,11,9,0,1.380952380952381,1.0476190476190477,0.33333333333333326,1.3333333333333333,2.380952380952381,0.09523809523809523,0.047619047619047616,5.857142857142857,4.619047619047619,4.476190476190476,3.5238095238095237,11.333333333333334,10.619047619047619
2025-09-26,West Brom,Leicester,1,1,D,2,5,0,0,3,3,5,1,13,16,1,1.1904761904761905,1.2380952380952381,-0.04761904761904767,1.2857142857142858,1.9047619047619047,0.047619047619047616,0.14285714285714285,6.380952380952381,4.0,4.428571428571429,4.190476190476191,10.238095238095237,11.047619047619047
2025-09-27,Coventry,Birmingham,3,0,H,1,2,0,1,3,4,5,0,11,12,0,2.0476190476190474,0.7619047619047619,1.2857142857142856,1.380952380952381,1.7142857142857142,0.0,0.14285714285714285,6.142857142857143,4.714285714285714,5.761904761904762,2.380952380952381,9.904761904761905,12.285714285714286
2025-09-27,Swansea,Millwall,1,1,D,1,2,0,0,6,4,2,3,7,20,1,1.4285714285714286,1.2857142857142858,0.1428571428571428,1.9523809523809523,2.3333333333333335,0.047619047619047616,0.047619047619047616,5.0,5.095238095238095,3.619047619047619,3.6666666666666665,9.571428571428571,15.095238095238095
2025-09-27,Wrexham,Derby,1,1,D,1,5,0,0,4,3,5,3,9,16,1,1.7619047619047619,1.5238095238095237,0.23809523809523814,1.3333333333333333,2.5714285714285716,0.047619047619047616,0.09523809523809523,5.285714285714286,3.4761904761904763,4.666666666666667,3.238095238095238,8.80952380952381,12.857142857142858
2025-09-27,Charlton,Blackburn,3,0,H,4,2,0,0,3,3,7,2,15,11,0,0.9523809523809523,0.9090909090909091,0.04329004329004327,2.142857142857143,2.227272727272727,0.047619047619047616,0.0,5.285714285714286,4.909090909090909,4.0,3.0454545454545454,11.142857142857142,11.363636363636363
2025-09-27,Ipswich,Portsmouth,2,1,H,1,2,0,0,5,4,5,4,15,11,1,1.8095238095238095,0.9523809523809523,0.8571428571428572,1.3333333333333333,2.0952380952380953,0.0,0.047619047619047616,6.285714285714286,5.380952380952381,5.619047619047619,3.0,10.476190476190476,10.428571428571429
2025-09-27,Oxford,Sheffield United,0,1,A,1,1,0,0,3,5,3,2,10,13,0,0.9523809523809523,1.1428571428571428,-0.19047619047619047,1.2857142857142858,1.8095238095238095,0.0,0.14285714285714285,4.380952380952381,5.904761904761905,3.9523809523809526,3.4761904761904763,10.285714285714286,10.904761904761905
2025-09-27,Preston,Bristol City,0,0,D,4,1,0,0,2,9,2,7,9,10,0,1.2857142857142858,1.0952380952380953,0.19047619047619047,2.0952380952380953,1.9523809523809523,0.09523809523809523,0.0,4.904761904761905,5.142857142857143,3.4285714285714284,4.238095238095238,10.19047619047619,10.380952380952381
2025-09-27,Sheffield Weds,QPR,1,1,D,2,2,0,0,5,4,5,4,12,19,1,0.5238095238095238,1.0,-0.47619047619047616,1.4761904761904763,1.6666666666666667,0.0,0.0,4.666666666666667,4.095238095238095,2.4285714285714284,3.1904761904761907,11.619047619047619,10.428571428571429
2025-09-27,Southampton,Middlesbrough,1,1,D,2,6,0,0,6,3,2,1,11,17,1,1.619047619047619,1.619047619047619,0.0,1.5238095238095237,2.0476190476190474,0.0,0.047619047619047616,6.333333333333333,6.285714285714286,5.476190476190476,4.571428571428571,9.333333333333334,9.285714285714286
2025-09-27,Stoke,Norwich,1,1,D,0,3,0,0,12,2,6,3,11,9,1,1.5238095238095237,1.4761904761904763,0.04761904761904745,2.0,2.3333333333333335,0.14285714285714285,0.0,6.095238095238095,4.714285714285714,4.904761904761905,4.333333333333333,10.761904761904763,10.142857142857142
2025-09-27,Watford,Hull,2,1,H,1,5,0,0,6,6,8,4,7,16,1,1.4285714285714286,1.5238095238095237,-0.09523809523809512,1.7619047619047619,2.9047619047619047,0.09523809523809523,0.09523809523809523,5.571428571428571,4.0,5.571428571428571,4.238095238095238,10.904761904761905,11.714285714285714
2025-09-30,Birmingham,Sheffield Weds,2,2,D,3,2,0,0,10,4,5,3,15,11,1,1.6666666666666667,0.6666666666666666,1.0,1.8095238095238095,1.5238095238095237,0.09523809523809523,0.14285714285714285,6.761904761904762,4.0476190476190474,5.666666666666667,2.4761904761904763,11.047619047619047,11.428571428571429
2025-09-30,Blackburn,Swansea,1,2,A,3,2,0,0,7,3,3,4,15,13,1,0.8571428571428571,0.9523809523809523,-0.09523809523809523,1.9047619047619047,1.9523809523809523,0.047619047619047616,0.0,5.809523809523809,4.0,3.2857142857142856,3.761904761904762,9.904761904761905,10.904761904761905
2025-09-30,Bristol City,Ipswich,1,1,D,4,2,0,0,3,6,3,3,14,11,1,1.380952380952381,1.65,-0.269047619047619,1.5714285714285714,2.45,0.047619047619047616,0.0,4.904761904761905,5.05,3.857142857142857,4.35,8.952380952380953,11.7
2025-09-30,Hull,Preston,2,2,D,0,1,0,0,5,3,5,5,11,9,1,1.5238095238095237,1.0952380952380953,0.4285714285714284,2.142857142857143,1.9523809523809523,0.0,0.047619047619047616,4.857142857142857,3.619047619047619,3.9523809523809526,3.5714285714285716,11.428571428571429,11.19047619047619
2025-09-30,Leicester,Wrexham,1,1,D,3,1,0,0,7,1,1,1,9,7,1,1.3333333333333333,1.2380952380952381,0.09523809523809512,1.619047619047619,1.8571428571428572,0.047619047619047616,0.0,6.238095238095238,3.7142857142857144,4.0,2.7142857142857144,10.571428571428571,9.952380952380953
2025-09-30,Middlesbrough,Stoke,0,0,D,2,0,0,0,5,8,4,5,8,5,0,1.3333333333333333,0.8095238095238095,0.5238095238095237,1.0,2.0,0.0,0.09523809523809523,7.666666666666667,5.095238095238095,5.0476190476190474,2.9523809523809526,9.285714285714286,10.19047619047619
2025-09-30,Sheffield United,Southampton,1,2,A,3,4,0,0,4,5,3,5,14,19,1,1.6666666666666667,1.8571428571428572,-0.19047619047619047,1.4285714285714286,2.1904761904761907,0.14285714285714285,0.047619047619047616,7.714285714285714,4.904761904761905,4.904761904761905,5.285714285714286,9.952380952380953,11.952380952380953
2025-09-30,Derby,Charlton,1,1,D,2,0,0,0,5,2,3,3,11,10,1,1.380952380952381,0.9047619047619048,0.47619047619047616,1.9523809523809523,2.142857142857143,0.047619047619047616,0.0,5.428571428571429,3.1904761904761907,3.7142857142857144,2.9523809523809526,11.714285714285714,12.428571428571429
2025-10-01,Millwall,Coventry,0,4,A,2,2,0,0,3,3,3,5,9,9,0,1.380952380952381,1.9523809523809523,-0.5714285714285714,1.3333333333333333,1.7142857142857142,0.09523809523809523,0.14285714285714285,5.857142857142857,4.714285714285714,4.476190476190476,5.428571428571429,11.333333333333334,9.80952380952381
2025-10-01,Norwich,West Brom,0,1,A,1,4,0,0,4,3,5,1,8,9,0,1.1428571428571428,0.8095238095238095,0.33333333333333326,1.4285714285714286,1.9047619047619047,0.047619047619047616,0.09523809523809523,5.857142857142857,4.285714285714286,4.238095238095238,3.4761904761904763,9.857142857142858,10.428571428571429
2025-10-01,Portsmouth,Watford,2,2,D,2,5,0,0,3,3,5,6,9,15,1,1.0952380952380953,1.0476190476190477,0.04761904761904767,1.6666666666666667,2.380952380952381,0.047619047619047616,0.047619047619047616,6.476190476190476,4.619047619047619,4.571428571428571,3.5238095238095237,9.285714285714286,10.619047619047619
2025-10-01,QPR,Oxford,0,0,D,3,1,0,0,9,1,1,0,12,11,0,1.7619047619047619,1.0,0.7619047619047619,1.9523809523809523,1.9523809523809523,0.047619047619047616,0.047619047619047616,5.238095238095238,3.5238095238095237,4.666666666666667,2.761904761904762,11.047619047619047,11.19047619047619
2025-10-03,Wrexham,Birmingham,1,1,D,0,2,0,0,5,5,4,3,4,8,1,1.7619047619047619,0.7619047619047619,1.0,1.3333333333333333,1.7142857142857142,0.047619047619047616,0.14285714285714285,5.285714285714286,4.714285714285714,4.666666666666667,2.380952380952381,8.80952380952381,12.285714285714286
2025-10-04,Blackburn,Stoke,1,1,D,1,1,0,0,7,6,5,6,5,9,1,0.8571428571428571,0.8095238095238095,0.04761904761904756,1.9047619047619047,2.0,0.047619047619047616,0.09523809523809523,5.809523809523809,5.095238095238095,3.2857142857142856,2.9523809523809526,9.904761904761905,10.19047619047619
2025-10-04,Hull,Sheffield United,1,0,H,2,2,0,0,4,9,2,4,13,13,0,1.5238095238095237,1.1428571428571428,0.38095238095238093,2.142857142857143,1.8095238095238095,0.0,0.14285714285714285,4.857142857142857,5.904761904761905,3.9523809523809526,3.4761904761904763,11.428571428571429,10.904761904761905
2025-10-04,Sheffield Weds,Coventry,0,5,A,1,1,0,0,13,8,0,10,9,3,0,0.5238095238095238,1.9523809523809523,-1.4285714285714284,1.4761904761904763,1.7142857142857142,0.0,0.14285714285714285,4.666666666666667,4.714285714285714,2.4285714285714284,5.428571428571429,11.619047619047619,9.80952380952381
2025-10-04,Bristol City,QPR,1,2,A,5,1,0,0,4,1,1,2,9,8,1,1.380952380952381,1.0,0.38095238095238093,1.5714285714285714,1.6666666666666667,0.047619047619047616,0.0,4.904761904761905,4.095238095238095,3.857142857142857,3.1904761904761907,8.952380952380953,10.428571428571429
2025-10-04,Derby,Southampton,1,1,D,4,2,0,0,3,5,5,6,11,9,1,1.380952380952381,1.8571428571428572,-0.4761904761904763,1.9523809523809523,2.1904761904761907,0.047619047619047616,0.047619047619047616,5.428571428571429,4.904761904761905,3.7142857142857144,5.285714285714286,11.714285714285714,11.952380952380953
2025-10-04,Millwall,West Brom,3,0,H,1,2,0,0,4,5,4,1,17,8,0,1.380952380952381,0.8095238095238095,0.5714285714285714,1.3333333333333333,1.9047619047619047,0.09523809523809523,0.09523809523809523,5.857142857142857,4.285714285714286,4.476190476190476,3.4761904761904763,11.333333333333334,10.428571428571429
2025-10-04,Portsmouth,Middlesbrough,1,0,H,2,1,0,0,2,8,1,1,13,6,0,1.0952380952380953,1.619047619047619,-0.5238095238095237,1.6666666666666667,2.0476190476190474,0.047619047619047616,0.047619047619047616,6.476190476190476,6.285714285714286,4.571428571428571,4.571428571428571,9.285714285714286,9.285714285714286
2025-10-04,Preston,Charlton,2,0,H,0,2,0,0,3,4,3,0,6,9,0,1.2857142857142858,0.9047619047619048,0.38095238095238104,2.0952380952380953,2.142857142857143,0.09523809523809523,0.0,4.904761904761905,3.1904761904761907,3.4285714285714284,2.9523809523809526,10.19047619047619,12.428571428571429
2025-10-04,Swansea,Leicester,1,3,A,2,1,0,0,2,5,7,7,10,11,1,1.4285714285714286,1.2380952380952381,0.19047619047619047,1.9523809523809523,1.9047619047619047,0.047619047619047616,0.14285714285714285,5.0,4.0,3.619047619047619,4.190476190476191,9.571428571428571,11.047619047619047
2025-10-04,Watford,Oxford,2,1,H,3,4,0,0,9,3,10,5,6,9,1,1.4285714285714286,1.0,0.4285714285714286,1.7619047619047619,1.9523809523809523,0.09523809523809523,0.047619047619047616,5.571428571428571,3.5238095238095237,5.571428571428571,2.761904761904762,10.904761904761905,11.19047619047619
2025-10-05,Ipswich,Norwich,3,1,H,1,3,0,0,8,8,9,4,9,15,1,1.8095238095238095,1.4761904761904763,0.33333333333333326,1.3333333333333333,2.3333333333333335,0.0,0.0,6.285714285714286,4.714285714285714,5.619047619047619,4.333333333333333,10.476190476190476,10.142857142857142
2025-10-17,Middlesbrough,Ipswich,2,1,H,3,1,0,0,5,9,5,5,12,14,1,1.3333333333333333,1.65,-0.31666666666666665,1.0,2.45,0.0,0.0,7.666666666666667,5.05,5.0476190476190474,4.35,9.285714285714286,11.7
2025-10-18,Oxford,Derby,1,0,H,4,1,0,0,4,12,7,1,9,12,0,0.9523809523809523,1.5238095238095237,-0.5714285714285714,1.2857142857142858,2.5714285714285716,0.0,0.09523809523809523,4.380952380952381,3.4761904761904763,3.9523809523809526,3.238095238095238,10.285714285714286,12.857142857142858
2025-10-18,QPR,Millwall,1,2,A,2,4,0,0,8,3,3,5,8,13,1,1.7619047619047619,1.2857142857142858,0.47619047619047605,1.9523809523809523,2.3333333333333335,0.047619047619047616,0.047619047619047616,5.238095238095238,5.095238095238095,4.666666666666667,3.6666666666666665,11.047619047619047,15.095238095238095
2025-10-18,Southampton,Swansea,0,0,D,0,4,0,0,5,3,8,1,11,14,0,1.619047619047619,0.9523809523809523,0.6666666666666667,1.5238095238095237,1.9523809523809523,0.0,0.0,6.333333333333333,4.0,5.476190476190476,3.761904761904762,9.333333333333334,10.904761904761905
2025-10-18,Birmingham,Hull,2,3,A,2,7,1,0,9,7,8,7,7,14,1,1.6666666666666667,1.5238095238095237,0.14285714285714302,1.8095238095238095,2.9047619047619047,0.09523809523809523,0.09523809523809523,6.761904761904762,4.0,5.666666666666667,4.238095238095238,11.047619047619047,11.714285714285714
2025-10-18,Charlton,Sheffield Weds,2,1,H,1,2,0,1,2,4,5,4,9,11,1,0.9523809523809523,0.6666666666666666,0.2857142857142857,2.142857142857143,1.5238095238095237,0.047619047619047616,0.14285714285714285,5.285714285714286,4.0476190476190474,4.0,2.4761904761904763,11.142857142857142,11.428571428571429
2025-10-18,Coventry,Blackburn,2,0,H,0,2,0,0,2,7,5,3,7,15,0,2.0476190476190474,0.9090909090909091,1.1385281385281383,1.380952380952381,2.227272727272727,0.0,0.0,6.142857142857143,4.909090909090909,5.761904761904762,3.0454545454545454,9.904761904761905,11.363636363636363
2025-10-18,Norwich,Bristol City,0,1,A,2,3,0,0,3,9,4,6,11,14,0,1.1428571428571428,1.0952380952380953,0.04761904761904745,1.4285714285714286,1.9523809523809523,0.047619047619047616,0.0,5.857142857142857,5.142857142857143,4.238095238095238,4.238095238095238,9.857142857142858,10.380952380952381
2025-10-18,Sheffield United,Watford,1,0,H,0,1,0,0,7,3,6,1,5,8,0,1.6666666666666667,1.0476190476190477,0.6190476190476191,1.4285714285714286,2.380952380952381,0.14285714285714285,0.047619047619047616,7.714285714285714,4.619047619047619,4.904761904761905,3.5238095238095237,9.952380952380953,10.619047619047619
2025-10-18,Stoke,Wrexham,1,0,H,2,0,0,0,6,4,3,3,8,5,0,1.5238095238095237,1.2380952380952381,0.2857142857142856,2.0,1.8571428571428572,0.14285714285714285,0.0,6.095238095238095,3.7142857142857144,4.904761904761905,2.7142857142857144,10.761904761904763,9.952380952380953
2025-10-18,West Brom,Preston,2,1,H,2,1,0,0,8,4,6,5,10,9,1,1.1904761904761905,1.0952380952380953,0.09523809523809512,1.2857142857142858,1.9523809523809523,0.047619047619047616,0.047619047619047616,6.380952380952381,3.619047619047619,4.428571428571429,3.5714285714285716,10.238095238095237,11.19047619047619
2025-10-18,Leicester,Portsmouth,1,1,D,1,2,0,0,14,4,6,3,15,9,1,1.3333333333333333,0.9523809523809523,0.38095238095238093,1.619047619047619,2.0952380952380953,0.047619047619047616,0.047619047619047616,6.238095238095238,5.380952380952381,4.0,3.0,10.571428571428571,10.428571428571429
2025-10-21,Blackburn,Sheffield United,1,3,A,1,1,0,0,5,5,3,5,6,10,1,0.8571428571428571,1.1428571428571428,-0.2857142857142857,1.9047619047619047,1.8095238095238095,0.047619047619047616,0.14285714285714285,5.809523809523809,5.904761904761905,3.2857142857142856,3.4761904761904763,9.904761904761905,10.904761904761905
2025-10-21,Derby,Norwich,1,0,H,2,1,0,0,5,13,3,3,13,7,0,1.380952380952381,1.4761904761904763,-0.09523809523809534,1.9523809523809523,2.3333333333333335,0.047619047619047616,0.0,5.428571428571429,4.714285714285714,3.7142857142857144,4.333333333333333,11.714285714285714,10.142857142857142
2025-10-21,Hull,Leicester,2,1,H,1,2,0,0,1,7,6,4,8,12,1,1.5238095238095237,1.2380952380952381,0.2857142857142856,2.142857142857143,1.9047619047619047,0.0,0.14285714285714285,4.857142857142857,4.0,3.9523809523809526,4.190476190476191,11.428571428571429,11.047619047619047
2025-10-21,Ipswich,Charlton,0,3,A,0,3,0,0,16,3,5,8,7,11,0,1.8095238095238095,0.9047619047619048,0.9047619047619048,1.3333333333333333,2.142857142857143,0.0,0.0,6.285714285714286,3.1904761904761907,5.619047619047619,2.9523809523809526,10.476190476190476,12.428571428571429
2025-10-21,Millwall,Stoke,2,0,H,2,1,0,0,3,2,7,3,13,7,0,1.380952380952381,0.8095238095238095,0.5714285714285714,1.3333333333333333,2.0,0.09523809523809523,0.09523809523809523,5.857142857142857,5.095238095238095,4.476190476190476,2.9523809523809526,11.333333333333334,10.19047619047619
2025-10-21,Portsmouth,Coventry,1,2,A,1,1,0,0,6,5,5,7,5,12,1,1.0952380952380953,1.9523809523809523,-0.857142857142857,1.6666666666666667,1.7142857142857142,0.047619047619047616,0.14285714285714285,6.476190476190476,4.714285714285714,4.571428571428571,5.428571428571429,9.285714285714286,9.80952380952381
2025-10-21,Preston,Birmingham,0,1,A,2,5,0,0,9,3,6,2,8,14,0,1.2857142857142858,0.7619047619047619,0.523809523809524,2.0952380952380953,1.7142857142857142,0.09523809523809523,0.14285714285714285,4.904761904761905,4.714285714285714,3.4285714285714284,2.380952380952381,10.19047619047619,12.285714285714286
2025-10-21,Bristol City,Southampton,3,1,H,1,2,0,0,2,3,4,7,10,11,1,1.380952380952381,1.8571428571428572,-0.4761904761904763,1.5714285714285714,2.1904761904761907,0.047619047619047616,0.047619047619047616,4.904761904761905,4.904761904761905,3.857142857142857,5.285714285714286,8.952380952380953,11.952380952380953
2025-10-22,Swansea,QPR,0,1,A,1,4,1,0,6,3,2,4,8,9,0,1.4285714285714286,1.0,0.4285714285714286,1.9523809523809523,1.6666666666666667,0.047619047619047616,0.0,5.0,4.095238095238095,3.619047619047619,3.1904761904761907,9.571428571428571,10.428571428571429
2025-10-22,Watford,West Brom,2,1,H,0,2,0,0,4,5,5,4,12,8,1,1.4285714285714286,0.8095238095238095,0.6190476190476191,1.7619047619047619,1.9047619047619047,0.09523809523809523,0.09523809523809523,5.571428571428571,4.285714285714286,5.571428571428571,3.4761904761904763,10.904761904761905,10.428571428571429
2025-10-22,Wrexham,Oxford,1,0,H,3,1,1,0,6,3,6,2,12,12,0,1.7619047619047619,1.0,0.7619047619047619,1.3333333333333333,1.9523809523809523,0.047619047619047616,0.047619047619047616,5.285714285714286,3.5238095238095237,4.666666666666667,2.761904761904762,8.80952380952381,11.19047619047619
2025-10-22,Sheffield Weds,Middlesbrough,0,1,A,3,1,0,0,6,5,3,7,8,4,0,0.5238095238095238,1.619047619047619,-1.0952380952380953,1.4761904761904763,2.0476190476190474,0.0,0.047619047619047616,4.666666666666667,6.285714285714286,2.4285714285714284,4.571428571428571,11.619047619047619,9.285714285714286
2025-10-24,Preston,Sheffield United,3,2,H,4,1,0,0,2,4,3,3,14,11,1,1.2857142857142858,1.1428571428571428,0.14285714285714302,2.0952380952380953,1.8095238095238095,0.09523809523809523,0.14285714285714285,4.904761904761905,5.904761904761905,3.4285714285714284,3.4761904761904763,10.19047619047619,10.904761904761905
2025-10-25,Coventry,Watford,3,1,H,3,2,0,1,5,7,3,8,10,8,1,2.0476190476190474,1.0476190476190477,0.9999999999999998,1.380952380952381,2.380952380952381,0.0,0.047619047619047616,6.142857142857143,4.619047619047619,5.761904761904762,3.5238095238095237,9.904761904761905,10.619047619047619
2025-10-25,Ipswich,West Brom,1,0,H,1,1,0,0,4,5,4,1,12,8,0,1.8095238095238095,0.8095238095238095,1.0,1.3333333333333333,1.9047619047619047,0.0,0.09523809523809523,6.285714285714286,4.285714285714286,5.619047619047619,3.4761904761904763,10.476190476190476,10.428571428571429
2025-10-25,Portsmouth,Stoke,0,1,A,2,3,0,0,6,2,3,2,8,15,0,1.0952380952380953,0.8095238095238095,0.2857142857142858,1.6666666666666667,2.0,0.047619047619047616,0.09523809523809523,6.476190476190476,5.095238095238095,4.571428571428571,2.9523809523809526,9.285714285714286,10.19047619047619
2025-10-25,Blackburn,Southampton,2,1,H,3,1,0,1,6,5,6,5,13,7,1,0.8571428571428571,1.8571428571428572,-1.0,1.9047619047619047,2.1904761904761907,0.047619047619047616,0.047619047619047616,5.809523809523809,4.904761904761905,3.2857142857142856,5.285714285714286,9.904761904761905,11.952380952380953
2025-10-25,Bristol City,Birmingham,1,0,H,2,1,0,0,0,6,1,1,9,6,0,1.380952380952381,0.7619047619047619,0.6190476190476191,1.5714285714285714,1.7142857142857142,0.047619047619047616,0.14285714285714285,4.904761904761905,4.714285714285714,3.857142857142857,2.380952380952381,8.952380952380953,12.285714285714286
2025-10-25,Derby,QPR,1,0,H,2,2,0,0,5,2,4,1,13,10,0,1.380952380952381,1.0,0.38095238095238093,1.9523809523809523,1.6666666666666667,0.047619047619047616,0.0,5.428571428571429,4.095238095238095,3.7142857142857144,3.1904761904761907,11.714285714285714,10.428571428571429
2025-10-25,Hull,Charlton,1,1,D,2,1,0,0,6,2,4,5,8,9,1,1.5238095238095237,0.9047619047619048,0.619047619047619,2.142857142857143,2.142857142857143,0.0,0.0,4.857142857142857,3.1904761904761907,3.9523809523809526,2.9523809523809526,11.428571428571429,12.428571428571429
2025-10-25,Middlesbrough,Wrexham,1,1,D,0,5,0,0,4,4,4,2,8,17,1,1.3333333333333333,1.2380952380952381,0.09523809523809512,1.0,1.8571428571428572,0.0,0.0,7.666666666666667,3.7142857142857144,5.0476190476190474,2.7142857142857144,9.285714285714286,9.952380952380953
2025-10-25,Millwall,Leicester,1,0,H,1,2,0,0,5,9,4,3,12,8,0,1.380952380952381,1.2380952380952381,0.1428571428571428,1.3333333333333333,1.9047619047619047,0.09523809523809523,0.14285714285714285,5.857142857142857,4.0,4.476190476190476,4.190476190476191,11.333333333333334,11.047619047619047
2025-10-25,Sheffield Weds,Oxford,1,2,A,0,0,0,0,8,3,5,4,11,11,1,0.5238095238095238,1.0,-0.47619047619047616,1.4761904761904763,1.9523809523809523,0.0,0.047619047619047616,4.666666666666667,3.5238095238095237,2.4285714285714284,2.761904761904762,11.619047619047619,11.19047619047619
2025-10-25,Swansea,Norwich,2,1,H,3,1,0,0,2,3,3,3,13,12,1,1.4285714285714286,1.4761904761904763,-0.04761904761904767,1.9523809523809523,2.3333333333333335,0.047619047619047616,0.0,5.0,4.714285714285714,3.619047619047619,4.333333333333333,9.571428571428571,10.142857142857142
2025-10-31,Wrexham,Coventry,3,2,H,2,1,0,0,3,6,7,5,9,10,1,1.7619047619047619,1.9523809523809523,-0.19047619047619047,1.3333333333333333,1.7142857142857142,0.047619047619047616,0.14285714285714285,5.285714285714286,4.714285714285714,4.666666666666667,5.428571428571429,8.80952380952381,9.80952380952381
2025-11-01,Leicester,Blackburn,0,2,A,0,1,0,0,7,4,1,5,9,12,0,1.3333333333333333,0.9090909090909091,0.4242424242424242,1.619047619047619,2.227272727272727,0.047619047619047616,0.0,6.238095238095238,4.909090909090909,4.0,3.0454545454545454,10.571428571428571,11.363636363636363
2025-11-01,Norwich,Hull,0,2,A,1,2,0,0,6,4,3,4,8,12,0,1.1428571428571428,1.5238095238095237,-0.38095238095238093,1.4285714285714286,2.9047619047619047,0.047619047619047616,0.09523809523809523,5.857142857142857,4.0,4.238095238095238,4.238095238095238,9.857142857142858,11.714285714285714
2025-11-01,West Brom,Sheffield Weds,0,0,D,1,1,0,0,8,3,6,2,17,14,0,1.1904761904761905,0.6666666666666666,0.5238095238095238,1.2857142857142858,1.5238095238095237,0.047619047619047616,0.14285714285714285,6.380952380952381,4.0476190476190474,4.428571428571429,2.4761904761904763,10.238095238095237,11.428571428571429
2025-11-01,Birmingham,Portsmouth,4,0,H,1,2,0,0,9,5,7,0,12,10,0,1.6666666666666667,0.9523809523809523,0.7142857142857144,1.8095238095238095,2.0952380952380953,0.09523809523809523,0.047619047619047616,6.761904761904762,5.380952380952381,5.666666666666667,3.0,11.047619047619047,10.428571428571429
2025-11-01,Charlton,Swansea,1,1,D,0,0,0,0,4,7,4,2,10,8,1,0.9523809523809523,0.9523809523809523,0.0,2.142857142857143,1.9523809523809523,0.047619047619047616,0.0,5.285714285714286,4.0,4.0,3.761904761904762,11.142857142857142,10.904761904761905
2025-11-01,Oxford,Millwall,2,2,D,0,0,0,0,5,8,6,4,5,14,1,0.9523809523809523,1.2857142857142858,-0.3333333333333335,1.2857142857142858,2.3333333333333335,0.0,0.047619047619047616,4.380952380952381,5.095238095238095,3.9523809523809526,3.6666666666666665,10.285714285714286,15.095238095238095
2025-11-01,QPR,Ipswich,1,4,A,4,0,0,0,3,2,5,7,16,10,1,1.7619047619047619,1.65,0.11190476190476195,1.9523809523809523,2.45,0.047619047619047616,0.0,5.238095238095238,5.05,4.666666666666667,4.35,11.047619047619047,11.7
2025-11-01,Sheffield United,Derby,1,3,A,2,1,0,0,9,4,5,4,10,11,1,1.6666666666666667,1.5238095238095237,0.14285714285714302,1.4285714285714286,2.5714285714285716,0.14285714285714285,0.09523809523809523,7.714285714285714,3.4761904761904763,4.904761904761905,3.238095238095238,9.952380952380953,12.857142857142858
2025-11-01,Southampton,Preston,0,2,A,1,3,0,0,8,2,2,3,11,18,0,1.619047619047619,1.0952380952380953,0.5238095238095237,1.5238095238095237,1.9523809523809523,0.0,0.047619047619047616,6.333333333333333,3.619047619047619,5.476190476190476,3.5714285714285716,9.333333333333334,11.19047619047619
2025-11-01,Stoke,Bristol City,5,1,H,3,0,0,0,4,10,8,5,13,10,1,1.5238095238095237,1.0952380952380953,0.4285714285714284,2.0,1.9523809523809523,0.14285714285714285,0.0,6.095238095238095,5.142857142857143,4.904761904761905,4.238095238095238,10.761904761904763,10.380952380952381
2025-11-01,Watford,Middlesbrough,3,0,H,2,1,0,0,1,7,4,4,15,11,0,1.4285714285714286,1.619047619047619,-0.19047619047619047,1.7619047619047619,2.0476190476190474,0.09523809523809523,0.047619047619047616,5.571428571428571,6.285714285714286,5.571428571428571,4.571428571428571,10.904761904761905,9.285714285714286
2025-11-04,Birmingham,Millwall,4,0,H,0,0,0,0,2,3,6,2,3,12,0,1.6666666666666667,1.2857142857142858,0.38095238095238093,1.8095238095238095,2.3333333333333335,0.09523809523809523,0.047619047619047616,6.761904761904762,5.095238095238095,5.666666666666667,3.6666666666666665,11.047619047619047,15.095238095238095
2025-11-04,Bristol City,Blackburn,0,1,A,0,3,0,0,6,3,0,5,8,10,0,1.380952380952381,0.9090909090909091,0.47186147186147187,1.5714285714285714,2.227272727272727,0.047619047619047616,0.0,4.904761904761905,4.909090909090909,3.857142857142857,3.0454545454545454,8.952380952380953,11.363636363636363
2025-11-04,Charlton,West Brom,1,0,H,0,0,0,0,4,3,3,1,13,12,0,0.9523809523809523,0.8095238095238095,0.1428571428571428,2.142857142857143,1.9047619047619047,0.047619047619047616,0.09523809523809523,5.285714285714286,4.285714285714286,4.0,3.4761904761904763,11.142857142857142,10.428571428571429
2025-11-04,Derby,Hull,2,1,H,1,0,0,0,6,5,3,2,13,7,1,1.380952380952381,1.5238095238095237,-0.1428571428571428,1.9523809523809523,2.9047619047619047,0.047619047619047616,0.09523809523809523,5.428571428571429,4.0,3.7142857142857144,4.238095238095238,11.714285714285714,11.714285714285714
2025-11-04,Ipswich,Watford,1,1,D,1,2,0,0,2,5,4,2,2,14,1,1.8095238095238095,1.0476190476190477,0.7619047619047619,1.3333333333333333,2.380952380952381,0.0,0.047619047619047616,6.285714285714286,4.619047619047619,5.619047619047619,3.5238095238095237,10.476190476190476,10.619047619047619
2025-11-04,Leicester,Middlesbrough,1,1,D,6,1,0,1,3,6,2,4,18,11,1,1.3333333333333333,1.619047619047619,-0.2857142857142858,1.619047619047619,2.0476190476190474,0.047619047619047616,0.047619047619047616,6.238095238095238,6.285714285714286,4.0,4.571428571428571,10.571428571428571,9.285714285714286
2025-11-04,Oxford,Stoke,0,3,A,1,3,0,0,10,7,1,6,6,13,0,0.9523809523809523,0.8095238095238095,0.1428571428571428,1.2857142857142858,2.0,0.0,0.09523809523809523,4.380952380952381,5.095238095238095,3.9523809523809526,2.9523809523809526,10.285714285714286,10.19047619047619
2025-11-04,Coventry,Sheffield United,3,1,H,3,2,0,0,6,13,8,4,5,14,1,2.0476190476190474,1.1428571428571428,0.9047619047619047,1.380952380952381,1.8095238095238095,0.0,0.14285714285714285,6.142857142857143,5.904761904761905,5.761904761904762,3.4761904761904763,9.904761904761905,10.904761904761905
2025-11-05,Preston,Swansea,2,1,H,3,1,0,0,2,8,3,5,12,5,1,1.2857142857142858,0.9523809523809523,0.3333333333333335,2.0952380952380953,1.9523809523809523,0.09523809523809523,0.0,4.904761904761905,4.0,3.4285714285714284,3.761904761904762,10.19047619047619,10.904761904761905
2025-11-05,QPR,Southampton,1,2,A,1,3,0,0,12,1,5,2,12,14,1,1.7619047619047619,1.8571428571428572,-0.09523809523809534,1.9523809523809523,2.1904761904761907,0.047619047619047616,0.047619047619047616,5.238095238095238,4.904761904761905,4.666666666666667,5.285714285714286,11.047619047619047,11.952380952380953
2025-11-05,Sheffield Weds,Norwich,1,1,D,0,4,0,0,9,4,6,3,9,8,1,0.5238095238095238,1.4761904761904763,-0.9523809523809524,1.4761904761904763,2.3333333333333335,0.0,0.0,4.666666666666667,4.714285714285714,2.4285714285714284,4.333333333333333,11.619047619047619,10.142857142857142
2025-11-05,Portsmouth,Wrexham,0,0,D,3,3,0,0,10,3,7,3,9,8,0,1.0952380952380953,1.2380952380952381,-0.1428571428571428,1.6666666666666667,1.8571428571428572,0.047619047619047616,0.0,6.476190476190476,3.7142857142857144,4.571428571428571,2.7142857142857144,9.285714285714286,9.952380952380953
2025-11-07,Watford,Bristol City,1,1,D,2,1,0,0,6,4,10,4,10,9,1,1.4285714285714286,1.0952380952380953,0.33333333333333326,1.7619047619047619,1.9523809523809523,0.09523809523809523,0.0,5.571428571428571,5.142857142857143,5.571428571428571,4.238095238095238,10.904761904761905,10.380952380952381
2025-11-08,Blackburn,Derby,1,2,A,1,3,0,0,13,3,3,4,6,11,1,0.8571428571428571,1.5238095238095237,-0.6666666666666666,1.9047619047619047,2.5714285714285716,0.047619047619047616,0.09523809523809523,5.809523809523809,3.4761904761904763,3.2857142857142856,3.238095238095238,9.904761904761905,12.857142857142858
2025-11-08,Hull,Portsmouth,3,2,H,1,3,0,0,5,5,4,5,6,14,1,1.5238095238095237,0.9523809523809523,0.5714285714285714,2.142857142857143,2.0952380952380953,0.0,0.047619047619047616,4.857142857142857,5.380952380952381,3.9523809523809526,3.0,11.428571428571429,10.428571428571429
2025-11-08,Millwall,Preston,1,1,D,2,2,0,0,10,6,4,6,11,10,1,1.380952380952381,1.0952380952380953,0.2857142857142856,1.3333333333333333,1.9523809523809523,0.09523809523809523,0.047619047619047616,5.857142857142857,3.619047619047619,4.476190476190476,3.5714285714285716,11.333333333333334,11.19047619047619
2025-11-08,Middlesbrough,Birmingham,2,1,H,1,1,0,0,3,5,4,5,9,13,1,1.3333333333333333,0.7619047619047619,0.5714285714285714,1.0,1.7142857142857142,0.0,0.14285714285714285,7.666666666666667,4.714285714285714,5.0476190476190474,2.380952380952381,9.285714285714286,12.285714285714286
2025-11-08,Norwich,Leicester,1,2,A,1,1,0,0,6,3,3,7,17,10,1,1.1428571428571428,1.2380952380952381,-0.09523809523809534,1.4285714285714286,1.9047619047619047,0.047619047619047616,0.14285714285714285,5.857142857142857,4.0,4.238095238095238,4.190476190476191,9.857142857142858,11.047619047619047
2025-11-08,Sheffield United,QPR,0,0,D,0,2,0,0,14,5,3,4,6,7,0,1.6666666666666667,1.0,0.6666666666666667,1.4285714285714286,1.6666666666666667,0.14285714285714285,0.0,7.714285714285714,4.095238095238095,4.904761904761905,3.1904761904761907,9.952380952380953,10.428571428571429
2025-11-08,Southampton,Sheffield Weds,3,1,H,2,2,0,0,4,5,7,3,8,16,1,1.619047619047619,0.6666666666666666,0.9523809523809524,1.5238095238095237,1.5238095238095237,0.0,0.14285714285714285,6.333333333333333,4.0476190476190474,5.476190476190476,2.4761904761904763,9.333333333333334,11.428571428571429
2025-11-08,Stoke,Coventry,0,1,A,3,3,0,0,3,6,2,3,9,9,0,1.5238095238095237,1.9523809523809523,-0.4285714285714286,2.0,1.7142857142857142,0.14285714285714285,0.14285714285714285,6.095238095238095,4.714285714285714,4.904761904761905,5.428571428571429,10.761904761904763,9.80952380952381
2025-11-08,Swansea,Ipswich,1,4,A,5,3,0,0,4,5,4,4,13,14,1,1.4285714285714286,1.65,-0.2214285714285713,1.9523809523809523,2.45,0.047619047619047616,0.0,5.0,5.05,3.619047619047619,4.35,9.571428571428571,11.7
2025-11-08,West Brom,Oxford,2,1,H,0,0,0,0,11,5,6,4,6,6,1,1.1904761904761905,1.0,0.19047619047619047,1.2857142857142858,1.9523809523809523,0.047619047619047616,0.047619047619047616,6.380952380952381,3.5238095238095237,4.428571428571429,2.761904761904762,10.238095238095237,11.19047619047619
2025-11-08,Wrexham,Charlton,1,0,H,1,4,0,0,8,2,6,4,9,10,0,1.7619047619047619,0.9047619047619048,0.8571428571428571,1.3333333333333333,2.142857142857143,0.047619047619047616,0.0,5.285714285714286,3.1904761904761907,4.666666666666667,2.9523809523809526,8.80952380952381,12.428571428571429
2025-11-21,Preston,Blackburn,1,2,A,1,0,0,0,3,7,4,6,11,3,1,1.2857142857142858,0.9090909090909091,0.37662337662337675,2.0952380952380953,2.227272727272727,0.09523809523809523,0.0,4.904761904761905,4.909090909090909,3.4285714285714284,3.0454545454545454,10.19047619047619,11.363636363636363
2025-11-22,Bristol City,Swansea,3,0,H,2,0,0,0,5,6,8,5,10,7,0,1.380952380952381,0.9523809523809523,0.4285714285714286,1.5714285714285714,1.9523809523809523,0.047619047619047616,0.0,4.904761904761905,4.0,3.857142857142857,3.761904761904762,8.952380952380953,10.904761904761905
2025-11-22,Charlton,Southampton,1,5,A,4,0,0,0,3,4,2,8,15,6,1,0.9523809523809523,1.8571428571428572,-0.9047619047619049,2.142857142857143,2.1904761904761907,0.047619047619047616,0.047619047619047616,5.285714285714286,4.904761904761905,4.0,5.285714285714286,11.142857142857142,11.952380952380953
2025-11-22,Coventry,West Brom,3,2,H,2,1,0,1,8,1,11,5,10,9,1,2.0476190476190474,0.8095238095238095,1.238095238095238,1.380952380952381,1.9047619047619047,0.0,0.09523809523809523,6.142857142857143,4.285714285714286,5.761904761904762,3.4761904761904763,9.904761904761905,10.428571428571429
2025-11-22,Birmingham,Norwich,4,1,H,1,2,0,0,3,8,6,7,10,8,1,1.6666666666666667,1.4761904761904763,0.19047619047619047,1.8095238095238095,2.3333333333333335,0.09523809523809523,0.0,6.761904761904762,4.714285714285714,5.666666666666667,4.333333333333333,11.047619047619047,10.142857142857142
2025-11-22,Derby,Watford,2,3,A,2,1,0,0,9,3,2,4,8,15,1,1.380952380952381,1.0476190476190477,0.33333333333333326,1.9523809523809523,2.380952380952381,0.047619047619047616,0.047619047619047616,5.428571428571429,4.619047619047619,3.7142857142857144,3.5238095238095237,11.714285714285714,10.619047619047619
2025-11-22,Ipswich,Wrexham,0,0,D,2,3,0,0,5,2,8,0,9,17,0,1.8095238095238095,1.2380952380952381,0.5714285714285714,1.3333333333333333,1.8571428571428572,0.0,0.0,6.285714285714286,3.7142857142857144,5.619047619047619,2.7142857142857144,10.476190476190476,9.952380952380953
2025-11-22,Leicester,Stoke,2,1,H,6,2,0,0,0,10,2,5,16,11,1,1.3333333333333333,0.8095238095238095,0.5238095238095237,1.619047619047619,2.0,0.047619047619047616,0.09523809523809523,6.238095238095238,5.095238095238095,4.0,2.9523809523809526,10.571428571428571,10.19047619047619
2025-11-22,Oxford,Middlesbrough,1,1,D,3,2,0,0,1,8,2,3,16,12,1,0.9523809523809523,1.619047619047619,-0.6666666666666667,1.2857142857142858,2.0476190476190474,0.0,0.047619047619047616,4.380952380952381,6.285714285714286,3.9523809523809526,4.571428571428571,10.285714285714286,9.285714285714286
2025-11-22,Portsmouth,Millwall,3,1,H,2,1,0,1,3,4,7,2,10,12,1,1.0952380952380953,1.2857142857142858,-0.19047619047619047,1.6666666666666667,2.3333333333333335,0.047619047619047616,0.047619047619047616,6.476190476190476,5.095238095238095,4.571428571428571,3.6666666666666665,9.285714285714286,15.095238095238095
2025-11-22,QPR,Hull,3,2,H,0,1,0,0,9,5,8,4,8,9,1,1.7619047619047619,1.5238095238095237,0.23809523809523814,1.9523809523809523,2.9047619047619047,0.047619047619047616,0.09523809523809523,5.238095238095238,4.0,4.666666666666667,4.238095238095238,11.047619047619047,11.714285714285714
2025-11-23,Sheffield Weds,Sheffield United,0,3,A,3,0,0,0,4,7,0,7,13,8,0,0.5238095238095238,1.1428571428571428,-0.619047619047619,1.4761904761904763,1.8095238095238095,0.0,0.14285714285714285,4.666666666666667,5.904761904761905,2.4285714285714284,3.4761904761904763,11.619047619047619,10.904761904761905
2025-11-25,Hull,Ipswich,0,2,A,2,2,0,0,3,6,2,6,12,10,0,1.5238095238095237,1.65,-0.1261904761904762,2.142857142857143,2.45,0.0,0.0,4.857142857142857,5.05,3.9523809523809526,4.35,11.428571428571429,11.7
2025-11-25,Middlesbrough,Coventry,2,4,A,0,0,0,0,8,3,2,8,12,16,1,1.3333333333333333,1.9523809523809523,-0.6190476190476191,1.0,1.7142857142857142,0.0,0.14285714285714285,7.666666666666667,4.714285714285714,5.0476190476190474,5.428571428571429,9.285714285714286,9.80952380952381
2025-11-25,Norwich,Oxford,1,1,D,1,0,0,0,8,4,6,4,8,10,1,1.1428571428571428,1.0,0.1428571428571428,1.4285714285714286,1.9523809523809523,0.047619047619047616,0.047619047619047616,5.857142857142857,3.5238095238095237,4.238095238095238,2.761904761904762,9.857142857142858,11.19047619047619
2025-11-25,Stoke,Charlton,3,0,H,1,1,0,0,5,0,4,2,13,13,0,1.5238095238095237,0.9047619047619048,0.619047619047619,2.0,2.142857142857143,0.14285714285714285,0.0,6.095238095238095,3.1904761904761907,4.904761904761905,2.9523809523809526,10.761904761904763,12.428571428571429
2025-11-25,Swansea,Derby,1,2,A,0,2,0,0,4,2,4,5,10,20,1,1.4285714285714286,1.5238095238095237,-0.09523809523809512,1.9523809523809523,2.5714285714285716,0.047619047619047616,0.09523809523809523,5.0,3.4761904761904763,3.619047619047619,3.238095238095238,9.571428571428571,12.857142857142858
2025-11-25,Watford,Preston,1,1,D,2,4,0,0,6,2,5,3,11,10,1,1.4285714285714286,1.0952380952380953,0.33333333333333326,1.7619047619047619,1.9523809523809523,0.09523809523809523,0.047619047619047616,5.571428571428571,3.619047619047619,5.571428571428571,3.5714285714285716,10.904761904761905,11.19047619047619
2025-11-25,Southampton,Leicester,3,0,H,1,0,0,1,11,3,8,2,8,13,0,1.619047619047619,1.2380952380952381,0.38095238095238093,1.5238095238095237,1.9047619047619047,0.0,0.14285714285714285,6.333333333333333,4.0,5.476190476190476,4.190476190476191,9.333333333333334,11.047619047619047
2025-11-26,Blackburn,QPR,0,1,A,3,0,0,0,6,4,1,3,14,6,0,0.8571428571428571,1.0,-0.1428571428571429,1.9047619047619047,1.6666666666666667,0.047619047619047616,0.0,5.809523809523809,4.095238095238095,3.2857142857142856,3.1904761904761907,9.904761904761905,10.428571428571429
2025-11-26,Millwall,Sheffield Weds,1,0,H,0,3,0,0,9,5,8,3,7,11,0,1.380952380952381,0.6666666666666666,0.7142857142857143,1.3333333333333333,1.5238095238095237,0.09523809523809523,0.14285714285714285,5.857142857142857,4.0476190476190474,4.476190476190476,2.4761904761904763,11.333333333333334,11.428571428571429
2025-11-26,Sheffield United,Portsmouth,3,0,H,0,1,0,1,7,2,5,2,7,10,0,1.6666666666666667,0.9523809523809523,0.7142857142857144,1.4285714285714286,2.0952380952380953,0.14285714285714285,0.047619047619047616,7.714285714285714,5.380952380952381,4.904761904761905,3.0,9.952380952380953,10.428571428571429
2025-11-26,Wrexham,Bristol City,2,0,H,1,2,0,0,2,4,4,3,10,8,0,1.7619047619047619,1.0952380952380953,0.6666666666666665,1.3333333333333333,1.9523809523809523,0.047619047619047616,0.0,5.285714285714286,5.142857142857143,4.666666666666667,4.238095238095238,8.80952380952381,10.380952380952381
2025-11-26,West Brom,Birmingham,1,1,D,1,2,0,0,3,3,4,4,7,12,1,1.1904761904761905,0.7619047619047619,0.4285714285714286,1.2857142857142858,1.7142857142857142,0.047619047619047616,0.14285714285714285,6.380952380952381,4.714285714285714,4.428571428571429,2.380952380952381,10.238095238095237,12.285714285714286
2025-11-28,Oxford,Ipswich,2,1,H,0,0,0,0,3,6,8,7,13,5,1,0.9523809523809523,1.65,-0.6976190476190476,1.2857142857142858,2.45,0.0,0.0,4.380952380952381,5.05,3.9523809523809526,4.35,10.285714285714286,11.7
2025-11-29,Leicester,Sheffield United,2,3,A,2,1,0,0,4,9,3,3,12,9,1,1.3333333333333333,1.1428571428571428,0.19047619047619047,1.619047619047619,1.8095238095238095,0.047619047619047616,0.14285714285714285,6.238095238095238,5.904761904761905,4.0,3.4761904761904763,10.571428571428571,10.904761904761905
2025-11-29,Portsmouth,Bristol City,0,1,A,3,0,0,0,4,4,2,5,11,12,0,1.0952380952380953,1.0952380952380953,0.0,1.6666666666666667,1.9523809523809523,0.047619047619047616,0.0,6.476190476190476,5.142857142857143,4.571428571428571,4.238095238095238,9.285714285714286,10.380952380952381
2025-11-29,Stoke,Hull,1,2,A,2,4,0,0,7,8,7,6,12,15,1,1.5238095238095237,1.5238095238095237,0.0,2.0,2.9047619047619047,0.14285714285714285,0.09523809523809523,6.095238095238095,4.0,4.904761904761905,4.238095238095238,10.761904761904763,11.714285714285714
2025-11-29,Coventry,Charlton,3,1,H,1,1,0,0,6,3,8,4,3,12,1,2.0476190476190474,0.9047619047619048,1.1428571428571428,1.380952380952381,2.142857142857143,0.0,0.0,6.142857142857143,3.1904761904761907,5.761904761904762,2.9523809523809526,9.904761904761905,12.428571428571429
2025-11-29,Middlesbrough,Derby,2,1,H,0,2,0,0,9,8,4,1,9,13,1,1.3333333333333333,1.5238095238095237,-0.19047619047619047,1.0,2.5714285714285716,0.0,0.09523809523809523,7.666666666666667,3.4761904761904763,5.0476190476190474,3.238095238095238,9.285714285714286,12.857142857142858
2025-11-29,Millwall,Southampton,3,2,H,1,2,0,0,9,6,7,8,11,6,1,1.380952380952381,1.8571428571428572,-0.4761904761904763,1.3333333333333333,2.1904761904761907,0.09523809523809523,0.047619047619047616,5.857142857142857,4.904761904761905,4.476190476190476,5.285714285714286,11.333333333333334,11.952380952380953
2025-11-29,Norwich,QPR,3,1,H,2,2,0,0,9,6,6,5,4,14,1,1.1428571428571428,1.0,0.1428571428571428,1.4285714285714286,1.6666666666666667,0.047619047619047616,0.0,5.857142857142857,4.095238095238095,4.238095238095238,3.1904761904761907,9.857142857142858,10.428571428571429
2025-11-29,Sheffield Weds,Preston,2,3,A,1,1,0,0,3,3,5,5,10,12,1,0.5238095238095238,1.0952380952380953,-0.5714285714285715,1.4761904761904763,1.9523809523809523,0.0,0.047619047619047616,4.666666666666667,3.619047619047619,2.4285714285714284,3.5714285714285716,11.619047619047619,11.19047619047619
2025-11-29,West Brom,Swansea,3,2,H,1,2,0,0,7,1,10,2,11,13,1,1.1904761904761905,0.9523809523809523,0.23809523809523814,1.2857142857142858,1.9523809523809523,0.047619047619047616,0.0,6.380952380952381,4.0,4.428571428571429,3.761904761904762,10.238095238095237,10.904761904761905
2025-11-29,Wrexham,Blackburn,1,1,D,1,3,0,0,7,7,2,3,6,11,1,1.7619047619047619,0.9090909090909091,0.8528138528138528,1.3333333333333333,2.227272727272727,0.047619047619047616,0.0,5.285714285714286,4.909090909090909,4.666666666666667,3.0454545454545454,8.80952380952381,11.363636363636363
2025-12-01,Birmingham,Watford,2,1,H,3,2,0,0,6,6,5,4,11,10,1,1.6666666666666667,1.0476190476190477,0.6190476190476191,1.8095238095238095,2.380952380952381,0.09523809523809523,0.047619047619047616,6.761904761904762,4.619047619047619,5.666666666666667,3.5238095238095237,11.047619047619047,10.619047619047619
2025-12-02,Blackburn,Ipswich,1,1,D,1,3,0,0,9,3,3,2,12,11,1,0.8571428571428571,1.65,-0.7928571428571428,1.9047619047619047,2.45,0.047619047619047616,0.0,5.809523809523809,5.05,3.2857142857142856,4.35,9.904761904761905,11.7
2025-12-05,Hull,Middlesbrough,1,4,A,1,0,0,0,2,5,2,5,17,11,1,1.5238095238095237,1.619047619047619,-0.09523809523809534,2.142857142857143,2.0476190476190474,0.0,0.047619047619047616,4.857142857142857,6.285714285714286,3.9523809523809526,4.571428571428571,11.428571428571429,9.285714285714286
2025-12-06,Derby,Leicester,1,3,A,3,2,0,0,6,3,5,4,11,11,1,1.380952380952381,1.2380952380952381,0.1428571428571428,1.9523809523809523,1.9047619047619047,0.047619047619047616,0.14285714285714285,5.428571428571429,4.0,3.7142857142857144,4.190476190476191,11.714285714285714,11.047619047619047
2025-12-06,Watford,Norwich,3,2,H,1,2,0,0,6,5,6,4,12,5,1,1.4285714285714286,1.4761904761904763,-0.04761904761904767,1.7619047619047619,2.3333333333333335,0.09523809523809523,0.0,5.571428571428571,4.714285714285714,5.571428571428571,4.333333333333333,10.904761904761905,10.142857142857142
2025-12-06,Bristol City,Millwall,0,1,A,1,5,0,0,8,1,3,6,7,18,0,1.380952380952381,1.2857142857142858,0.09523809523809512,1.5714285714285714,2.3333333333333335,0.047619047619047616,0.047619047619047616,4.904761904761905,5.095238095238095,3.857142857142857,3.6666666666666665,8.952380952380953,15.095238095238095
2025-12-06,Ipswich,Coventry,3,0,H,5,2,0,0,2,5,6,5,14,9,0,1.8095238095238095,1.9523809523809523,-0.1428571428571428,1.3333333333333333,1.7142857142857142,0.0,0.14285714285714285,6.285714285714286,4.714285714285714,5.619047619047619,5.428571428571429,10.476190476190476,9.80952380952381
2025-12-06,Preston,Wrexham,1,1,D,1,1,0,0,16,2,7,3,8,6,1,1.2857142857142858,1.2380952380952381,0.04761904761904767,2.0952380952380953,1.8571428571428572,0.09523809523809523,0.0,4.904761904761905,3.7142857142857144,3.4285714285714284,2.7142857142857144,10.19047619047619,9.952380952380953
2025-12-06,QPR,West Brom,3,1,H,1,1,0,0,4,3,4,5,11,5,1,1.7619047619047619,0.8095238095238095,0.9523809523809523,1.9523809523809523,1.9047619047619047,0.047619047619047616,0.09523809523809523,5.238095238095238,4.285714285714286,4.666666666666667,3.4761904761904763,11.047619047619047,10.428571428571429
2025-12-06,Sheffield United,Stoke,4,0,H,1,2,0,0,9,7,8,1,8,13,0,1.6666666666666667,0.8095238095238095,0.8571428571428572,1.4285714285714286,2.0,0.14285714285714285,0.09523809523809523,7.714285714285714,5.095238095238095,4.904761904761905,2.9523809523809526,9.952380952380953,10.19047619047619
2025-12-06,Southampton,Birmingham,3,1,H,1,1,0,0,7,8,8,4,9,11,1,1.619047619047619,0.7619047619047619,0.8571428571428572,1.5238095238095237,1.7142857142857142,0.0,0.14285714285714285,6.333333333333333,4.714285714285714,5.476190476190476,2.380952380952381,9.333333333333334,12.285714285714286
2025-12-06,Swansea,Oxford,2,0,H,2,4,0,0,10,2,4,4,8,13,0,1.4285714285714286,1.0,0.4285714285714286,1.9523809523809523,1.9523809523809523,0.047619047619047616,0.047619047619047616,5.0,3.5238095238095237,3.619047619047619,2.761904761904762,9.571428571428571,11.19047619047619
2025-12-09,Blackburn,Oxford,1,1,D,1,2,0,0,9,3,5,1,9,14,1,0.8571428571428571,1.0,-0.1428571428571429,1.9047619047619047,1.9523809523809523,0.047619047619047616,0.047619047619047616,5.809523809523809,3.5238095238095237,3.2857142857142856,2.761904761904762,9.904761904761905,11.19047619047619
2025-12-09,Charlton,Middlesbrough,1,2,A,4,1,0,0,5,5,3,7,18,5,1,0.9523809523809523,1.619047619047619,-0.6666666666666667,2.142857142857143,2.0476190476190474,0.047619047619047616,0.047619047619047616,5.285714285714286,6.285714285714286,4.0,4.571428571428571,11.142857142857142,9.285714285714286
2025-12-09,Preston,Coventry,1,1,D,1,0,1,0,4,8,2,5,9,9,1,1.2857142857142858,1.9523809523809523,-0.6666666666666665,2.0952380952380953,1.7142857142857142,0.09523809523809523,0.14285714285714285,4.904761904761905,4.714285714285714,3.4285714285714284,5.428571428571429,10.19047619047619,9.80952380952381
2025-12-09,Sheffield United,Norwich,1,1,D,2,3,0,0,6,2,4,6,13,13,1,1.6666666666666667,1.4761904761904763,0.19047619047619047,1.4285714285714286,2.3333333333333335,0.14285714285714285,0.0,7.714285714285714,4.714285714285714,4.904761904761905,4.333333333333333,9.952380952380953,10.142857142857142
2025-12-09,Southampton,West Brom,3,2,H,2,2,0,0,2,9,4,7,12,13,1,1.619047619047619,0.8095238095238095,0.8095238095238095,1.5238095238095237,1.9047619047619047,0.0,0.09523809523809523,6.333333333333333,4.285714285714286,5.476190476190476,3.4761904761904763,9.333333333333334,10.428571428571429
2025-12-09,Swansea,Portsmouth,1,0,H,2,3,0,0,5,6,6,3,6,9,0,1.4285714285714286,0.9523809523809523,0.4761904761904763,1.9523809523809523,2.0952380952380953,0.047619047619047616,0.047619047619047616,5.0,5.380952380952381,3.619047619047619,3.0,9.571428571428571,10.428571428571429
2025-12-09,Watford,Sheffield Weds,1,1,D,1,1,0,0,7,4,9,1,14,4,1,1.4285714285714286,0.6666666666666666,0.761904761904762,1.7619047619047619,1.5238095238095237,0.09523809523809523,0.14285714285714285,5.571428571428571,4.0476190476190474,5.571428571428571,2.4761904761904763,10.904761904761905,11.428571428571429
2025-12-09,QPR,Birmingham,2,1,H,2,1,0,0,6,3,3,1,11,8,1,1.7619047619047619,0.7619047619047619,1.0,1.9523809523809523,1.7142857142857142,0.047619047619047616,0.14285714285714285,5.238095238095238,4.714285714285714,4.666666666666667,2.380952380952381,11.047619047619047,12.285714285714286
2025-12-10,Bristol City,Leicester,2,2,D,2,3,0,0,10,3,11,5,10,15,1,1.380952380952381,1.2380952380952381,0.1428571428571428,1.5714285714285714,1.9047619047619047,0.047619047619047616,0.14285714285714285,4.904761904761905,4.0,3.857142857142857,4.190476190476191,8.952380952380953,11.047619047619047
2025-12-10,Derby,Millwall,1,1,D,2,3,0,0,11,7,4,2,9,13,1,1.380952380952381,1.2857142857142858,0.09523809523809512,1.9523809523809523,2.3333333333333335,0.047619047619047616,0.047619047619047616,5.428571428571429,5.095238095238095,3.7142857142857144,3.6666666666666665,11.714285714285714,15.095238095238095
2025-12-10,Ipswich,Stoke,1,0,H,1,1,0,0,3,4,6,1,11,11,0,1.8095238095238095,0.8095238095238095,1.0,1.3333333333333333,2.0,0.0,0.09523809523809523,6.285714285714286,5.095238095238095,5.619047619047619,2.9523809523809526,10.476190476190476,10.19047619047619
2025-12-10,Hull,Wrexham,2,0,H,0,1,0,0,8,2,6,1,8,6,0,1.5238095238095237,1.2380952380952381,0.2857142857142856,2.142857142857143,1.8571428571428572,0.0,0.0,4.857142857142857,3.7142857142857144,3.9523809523809526,2.7142857142857144,11.428571428571429,9.952380952380953
2025-12-12,West Brom,Sheffield United,2,0,H,0,1,0,0,8,4,5,3,8,10,0,1.1904761904761905,1.1428571428571428,0.04761904761904767,1.2857142857142858,1.8095238095238095,0.047619047619047616,0.14285714285714285,6.380952380952381,5.904761904761905,4.428571428571429,3.4761904761904763,10.238095238095237,10.904761904761905
2025-12-13,Norwich,Southampton,2,1,H,2,2,0,0,6,5,5,4,15,10,1,1.1428571428571428,1.8571428571428572,-0.7142857142857144,1.4285714285714286,2.1904761904761907,0.047619047619047616,0.047619047619047616,5.857142857142857,4.904761904761905,4.238095238095238,5.285714285714286,9.857142857142858,11.952380952380953
2025-12-13,Oxford,Preston,1,2,A,1,2,0,0,9,9,8,2,10,9,1,0.9523809523809523,1.0952380952380953,-0.14285714285714302,1.2857142857142858,1.9523809523809523,0.0,0.047619047619047616,4.380952380952381,3.619047619047619,3.9523809523809526,3.5714285714285716,10.285714285714286,11.19047619047619
2025-12-13,Stoke,Swansea,2,1,H,3,4,0,0,6,7,5,6,16,14,1,1.5238095238095237,0.9523809523809523,0.5714285714285714,2.0,1.9523809523809523,0.14285714285714285,0.0,6.095238095238095,4.0,4.904761904761905,3.761904761904762,10.761904761904763,10.904761904761905
2025-12-13,Birmingham,Charlton,1,1,D,3,4,0,0,10,3,5,1,9,8,1,1.6666666666666667,0.9047619047619048,0.761904761904762,1.8095238095238095,2.142857142857143,0.09523809523809523,0.0,6.761904761904762,3.1904761904761907,5.666666666666667,2.9523809523809526,11.047619047619047,12.428571428571429
2025-12-13,Coventry,Bristol City,1,0,H,1,3,0,0,4,5,4,8,13,15,0,2.0476190476190474,1.0952380952380953,0.9523809523809521,1.380952380952381,1.9523809523809523,0.0,0.0,6.142857142857143,5.142857142857143,5.761904761904762,4.238095238095238,9.904761904761905,10.380952380952381
2025-12-13,Leicester,Ipswich,3,1,H,1,2,0,0,6,5,4,2,9,9,1,1.3333333333333333,1.65,-0.31666666666666665,1.619047619047619,2.45,0.047619047619047616,0.0,6.238095238095238,5.05,4.0,4.35,10.571428571428571,11.7
2025-12-13,Middlesbrough,QPR,3,1,H,1,0,0,0,9,4,7,5,13,8,1,1.3333333333333333,1.0,0.33333333333333326,1.0,1.6666666666666667,0.0,0.0,7.666666666666667,4.095238095238095,5.0476190476190474,3.1904761904761907,9.285714285714286,10.428571428571429
2025-12-13,Millwall,Hull,1,3,A,0,3,1,0,5,1,6,6,12,7,1,1.380952380952381,1.5238095238095237,-0.1428571428571428,1.3333333333333333,2.9047619047619047,0.09523809523809523,0.09523809523809523,5.857142857142857,4.0,4.476190476190476,4.238095238095238,11.333333333333334,11.714285714285714
2025-12-13,Portsmouth,Blackburn,2,1,H,2,3,0,0,7,6,7,2,9,14,1,1.0952380952380953,0.9090909090909091,0.18614718614718628,1.6666666666666667,2.227272727272727,0.047619047619047616,0.0,6.476190476190476,4.909090909090909,4.571428571428571,3.0454545454545454,9.285714285714286,11.363636363636363
2025-12-13,Wrexham,Watford,2,2,D,3,6,0,0,7,1,3,3,10,9,1,1.7619047619047619,1.0476190476190477,0.7142857142857142,1.3333333333333333,2.380952380952381,0.047619047619047616,0.047619047619047616,5.285714285714286,4.619047619047619,4.666666666666667,3.5238095238095237,8.80952380952381,10.619047619047619
2025-12-15,Sheffield Weds,Derby,0,3,A,4,1,0,0,1,5,1,7,10,8,0,0.5238095238095238,1.5238095238095237,-0.9999999999999999,1.4761904761904763,2.5714285714285716,0.0,0.09523809523809523,4.666666666666667,3.4761904761904763,2.4285714285714284,3.238095238095238,11.619047619047619,12.857142857142858
2025-12-19,Swansea,Wrexham,2,1,H,2,2,0,0,5,7,5,1,8,10,1,1.4285714285714286,1.2380952380952381,0.19047619047619047,1.9523809523809523,1.8571428571428572,0.047619047619047616,0.0,5.0,3.7142857142857144,3.619047619047619,2.7142857142857144,9.571428571428571,9.952380952380953
2025-12-20,Blackburn,Millwall,2,0,H,3,3,0,0,3,6,5,3,9,18,0,0.8571428571428571,1.2857142857142858,-0.4285714285714287,1.9047619047619047,2.3333333333333335,0.047619047619047616,0.047619047619047616,5.809523809523809,5.095238095238095,3.2857142857142856,3.6666666666666665,9.904761904761905,15.095238095238095
2025-12-20,Preston,Norwich,1,1,D,2,3,0,0,4,3,4,1,11,17,1,1.2857142857142858,1.4761904761904763,-0.19047619047619047,2.0952380952380953,2.3333333333333335,0.09523809523809523,0.0,4.904761904761905,4.714285714285714,3.4285714285714284,4.333333333333333,10.19047619047619,10.142857142857142
2025-12-20,Southampton,Coventry,1,1,D,1,1,0,1,7,2,7,4,10,11,1,1.619047619047619,1.9523809523809523,-0.33333333333333326,1.5238095238095237,1.7142857142857142,0.0,0.14285714285714285,6.333333333333333,4.714285714285714,5.476190476190476,5.428571428571429,9.333333333333334,9.80952380952381
2025-12-20,Bristol City,Middlesbrough,2,0,H,2,3,0,0,3,13,8,3,6,5,0,1.380952380952381,1.619047619047619,-0.23809523809523814,1.5714285714285714,2.0476190476190474,0.047619047619047616,0.047619047619047616,4.904761904761905,6.285714285714286,3.857142857142857,4.571428571428571,8.952380952380953,9.285714285714286
2025-12-20,Charlton,Oxford,1,0,H,2,1,0,0,5,6,4,1,15,7,0,0.9523809523809523,1.0,-0.04761904761904767,2.142857142857143,1.9523809523809523,0.047619047619047616,0.047619047619047616,5.285714285714286,3.5238095238095237,4.0,2.761904761904762,11.142857142857142,11.19047619047619
2025-12-20,Derby,Portsmouth,1,1,D,1,1,0,0,6,4,6,1,7,4,1,1.380952380952381,0.9523809523809523,0.4285714285714286,1.9523809523809523,2.0952380952380953,0.047619047619047616,0.047619047619047616,5.428571428571429,5.380952380952381,3.7142857142857144,3.0,11.714285714285714,10.428571428571429
2025-12-20,Hull,West Brom,1,0,H,4,4,0,1,8,3,1,1,14,17,0,1.5238095238095237,0.8095238095238095,0.7142857142857142,2.142857142857143,1.9047619047619047,0.0,0.09523809523809523,4.857142857142857,4.285714285714286,3.9523809523809526,3.4761904761904763,11.428571428571429,10.428571428571429
2025-12-20,Ipswich,Sheffield Weds,3,1,H,1,1,0,0,5,3,8,3,9,9,1,1.8095238095238095,0.6666666666666666,1.1428571428571428,1.3333333333333333,1.5238095238095237,0.0,0.14285714285714285,6.285714285714286,4.0476190476190474,5.619047619047619,2.4761904761904763,10.476190476190476,11.428571428571429
2025-12-20,QPR,Leicester,4,1,H,1,2,0,0,2,3,6,2,10,13,1,1.7619047619047619,1.2380952380952381,0.5238095238095237,1.9523809523809523,1.9047619047619047,0.047619047619047616,0.14285714285714285,5.238095238095238,4.0,4.666666666666667,4.190476190476191,11.047619047619047,11.047619047619047
2025-12-20,Sheffield United,Birmingham,3,0,H,1,3,0,1,8,4,9,1,6,13,0,1.6666666666666667,0.7619047619047619,0.9047619047619049,1.4285714285714286,1.7142857142857142,0.14285714285714285,0.14285714285714285,7.714285714285714,4.714285714285714,4.904761904761905,2.380952380952381,9.952380952380953,12.285714285714286
2025-12-20,Watford,Stoke,1,0,H,3,3,0,0,7,5,5,1,10,12,0,1.4285714285714286,0.8095238095238095,0.6190476190476191,1.7619047619047619,2.0,0.09523809523809523,0.09523809523809523,5.571428571428571,5.095238095238095,5.571428571428571,2.9523809523809526,10.904761904761905,10.19047619047619
2025-12-26,Birmingham,Derby,1,1,D,3,1,1,1,12,1,9,1,17,13,1,1.6666666666666667,1.5238095238095237,0.14285714285714302,1.8095238095238095,2.5714285714285716,0.09523809523809523,0.09523809523809523,6.761904761904762,3.4761904761904763,5.666666666666667,3.238095238095238,11.047619047619047,12.857142857142858
2025-12-26,Millwall,Ipswich,0,0,D,1,2,0,0,2,4,6,4,11,12,0,1.380952380952381,1.65,-0.269047619047619,1.3333333333333333,2.45,0.09523809523809523,0.0,5.857142857142857,5.05,4.476190476190476,4.35,11.333333333333334,11.7
2025-12-26,Coventry,Swansea,1,0,H,0,2,0,0,7,4,7,2,13,13,0,2.0476190476190474,0.9523809523809523,1.0952380952380951,1.380952380952381,1.9523809523809523,0.0,0.0,6.142857142857143,4.0,5.761904761904762,3.761904761904762,9.904761904761905,10.904761904761905
2025-12-26,Leicester,Watford,1,2,A,3,2,0,0,5,6,2,3,14,8,1,1.3333333333333333,1.0476190476190477,0.2857142857142856,1.619047619047619,2.380952380952381,0.047619047619047616,0.047619047619047616,6.238095238095238,4.619047619047619,4.0,3.5238095238095237,10.571428571428571,10.619047619047619
2025-12-26,Middlesbrough,Blackburn,0,0,D,2,2,0,0,4,4,2,2,11,9,0,1.3333333333333333,0.9090909090909091,0.4242424242424242,1.0,2.227272727272727,0.0,0.0,7.666666666666667,4.909090909090909,5.0476190476190474,3.0454545454545454,9.285714285714286,11.363636363636363
2025-12-26,Norwich,Charlton,1,0,H,3,2,0,0,5,6,5,0,9,17,0,1.1428571428571428,0.9047619047619048,0.23809523809523803,1.4285714285714286,2.142857142857143,0.047619047619047616,0.0,5.857142857142857,3.1904761904761907,4.238095238095238,2.9523809523809526,9.857142857142858,12.428571428571429
2025-12-26,Oxford,Southampton,2,1,H,2,1,0,0,5,7,6,5,14,9,1,0.9523809523809523,1.8571428571428572,-0.9047619047619049,1.2857142857142858,2.1904761904761907,0.0,0.047619047619047616,4.380952380952381,4.904761904761905,3.9523809523809526,5.285714285714286,10.285714285714286,11.952380952380953
2025-12-26,Portsmouth,QPR,1,1,D,1,2,0,0,9,3,2,3,9,14,1,1.0952380952380953,1.0,0.09523809523809534,1.6666666666666667,1.6666666666666667,0.047619047619047616,0.0,6.476190476190476,4.095238095238095,4.571428571428571,3.1904761904761907,9.285714285714286,10.428571428571429
2025-12-26,Sheffield Weds,Hull,2,2,D,2,4,0,0,4,4,3,6,5,12,1,0.5238095238095238,1.5238095238095237,-0.9999999999999999,1.4761904761904763,2.9047619047619047,0.0,0.09523809523809523,4.666666666666667,4.0,2.4285714285714284,4.238095238095238,11.619047619047619,11.714285714285714
2025-12-26,Stoke,Preston,0,0,D,4,2,0,0,10,2,3,4,8,12,0,1.5238095238095237,1.0952380952380953,0.4285714285714284,2.0,1.9523809523809523,0.14285714285714285,0.047619047619047616,6.095238095238095,3.619047619047619,4.904761904761905,3.5714285714285716,10.761904761904763,11.19047619047619
2025-12-26,West Brom,Bristol City,1,2,A,1,3,0,0,9,4,4,3,14,10,1,1.1904761904761905,1.0952380952380953,0.09523809523809512,1.2857142857142858,1.9523809523809523,0.047619047619047616,0.0,6.380952380952381,5.142857142857143,4.428571428571429,4.238095238095238,10.238095238095237,10.380952380952381
2025-12-26,Wrexham,Sheffield United,5,3,H,1,2,0,0,7,5,8,7,7,12,1,1.7619047619047619,1.1428571428571428,0.6190476190476191,1.3333333333333333,1.8095238095238095,0.047619047619047616,0.14285714285714285,5.285714285714286,5.904761904761905,4.666666666666667,3.4761904761904763,8.80952380952381,10.904761904761905
2025-12-29,Coventry,Ipswich,0,2,A,1,2,0,0,3,6,3,7,12,14,0,2.0476190476190474,1.65,0.39761904761904754,1.380952380952381,2.45,0.0,0.0,6.142857142857143,5.05,5.761904761904762,4.35,9.904761904761905,11.7
2025-12-29,Leicester,Derby,2,1,H,1,2,0,0,3,4,2,2,10,12,1,1.3333333333333333,1.5238095238095237,-0.19047619047619047,1.619047619047619,2.5714285714285716,0.047619047619047616,0.09523809523809523,6.238095238095238,3.4761904761904763,4.0,3.238095238095238,10.571428571428571,12.857142857142858
2025-12-29,Middlesbrough,Hull,0,1,A,1,4,0,0,10,2,5,1,11,11,0,1.3333333333333333,1.5238095238095237,-0.19047619047619047,1.0,2.9047619047619047,0.0,0.09523809523809523,7.666666666666667,4.0,5.0476190476190474,4.238095238095238,9.285714285714286,11.714285714285714
2025-12-29,Millwall,Bristol City,2,1,H,4,1,0,0,1,8,2,3,15,8,1,1.380952380952381,1.0952380952380953,0.2857142857142856,1.3333333333333333,1.9523809523809523,0.09523809523809523,0.0,5.857142857142857,5.142857142857143,4.476190476190476,4.238095238095238,11.333333333333334,10.380952380952381
2025-12-29,Norwich,Watford,0,1,A,0,1,0,0,8,3,1,2,8,6,0,1.1428571428571428,1.0476190476190477,0.09523809523809512,1.4285714285714286,2.380952380952381,0.047619047619047616,0.047619047619047616,5.857142857142857,4.619047619047619,4.238095238095238,3.5238095238095237,9.857142857142858,10.619047619047619
2025-12-29,Oxford,Swansea,0,1,A,2,4,0,0,1,5,2,5,13,11,0,0.9523809523809523,0.9523809523809523,0.0,1.2857142857142858,1.9523809523809523,0.0,0.0,4.380952380952381,4.0,3.9523809523809526,3.761904761904762,10.285714285714286,10.904761904761905
2025-12-29,Portsmouth,Charlton,2,1,H,2,2,0,0,5,11,5,4,11,16,1,1.0952380952380953,0.9047619047619048,0.19047619047619058,1.6666666666666667,2.142857142857143,0.047619047619047616,0.0,6.476190476190476,3.1904761904761907,4.571428571428571,2.9523809523809526,9.285714285714286,12.428571428571429
2025-12-29,Sheffield Weds,Blackburn,0,0,D,2,3,0,0,2,7,0,2,12,11,0,0.5238095238095238,0.9090909090909091,-0.3852813852813852,1.4761904761904763,2.227272727272727,0.0,0.0,4.666666666666667,4.909090909090909,2.4285714285714284,3.0454545454545454,11.619047619047619,11.363636363636363
2025-12-29,Stoke,Sheffield United,1,2,A,0,1,1,0,6,2,3,4,9,4,1,1.5238095238095237,1.1428571428571428,0.38095238095238093,2.0,1.8095238095238095,0.14285714285714285,0.14285714285714285,6.095238095238095,5.904761904761905,4.904761904761905,3.4761904761904763,10.761904761904763,10.904761904761905
2025-12-29,West Brom,QPR,2,1,H,0,2,0,0,9,4,4,0,6,10,1,1.1904761904761905,1.0,0.19047619047619047,1.2857142857142858,1.6666666666666667,0.047619047619047616,0.0,6.380952380952381,4.095238095238095,4.428571428571429,3.1904761904761907,10.238095238095237,10.428571428571429
2025-12-29,Wrexham,Preston,2,1,H,0,0,0,0,3,3,6,4,11,10,1,1.7619047619047619,1.0952380952380953,0.6666666666666665,1.3333333333333333,1.9523809523809523,0.047619047619047616,0.047619047619047616,5.285714285714286,3.619047619047619,4.666666666666667,3.5714285714285716,8.80952380952381,11.19047619047619
2025-12-29,Birmingham,Southampton,1,1,D,1,2,0,0,2,5,4,5,10,15,1,1.6666666666666667,1.8571428571428572,-0.19047619047619047,1.8095238095238095,2.1904761904761907,0.09523809523809523,0.047619047619047616,6.761904761904762,4.904761904761905,5.666666666666667,5.285714285714286,11.047619047619047,11.952380952380953
2026-01-01,Blackburn,Wrexham,0,2,A,4,2,0,0,4,8,1,3,14,10,0,0.8571428571428571,1.2380952380952381,-0.38095238095238104,1.9047619047619047,1.8571428571428572,0.047619047619047616,0.0,5.809523809523809,3.7142857142857144,3.2857142857142856,2.7142857142857144,9.904761904761905,9.952380952380953
2026-01-01,Bristol City,Portsmouth,5,0,H,0,1,0,0,1,1,7,2,6,14,0,1.380952380952381,0.9523809523809523,0.4285714285714286,1.5714285714285714,2.0952380952380953,0.047619047619047616,0.047619047619047616,4.904761904761905,5.380952380952381,3.857142857142857,3.0,8.952380952380953,10.428571428571429
2026-01-01,Charlton,Coventry,1,1,D,3,2,0,0,9,3,3,7,10,7,1,0.9523809523809523,1.9523809523809523,-1.0,2.142857142857143,1.7142857142857142,0.047619047619047616,0.14285714285714285,5.285714285714286,4.714285714285714,4.0,5.428571428571429,11.142857142857142,9.80952380952381
2026-01-01,Derby,Middlesbrough,1,0,H,2,2,0,0,4,9,3,5,12,9,0,1.380952380952381,1.619047619047619,-0.23809523809523814,1.9523809523809523,2.0476190476190474,0.047619047619047616,0.047619047619047616,5.428571428571429,6.285714285714286,3.7142857142857144,4.571428571428571,11.714285714285714,9.285714285714286
2026-01-01,Hull,Stoke,0,1,A,3,2,0,0,6,6,1,6,13,13,0,1.5238095238095237,0.8095238095238095,0.7142857142857142,2.142857142857143,2.0,0.0,0.09523809523809523,4.857142857142857,5.095238095238095,3.9523809523809526,2.9523809523809526,11.428571428571429,10.19047619047619
2026-01-01,Ipswich,Oxford,2,1,H,1,4,0,0,9,2,6,1,9,12,1,1.8095238095238095,1.0,0.8095238095238095,1.3333333333333333,1.9523809523809523,0.0,0.047619047619047616,6.285714285714286,3.5238095238095237,5.619047619047619,2.761904761904762,10.476190476190476,11.19047619047619
2026-01-01,Preston,Sheffield Weds,3,0,H,2,0,0,0,4,7,7,1,10,8,0,1.2857142857142858,0.6666666666666666,0.6190476190476192,2.0952380952380953,1.5238095238095237,0.09523809523809523,0.14285714285714285,4.904761904761905,4.0476190476190474,3.4285714285714284,2.4761904761904763,10.19047619047619,11.428571428571429
2026-01-01,QPR,Norwich,1,2,A,0,3,0,0,7,3,2,5,10,10,1,1.7619047619047619,1.4761904761904763,0.2857142857142856,1.9523809523809523,2.3333333333333335,0.047619047619047616,0.0,5.238095238095238,4.714285714285714,4.666666666666667,4.333333333333333,11.047619047619047,10.142857142857142
2026-01-01,Southampton,Millwall,0,0,D,1,3,0,0,6,6,2,3,6,11,0,1.619047619047619,1.2857142857142858,0.33333333333333326,1.5238095238095237,2.3333333333333335,0.0,0.047619047619047616,6.333333333333333,5.095238095238095,5.476190476190476,3.6666666666666665,9.333333333333334,15.095238095238095
2026-01-01,Swansea,West Brom,1,0,H,2,5,0,0,4,5,3,7,7,15,0,1.4285714285714286,0.8095238095238095,0.6190476190476191,1.9523809523809523,1.9047619047619047,0.047619047619047616,0.09523809523809523,5.0,4.285714285714286,3.619047619047619,3.4761904761904763,9.571428571428571,10.428571428571429
2026-01-01,Watford,Birmingham,3,0,H,1,2,0,0,4,4,6,2,5,14,0,1.4285714285714286,0.7619047619047619,0.6666666666666667,1.7619047619047619,1.7142857142857142,0.09523809523809523,0.14285714285714285,5.571428571428571,4.714285714285714,5.571428571428571,2.380952380952381,10.904761904761905,12.285714285714286
2026-01-01,Sheffield United,Leicester,3,1,H,1,2,0,0,7,3,5,1,13,10,1,1.6666666666666667,1.2380952380952381,0.4285714285714286,1.4285714285714286,1.9047619047619047,0.14285714285714285,0.14285714285714285,7.714285714285714,4.0,4.904761904761905,4.190476190476191,9.952380952380953,11.047619047619047
2026-01-04,Birmingham,Coventry,3,2,H,3,1,0,1,2,6,4,6,13,8,1,1.6666666666666667,1.9523809523809523,-0.2857142857142856,1.8095238095238095,1.7142857142857142,0.09523809523809523,0.14285714285714285,6.761904761904762,4.714285714285714,5.666666666666667,5.428571428571429,11.047619047619047,9.80952380952381
2026-01-04,QPR,Sheffield Weds,3,0,H,0,0,0,0,5,2,7,2,9,14,0,1.7619047619047619,0.6666666666666666,1.0952380952380953,1.9523809523809523,1.5238095238095237,0.047619047619047616,0.14285714285714285,5.238095238095238,4.0476190476190474,4.666666666666667,2.4761904761904763,11.047619047619047,11.428571428571429
2026-01-04,Blackburn,Charlton,2,2,D,1,4,0,0,2,5,5,4,9,18,1,0.8571428571428571,0.9047619047619048,-0.04761904761904767,1.9047619047619047,2.142857142857143,0.047619047619047616,0.0,5.809523809523809,3.1904761904761907,3.2857142857142856,2.9523809523809526,9.904761904761905,12.428571428571429
2026-01-04,Bristol City,Preston,0,2,A,0,2,0,0,6,3,2,3,11,14,0,1.380952380952381,1.0952380952380953,0.2857142857142856,1.5714285714285714,1.9523809523809523,0.047619047619047616,0.047619047619047616,4.904761904761905,3.619047619047619,3.857142857142857,3.5714285714285716,8.952380952380953,11.19047619047619
2026-01-04,Derby,Wrexham,1,2,A,1,2,0,0,12,2,5,3,9,8,1,1.380952380952381,1.2380952380952381,0.1428571428571428,1.9523809523809523,1.8571428571428572,0.047619047619047616,0.0,5.428571428571429,3.7142857142857144,3.7142857142857144,2.7142857142857144,11.714285714285714,9.952380952380953
2026-01-04,Middlesbrough,Southampton,4,0,H,0,4,0,0,11,5,5,5,7,12,0,1.3333333333333333,1.8571428571428572,-0.523809523809524,1.0,2.1904761904761907,0.0,0.047619047619047616,7.666666666666667,4.904761904761905,5.0476190476190474,5.285714285714286,9.285714285714286,11.952380952380953
2026-01-04,Millwall,Swansea,2,1,H,2,0,0,0,12,3,9,7,12,8,1,1.380952380952381,0.9523809523809523,0.4285714285714286,1.3333333333333333,1.9523809523809523,0.09523809523809523,0.0,5.857142857142857,4.0,4.476190476190476,3.761904761904762,11.333333333333334,10.904761904761905
2026-01-04,Norwich,Stoke,0,2,A,1,2,0,0,3,3,1,4,9,10,0,1.1428571428571428,0.8095238095238095,0.33333333333333326,1.4285714285714286,2.0,0.047619047619047616,0.09523809523809523,5.857142857142857,5.095238095238095,4.238095238095238,2.9523809523809526,9.857142857142858,10.19047619047619
2026-01-05,Leicester,West Brom,2,1,H,1,0,0,0,4,4,3,8,9,7,1,1.3333333333333333,0.8095238095238095,0.5238095238095237,1.619047619047619,1.9047619047619047,0.047619047619047616,0.09523809523809523,6.238095238095238,4.285714285714286,4.0,3.4761904761904763,10.571428571428571,10.428571428571429
2026-01-16,West Brom,Middlesbrough,2,3,A,2,0,0,0,4,1,6,5,11,4,1,1.1904761904761905,1.619047619047619,-0.4285714285714286,1.2857142857142858,2.0476190476190474,0.047619047619047616,0.047619047619047616,6.380952380952381,6.285714285714286,4.428571428571429,4.571428571428571,10.238095238095237,9.285714285714286
2026-01-17,Coventry,Leicester,2,1,H,1,4,0,0,5,3,6,6,8,14,1,2.0476190476190474,1.2380952380952381,0.8095238095238093,1.380952380952381,1.9047619047619047,0.0,0.14285714285714285,6.142857142857143,4.0,5.761904761904762,4.190476190476191,9.904761904761905,11.047619047619047
2026-01-17,Ipswich,Blackburn,3,0,H,0,4,0,0,7,6,7,0,6,15,0,1.8095238095238095,0.9090909090909091,0.9004329004329005,1.3333333333333333,2.227272727272727,0.0,0.0,6.285714285714286,4.909090909090909,5.619047619047619,3.0454545454545454,10.476190476190476,11.363636363636363
2026-01-17,Watford,Millwall,0,2,A,4,4,0,0,4,4,3,4,7,22,0,1.4285714285714286,1.2857142857142858,0.1428571428571428,1.7619047619047619,2.3333333333333335,0.09523809523809523,0.047619047619047616,5.571428571428571,5.095238095238095,5.571428571428571,3.6666666666666665,10.904761904761905,15.095238095238095
2026-01-17,Charlton,Sheffield United,1,0,H,4,1,0,2,9,7,4,2,13,7,0,0.9523809523809523,1.1428571428571428,-0.19047619047619047,2.142857142857143,1.8095238095238095,0.047619047619047616,0.14285714285714285,5.285714285714286,5.904761904761905,4.0,3.4761904761904763,11.142857142857142,10.904761904761905
2026-01-17,Oxford,Bristol City,0,0,D,2,3,0,0,6,5,3,1,9,12,0,0.9523809523809523,1.0952380952380953,-0.14285714285714302,1.2857142857142858,1.9523809523809523,0.0,0.0,4.380952380952381,5.142857142857143,3.9523809523809526,4.238095238095238,10.285714285714286,10.380952380952381
2026-01-17,Preston,Derby,0,1,A,2,5,0,0,5,10,2,4,7,12,0,1.2857142857142858,1.5238095238095237,-0.23809523809523792,2.0952380952380953,2.5714285714285716,0.09523809523809523,0.09523809523809523,4.904761904761905,3.4761904761904763,3.4285714285714284,3.238095238095238,10.19047619047619,12.857142857142858
2026-01-17,Sheffield Weds,Portsmouth,0,1,A,0,2,0,0,7,6,1,3,15,10,0,0.5238095238095238,0.9523809523809523,-0.4285714285714285,1.4761904761904763,2.0952380952380953,0.0,0.047619047619047616,4.666666666666667,5.380952380952381,2.4285714285714284,3.0,11.619047619047619,10.428571428571429
2026-01-17,Southampton,Hull,1,2,A,0,2,0,0,8,2,7,3,5,15,1,1.619047619047619,1.5238095238095237,0.09523809523809534,1.5238095238095237,2.9047619047619047,0.0,0.09523809523809523,6.333333333333333,4.0,5.476190476190476,4.238095238095238,9.333333333333334,11.714285714285714
2026-01-17,Stoke,QPR,0,0,D,3,4,0,0,6,2,3,2,11,10,0,1.5238095238095237,1.0,0.5238095238095237,2.0,1.6666666666666667,0.14285714285714285,0.0,6.095238095238095,4.095238095238095,4.904761904761905,3.1904761904761907,10.761904761904763,10.428571428571429
2026-01-17,Wrexham,Norwich,1,2,A,0,1,0,0,7,1,3,3,8,9,1,1.7619047619047619,1.4761904761904763,0.2857142857142856,1.3333333333333333,2.3333333333333335,0.047619047619047616,0.0,5.285714285714286,4.714285714285714,4.666666666666667,4.333333333333333,8.80952380952381,10.142857142857142
2026-01-17,Swansea,Birmingham,1,1,D,0,0,0,0,5,5,4,1,10,14,1,1.4285714285714286,0.7619047619047619,0.6666666666666667,1.9523809523809523,1.7142857142857142,0.047619047619047616,0.14285714285714285,5.0,4.714285714285714,3.619047619047619,2.380952380952381,9.571428571428571,12.285714285714286
2026-01-20,Charlton,Derby,1,2,A,0,2,0,1,4,0,4,5,12,14,1,0.9523809523809523,1.5238095238095237,-0.5714285714285714,2.142857142857143,2.5714285714285716,0.047619047619047616,0.09523809523809523,5.285714285714286,3.4761904761904763,4.0,3.238095238095238,11.142857142857142,12.857142857142858
2026-01-20,Coventry,Millwall,2,1,H,2,1,0,0,4,3,4,4,7,12,1,2.0476190476190474,1.2857142857142858,0.7619047619047616,1.380952380952381,2.3333333333333335,0.0,0.047619047619047616,6.142857142857143,5.095238095238095,5.761904761904762,3.6666666666666665,9.904761904761905,15.095238095238095
2026-01-20,Ipswich,Bristol City,2,0,H,1,6,0,0,9,2,3,3,19,14,0,1.8095238095238095,1.0952380952380953,0.7142857142857142,1.3333333333333333,1.9523809523809523,0.0,0.0,6.285714285714286,5.142857142857143,5.619047619047619,4.238095238095238,10.476190476190476,10.380952380952381
2026-01-20,Oxford,QPR,0,0,D,1,2,0,0,2,6,1,2,13,11,0,0.9523809523809523,1.0,-0.04761904761904767,1.2857142857142858,1.6666666666666667,0.0,0.0,4.380952380952381,4.095238095238095,3.9523809523809526,3.1904761904761907,10.285714285714286,10.428571428571429
2026-01-20,Preston,Hull,0,3,A,2,3,1,0,6,6,5,9,13,12,0,1.2857142857142858,1.5238095238095237,-0.23809523809523792,2.0952380952380953,2.9047619047619047,0.09523809523809523,0.09523809523809523,4.904761904761905,4.0,3.4285714285714284,4.238095238095238,10.19047619047619,11.714285714285714
2026-01-20,Sheffield Weds,Birmingham,0,2,A,2,1,0,0,3,11,1,7,9,10,0,0.5238095238095238,0.7619047619047619,-0.23809523809523803,1.4761904761904763,1.7142857142857142,0.0,0.14285714285714285,4.666666666666667,4.714285714285714,2.4285714285714284,2.380952380952381,11.619047619047619,12.285714285714286
2026-01-20,Swansea,Blackburn,3,1,H,2,3,0,0,4,3,4,2,10,14,1,1.4285714285714286,0.9090909090909091,0.5194805194805195,1.9523809523809523,2.227272727272727,0.047619047619047616,0.0,5.0,4.909090909090909,3.619047619047619,3.0454545454545454,9.571428571428571,11.363636363636363
2026-01-20,West Brom,Norwich,0,5,A,3,1,0,0,10,2,2,7,13,9,0,1.1904761904761905,1.4761904761904763,-0.2857142857142858,1.2857142857142858,2.3333333333333335,0.047619047619047616,0.0,6.380952380952381,4.714285714285714,4.428571428571429,4.333333333333333,10.238095238095237,10.142857142857142
2026-01-20,Wrexham,Leicester,1,1,D,1,2,0,0,3,1,3,4,12,12,1,1.7619047619047619,1.2380952380952381,0.5238095238095237,1.3333333333333333,1.9047619047619047,0.047619047619047616,0.14285714285714285,5.285714285714286,4.0,4.666666666666667,4.190476190476191,8.80952380952381,11.047619047619047
2026-01-21,Southampton,Sheffield United,1,0,H,3,1,0,0,6,7,3,4,11,14,0,1.619047619047619,1.1428571428571428,0.4761904761904763,1.5238095238095237,1.8095238095238095,0.0,0.14285714285714285,6.333333333333333,5.904761904761905,5.476190476190476,3.4761904761904763,9.333333333333334,10.904761904761905
2026-01-21,Watford,Portsmouth,1,1,D,1,1,0,0,8,7,4,2,9,12,1,1.4285714285714286,0.9523809523809523,0.4761904761904763,1.7619047619047619,2.0952380952380953,0.09523809523809523,0.047619047619047616,5.571428571428571,5.380952380952381,5.571428571428571,3.0,10.904761904761905,10.428571428571429
2026-01-21,Stoke,Middlesbrough,1,2,A,1,1,1,0,5,4,4,7,11,10,1,1.5238095238095237,1.619047619047619,-0.09523809523809534,2.0,2.0476190476190474,0.14285714285714285,0.047619047619047616,6.095238095238095,6.285714285714286,4.904761904761905,4.571428571428571,10.761904761904763,9.285714285714286
2026-01-23,Derby,West Brom,1,1,D,2,3,0,0,1,6,1,4,14,13,1,1.380952380952381,0.8095238095238095,0.5714285714285714,1.9523809523809523,1.9047619047619047,0.047619047619047616,0.09523809523809523,5.428571428571429,4.285714285714286,3.7142857142857144,3.4761904761904763,11.714285714285714,10.428571428571429
2026-01-24,Middlesbrough,Preston,4,0,H,0,2,0,1,8,3,8,1,11,19,0,1.3333333333333333,1.0952380952380953,0.23809523809523792,1.0,1.9523809523809523,0.0,0.047619047619047616,7.666666666666667,3.619047619047619,5.0476190476190474,3.5714285714285716,9.285714285714286,11.19047619047619
2026-01-24,Millwall,Charlton,4,0,H,1,1,0,0,6,3,6,1,8,13,0,1.380952380952381,0.9047619047619048,0.47619047619047616,1.3333333333333333,2.142857142857143,0.09523809523809523,0.0,5.857142857142857,3.1904761904761907,4.476190476190476,2.9523809523809526,11.333333333333334,12.428571428571429
2026-01-24,Birmingham,Stoke,1,1,D,1,1,0,0,6,6,5,1,7,10,1,1.6666666666666667,0.8095238095238095,0.8571428571428572,1.8095238095238095,2.0,0.09523809523809523,0.09523809523809523,6.761904761904762,5.095238095238095,5.666666666666667,2.9523809523809526,11.047619047619047,10.19047619047619
2026-01-24,Blackburn,Watford,1,1,D,0,2,0,0,7,8,3,4,8,7,1,0.8571428571428571,1.0476190476190477,-0.19047619047619058,1.9047619047619047,2.380952380952381,0.047619047619047616,0.047619047619047616,5.809523809523809,4.619047619047619,3.2857142857142856,3.5238095238095237,9.904761904761905,10.619047619047619
2026-01-24,Bristol City,Sheffield Weds,2,0,H,0,0,0,0,9,7,7,0,6,13,0,1.380952380952381,0.6666666666666666,0.7142857142857143,1.5714285714285714,1.5238095238095237,0.047619047619047616,0.14285714285714285,4.904761904761905,4.0476190476190474,3.857142857142857,2.4761904761904763,8.952380952380953,11.428571428571429
2026-01-24,Hull,Swansea,2,1,H,3,2,0,0,6,7,7,4,13,6,1,1.5238095238095237,0.9523809523809523,0.5714285714285714,2.142857142857143,1.9523809523809523,0.0,0.0,4.857142857142857,4.0,3.9523809523809526,3.761904761904762,11.428571428571429,10.904761904761905
2026-01-24,Leicester,Oxford,1,2,A,0,3,0,0,12,4,4,2,13,11,1,1.3333333333333333,1.0,0.33333333333333326,1.619047619047619,1.9523809523809523,0.047619047619047616,0.047619047619047616,6.238095238095238,3.5238095238095237,4.0,2.761904761904762,10.571428571428571,11.19047619047619
2026-01-24,QPR,Wrexham,2,3,A,1,2,1,0,7,3,3,7,13,13,1,1.7619047619047619,1.2380952380952381,0.5238095238095237,1.9523809523809523,1.8571428571428572,0.047619047619047616,0.0,5.238095238095238,3.7142857142857144,4.666666666666667,2.7142857142857144,11.047619047619047,9.952380952380953
2026-01-24,Sheffield United,Ipswich,3,1,H,0,4,1,0,4,5,8,5,15,11,1,1.6666666666666667,1.65,0.01666666666666683,1.4285714285714286,2.45,0.14285714285714285,0.0,7.714285714285714,5.05,4.904761904761905,4.35,9.952380952380953,11.7
2026-01-25,Portsmouth,Southampton,1,1,D,2,1,0,0,4,2,3,4,9,14,1,1.0952380952380953,1.8571428571428572,-0.7619047619047619,1.6666666666666667,2.1904761904761907,0.047619047619047616,0.047619047619047616,6.476190476190476,4.904761904761905,4.571428571428571,5.285714285714286,9.285714285714286,11.952380952380953
2026-01-26,Norwich,Coventry,2,1,H,1,1,0,0,4,7,5,5,10,9,1,1.1428571428571428,1.9523809523809523,-0.8095238095238095,1.4285714285714286,1.7142857142857142,0.047619047619047616,0.14285714285714285,5.857142857142857,4.714285714285714,4.238095238095238,5.428571428571429,9.857142857142858,9.80952380952381
2026-01-30,Bristol City,Derby,0,5,A,1,1,0,0,4,1,1,7,9,15,0,1.380952380952381,1.5238095238095237,-0.1428571428571428,1.5714285714285714,2.5714285714285716,0.047619047619047616,0.09523809523809523,4.904761904761905,3.4761904761904763,3.857142857142857,3.238095238095238,8.952380952380953,12.857142857142858
2026-01-31,Leicester,Charlton,0,2,A,0,2,1,0,6,2,1,5,8,11,0,1.3333333333333333,0.9047619047619048,0.4285714285714285,1.619047619047619,2.142857142857143,0.047619047619047616,0.0,6.238095238095238,3.1904761904761907,4.0,2.9523809523809526,10.571428571428571,12.428571428571429
2026-01-31,Sheffield Weds,Wrexham,0,1,A,0,0,0,0,3,8,2,4,13,7,0,0.5238095238095238,1.2380952380952381,-0.7142857142857143,1.4761904761904763,1.8571428571428572,0.0,0.0,4.666666666666667,3.7142857142857144,2.4285714285714284,2.7142857142857144,11.619047619047619,9.952380952380953
2026-01-31,Stoke,Southampton,0,2,A,2,3,0,0,4,5,3,4,8,18,0,1.5238095238095237,1.8571428571428572,-0.3333333333333335,2.0,2.1904761904761907,0.14285714285714285,0.047619047619047616,6.095238095238095,4.904761904761905,4.904761904761905,5.285714285714286,10.761904761904763,11.952380952380953
2026-01-31,Blackburn,Hull,0,1,A,2,0,0,0,8,4,3,4,6,10,0,0.8571428571428571,1.5238095238095237,-0.6666666666666666,1.9047619047619047,2.9047619047619047,0.047619047619047616,0.09523809523809523,5.809523809523809,4.0,3.2857142857142856,4.238095238095238,9.904761904761905,11.714285714285714
2026-01-31,Ipswich,Preston,1,1,D,1,2,0,0,9,3,5,4,11,10,1,1.8095238095238095,1.0952380952380953,0.7142857142857142,1.3333333333333333,1.9523809523809523,0.0,0.047619047619047616,6.285714285714286,3.619047619047619,5.619047619047619,3.5714285714285716,10.476190476190476,11.19047619047619
2026-01-31,Middlesbrough,Norwich,1,0,H,2,2,0,0,3,5,5,3,12,18,0,1.3333333333333333,1.4761904761904763,-0.14285714285714302,1.0,2.3333333333333335,0.0,0.0,7.666666666666667,4.714285714285714,5.0476190476190474,4.333333333333333,9.285714285714286,10.142857142857142
2026-01-31,Millwall,Sheffield United,1,1,D,2,1,0,0,6,8,6,6,9,8,1,1.380952380952381,1.1428571428571428,0.23809523809523814,1.3333333333333333,1.8095238095238095,0.09523809523809523,0.14285714285714285,5.857142857142857,5.904761904761905,4.476190476190476,3.4761904761904763,11.333333333333334,10.904761904761905
2026-01-31,Oxford,Birmingham,0,2,A,2,2,0,0,4,4,4,2,7,12,0,0.9523809523809523,0.7619047619047619,0.19047619047619047,1.2857142857142858,1.7142857142857142,0.0,0.14285714285714285,4.380952380952381,4.714285714285714,3.9523809523809526,2.380952380952381,10.285714285714286,12.285714285714286
2026-01-31,Portsmouth,West Brom,3,0,H,0,2,0,0,3,3,6,1,7,11,0,1.0952380952380953,0.8095238095238095,0.2857142857142858,1.6666666666666667,1.9047619047619047,0.047619047619047616,0.09523809523809523,6.476190476190476,4.285714285714286,4.571428571428571,3.4761904761904763,9.285714285714286,10.428571428571429
2026-01-31,QPR,Coventry,2,1,H,1,2,0,0,5,5,8,2,7,8,1,1.7619047619047619,1.9523809523809523,-0.19047619047619047,1.9523809523809523,1.7142857142857142,0.047619047619047616,0.14285714285714285,5.238095238095238,4.714285714285714,4.666666666666667,5.428571428571429,11.047619047619047,9.80952380952381
2026-01-31,Watford,Swansea,0,2,A,1,2,1,0,5,8,5,7,10,11,0,1.4285714285714286,0.9523809523809523,0.4761904761904763,1.7619047619047619,1.9523809523809523,0.09523809523809523,0.0,5.571428571428571,4.0,5.571428571428571,3.761904761904762,10.904761904761905,10.904761904761905
2026-02-03,Blackburn,Sheffield Weds,1,0,H,4,2,0,0,8,2,6,1,13,12,0,0.8571428571428571,0.6666666666666666,0.19047619047619047,1.9047619047619047,1.5238095238095237,0.047619047619047616,0.14285714285714285,5.809523809523809,4.0476190476190474,3.2857142857142856,2.4761904761904763,9.904761904761905,11.428571428571429
2026-02-03,Hull,Watford,0,0,D,4,3,0,0,7,5,3,2,12,9,0,1.5238095238095237,1.0476190476190477,0.47619047619047605,2.142857142857143,2.380952380952381,0.0,0.047619047619047616,4.857142857142857,4.619047619047619,3.9523809523809526,3.5238095238095237,11.428571428571429,10.619047619047619
2026-02-03,Sheffield United,Oxford,3,1,H,3,4,0,0,10,2,3,2,9,12,1,1.6666666666666667,1.0,0.6666666666666667,1.4285714285714286,1.9523809523809523,0.14285714285714285,0.047619047619047616,7.714285714285714,3.5238095238095237,4.904761904761905,2.761904761904762,9.952380952380953,11.19047619047619
2026-02-06,Charlton,QPR,0,0,D,2,1,0,0,7,5,5,4,5,8,0,0.9523809523809523,1.0,-0.04761904761904767,2.142857142857143,1.6666666666666667,0.047619047619047616,0.0,5.285714285714286,4.095238095238095,4.0,3.1904761904761907,11.142857142857142,10.428571428571429
2026-02-07,Derby,Ipswich,1,2,A,1,4,1,0,3,7,1,5,9,14,1,1.380952380952381,1.65,-0.269047619047619,1.9523809523809523,2.45,0.047619047619047616,0.0,5.428571428571429,5.05,3.7142857142857144,4.35,11.714285714285714,11.7
2026-02-07,Norwich,Blackburn,2,0,H,2,2,0,0,5,4,3,0,12,11,0,1.1428571428571428,0.9090909090909091,0.23376623376623373,1.4285714285714286,2.227272727272727,0.047619047619047616,0.0,5.857142857142857,4.909090909090909,4.238095238095238,3.0454545454545454,9.857142857142858,11.363636363636363
2026-02-07,Southampton,Watford,1,0,H,3,1,0,0,3,9,4,2,10,10,0,1.619047619047619,1.0476190476190477,0.5714285714285714,1.5238095238095237,2.380952380952381,0.0,0.047619047619047616,6.333333333333333,4.619047619047619,5.476190476190476,3.5238095238095237,9.333333333333334,10.619047619047619
2026-02-07,Birmingham,Leicester,2,1,H,0,2,0,1,10,1,6,2,11,10,1,1.6666666666666667,1.2380952380952381,0.4285714285714286,1.8095238095238095,1.9047619047619047,0.09523809523809523,0.14285714285714285,6.761904761904762,4.0,5.666666666666667,4.190476190476191,11.047619047619047,11.047619047619047
2026-02-07,Coventry,Oxford,0,0,D,1,6,0,1,10,0,5,0,7,13,0,2.0476190476190474,1.0,1.0476190476190474,1.380952380952381,1.9523809523809523,0.0,0.047619047619047616,6.142857142857143,3.5238095238095237,5.761904761904762,2.761904761904762,9.904761904761905,11.19047619047619
2026-02-07,Hull,Bristol City,2,3,A,2,0,0,0,2,4,5,6,10,8,1,1.5238095238095237,1.0952380952380953,0.4285714285714284,2.142857142857143,1.9523809523809523,0.0,0.0,4.857142857142857,5.142857142857143,3.9523809523809526,4.238095238095238,11.428571428571429,10.380952380952381
2026-02-07,Preston,Portsmouth,1,0,H,3,1,0,0,2,14,3,4,15,11,0,1.2857142857142858,0.9523809523809523,0.3333333333333335,2.0952380952380953,2.0952380952380953,0.09523809523809523,0.047619047619047616,4.904761904761905,5.380952380952381,3.4285714285714284,3.0,10.19047619047619,10.428571428571429
2026-02-07,West Brom,Stoke,0,0,D,1,1,0,0,2,2,2,3,8,9,0,1.1904761904761905,0.8095238095238095,0.38095238095238093,1.2857142857142858,2.0,0.047619047619047616,0.09523809523809523,6.380952380952381,5.095238095238095,4.428571428571429,2.9523809523809526,10.238095238095237,10.19047619047619
2026-02-07,Wrexham,Millwall,0,2,A,1,3,0,0,5,4,5,1,5,11,0,1.7619047619047619,1.2857142857142858,0.47619047619047605,1.3333333333333333,2.3333333333333335,0.047619047619047616,0.047619047619047616,5.285714285714286,5.095238095238095,4.666666666666667,3.6666666666666665,8.80952380952381,15.095238095238095
2026-02-08,Swansea,Sheffield Weds,4,0,H,2,2,0,0,8,2,6,0,9,15,0,1.4285714285714286,0.6666666666666666,0.761904761904762,1.9523809523809523,1.5238095238095237,0.047619047619047616,0.14285714285714285,5.0,4.0476190476190474,3.619047619047619,2.4761904761904763,9.571428571428571,11.428571428571429
2026-02-09,Sheffield United,Middlesbrough,1,2,A,3,2,1,0,8,8,5,9,14,11,1,1.6666666666666667,1.619047619047619,0.04761904761904767,1.4285714285714286,2.0476190476190474,0.14285714285714285,0.047619047619047616,7.714285714285714,6.285714285714286,4.904761904761905,4.571428571428571,9.952380952380953,9.285714285714286
2026-02-10,Leicester,Southampton,3,4,A,0,1,0,0,3,9,3,7,11,13,1,1.3333333333333333,1.8571428571428572,-0.523809523809524,1.619047619047619,2.1904761904761907,0.047619047619047616,0.047619047619047616,6.238095238095238,4.904761904761905,4.0,5.285714285714286,10.571428571428571,11.952380952380953
2026-02-10,Oxford,Norwich,0,3,A,1,1,0,0,2,4,1,4,8,12,0,0.9523809523809523,1.4761904761904763,-0.523809523809524,1.2857142857142858,2.3333333333333335,0.0,0.0,4.380952380952381,4.714285714285714,3.9523809523809526,4.333333333333333,10.285714285714286,10.142857142857142
2026-02-10,Birmingham,West Brom,0,0,D,1,5,0,0,11,3,5,1,10,16,0,1.6666666666666667,0.8095238095238095,0.8571428571428572,1.8095238095238095,1.9047619047619047,0.09523809523809523,0.09523809523809523,6.761904761904762,4.285714285714286,5.666666666666667,3.4761904761904763,11.047619047619047,10.428571428571429
2026-02-11,Charlton,Stoke,1,0,H,2,4,0,0,6,5,4,2,5,6,0,0.9523809523809523,0.8095238095238095,0.1428571428571428,2.142857142857143,2.0,0.047619047619047616,0.09523809523809523,5.285714285714286,5.095238095238095,4.0,2.9523809523809526,11.142857142857142,10.19047619047619
2026-02-14,Derby,Swansea,2,0,H,2,2,0,0,6,2,6,2,20,12,0,1.380952380952381,0.9523809523809523,0.4285714285714286,1.9523809523809523,1.9523809523809523,0.047619047619047616,0.0,5.428571428571429,4.0,3.7142857142857144,3.761904761904762,11.714285714285714,10.904761904761905
2026-02-14,Portsmouth,Sheffield United,0,1,A,1,4,0,0,11,4,7,2,12,12,0,1.0952380952380953,1.1428571428571428,-0.04761904761904745,1.6666666666666667,1.8095238095238095,0.047619047619047616,0.14285714285714285,6.476190476190476,5.904761904761905,4.571428571428571,3.4761904761904763,9.285714285714286,10.904761904761905
2026-02-14,Preston,Watford,2,2,D,1,1,0,0,9,7,3,5,8,6,1,1.2857142857142858,1.0476190476190477,0.23809523809523814,2.0952380952380953,2.380952380952381,0.09523809523809523,0.047619047619047616,4.904761904761905,4.619047619047619,3.4285714285714284,3.5238095238095237,10.19047619047619,10.619047619047619
2026-02-14,QPR,Blackburn,1,3,A,2,3,0,0,8,1,4,4,12,14,1,1.7619047619047619,0.9090909090909091,0.8528138528138528,1.9523809523809523,2.227272727272727,0.047619047619047616,0.0,5.238095238095238,4.909090909090909,4.666666666666667,3.0454545454545454,11.047619047619047,11.363636363636363
2026-02-14,Sheffield Weds,Millwall,1,2,A,3,2,0,0,3,11,3,6,9,12,1,0.5238095238095238,1.2857142857142858,-0.761904761904762,1.4761904761904763,2.3333333333333335,0.0,0.047619047619047616,4.666666666666667,5.095238095238095,2.4285714285714284,3.6666666666666665,11.619047619047619,15.095238095238095
2026-02-16,Coventry,Middlesbrough,3,1,H,3,2,0,0,3,2,4,4,17,13,1,2.0476190476190474,1.619047619047619,0.4285714285714284,1.380952380952381,2.0476190476190474,0.0,0.047619047619047616,6.142857142857143,6.285714285714286,5.761904761904762,4.571428571428571,9.904761904761905,9.285714285714286
2026-02-17,Bristol City,Wrexham,2,2,D,2,3,0,0,3,2,5,3,11,13,1,1.380952380952381,1.2380952380952381,0.1428571428571428,1.5714285714285714,1.8571428571428572,0.047619047619047616,0.0,4.904761904761905,3.7142857142857144,3.857142857142857,2.7142857142857144,8.952380952380953,9.952380952380953
2026-02-17,Charlton,Portsmouth,1,3,A,7,2,0,0,3,2,4,6,16,7,1,0.9523809523809523,0.9523809523809523,0.0,2.142857142857143,2.0952380952380953,0.047619047619047616,0.047619047619047616,5.285714285714286,5.380952380952381,4.0,3.0,11.142857142857142,10.428571428571429
2026-02-20,Blackburn,Preston,1,0,H,2,2,0,0,5,3,3,2,8,10,0,0.8571428571428571,1.0952380952380953,-0.23809523809523825,1.9047619047619047,1.9523809523809523,0.047619047619047616,0.047619047619047616,5.809523809523809,3.619047619047619,3.2857142857142856,3.5714285714285716,9.904761904761905,11.19047619047619
2026-02-21,Hull,QPR,1,3,A,3,1,0,0,8,4,4,8,8,14,1,1.5238095238095237,1.0,0.5238095238095237,2.142857142857143,1.6666666666666667,0.0,0.0,4.857142857142857,4.095238095238095,3.9523809523809526,3.1904761904761907,11.428571428571429,10.428571428571429
2026-02-21,Stoke,Leicester,2,2,D,2,1,0,0,7,4,3,5,5,6,1,1.5238095238095237,1.2380952380952381,0.2857142857142856,2.0,1.9047619047619047,0.14285714285714285,0.14285714285714285,6.095238095238095,4.0,4.904761904761905,4.190476190476191,10.761904761904763,11.047619047619047
2026-02-21,Swansea,Bristol City,1,0,H,2,4,0,0,3,5,3,2,14,11,0,1.4285714285714286,1.0952380952380953,0.33333333333333326,1.9523809523809523,1.9523809523809523,0.047619047619047616,0.0,5.0,5.142857142857143,3.619047619047619,4.238095238095238,9.571428571428571,10.380952380952381
2026-02-21,West Brom,Coventry,0,2,A,0,3,0,0,3,2,1,3,10,7,0,1.1904761904761905,1.9523809523809523,-0.7619047619047619,1.2857142857142858,1.7142857142857142,0.047619047619047616,0.14285714285714285,6.380952380952381,4.714285714285714,4.428571428571429,5.428571428571429,10.238095238095237,9.80952380952381
2026-02-21,Middlesbrough,Oxford,0,0,D,3,1,0,0,9,5,7,2,10,10,0,1.3333333333333333,1.0,0.33333333333333326,1.0,1.9523809523809523,0.0,0.047619047619047616,7.666666666666667,3.5238095238095237,5.0476190476190474,2.761904761904762,9.285714285714286,11.19047619047619
2026-02-21,Millwall,Portsmouth,1,3,A,1,2,0,0,6,4,3,8,13,8,1,1.380952380952381,0.9523809523809523,0.4285714285714286,1.3333333333333333,2.0952380952380953,0.09523809523809523,0.047619047619047616,5.857142857142857,5.380952380952381,4.476190476190476,3.0,11.333333333333334,10.428571428571429
2026-02-21,Norwich,Birmingham,1,2,A,0,1,0,0,6,5,9,5,6,14,1,1.1428571428571428,0.7619047619047619,0.38095238095238093,1.4285714285714286,1.7142857142857142,0.047619047619047616,0.14285714285714285,5.857142857142857,4.714285714285714,4.238095238095238,2.380952380952381,9.857142857142858,12.285714285714286
2026-02-21,Southampton,Charlton,1,1,D,2,1,0,0,10,1,8,3,6,11,1,1.619047619047619,0.9047619047619048,0.7142857142857143,1.5238095238095237,2.142857142857143,0.0,0.0,6.333333333333333,3.1904761904761907,5.476190476190476,2.9523809523809526,9.333333333333334,12.428571428571429
2026-02-21,Watford,Derby,2,0,H,2,2,0,0,2,2,8,1,13,11,0,1.4285714285714286,1.5238095238095237,-0.09523809523809512,1.7619047619047619,2.5714285714285716,0.09523809523809523,0.09523809523809523,5.571428571428571,3.4761904761904763,5.571428571428571,3.238095238095238,10.904761904761905,12.857142857142858
2026-02-21,Wrexham,Ipswich,5,3,H,5,4,0,0,5,2,10,6,14,10,1,1.7619047619047619,1.65,0.11190476190476195,1.3333333333333333,2.45,0.047619047619047616,0.0,5.285714285714286,5.05,4.666666666666667,4.35,8.80952380952381,11.7
2026-02-22,Sheffield United,Sheffield Weds,2,1,H,1,5,1,1,2,6,4,2,11,20,1,1.6666666666666667,0.6666666666666666,1.0,1.4285714285714286,1.5238095238095237,0.14285714285714285,0.14285714285714285,7.714285714285714,4.0476190476190474,4.904761904761905,2.4761904761904763,9.952380952380953,11.428571428571429
2026-02-24,Blackburn,Bristol City,1,2,A,2,2,0,0,6,4,7,5,15,10,1,0.8571428571428571,1.0952380952380953,-0.23809523809523825,1.9047619047619047,1.9523809523809523,0.047619047619047616,0.0,5.809523809523809,5.142857142857143,3.2857142857142856,4.238095238095238,9.904761904761905,10.380952380952381
2026-02-24,Hull,Derby,4,2,H,2,2,0,0,7,3,3,6,19,9,1,1.5238095238095237,1.5238095238095237,0.0,2.142857142857143,2.5714285714285716,0.0,0.09523809523809523,4.857142857142857,3.4761904761904763,3.9523809523809526,3.238095238095238,11.428571428571429,12.857142857142858
2026-02-24,Middlesbrough,Leicester,1,1,D,1,1,0,0,8,5,4,6,11,9,1,1.3333333333333333,1.2380952380952381,0.09523809523809512,1.0,1.9047619047619047,0.0,0.14285714285714285,7.666666666666667,4.0,5.0476190476190474,4.190476190476191,9.285714285714286,11.047619047619047
2026-02-24,Swansea,Preston,1,1,D,2,2,0,0,4,8,2,3,5,17,1,1.4285714285714286,1.0952380952380953,0.33333333333333326,1.9523809523809523,1.9523809523809523,0.047619047619047616,0.047619047619047616,5.0,3.619047619047619,3.619047619047619,3.5714285714285716,9.571428571428571,11.19047619047619
2026-02-24,Watford,Ipswich,0,2,A,2,3,0,0,3,4,2,3,14,16,0,1.4285714285714286,1.65,-0.2214285714285713,1.7619047619047619,2.45,0.09523809523809523,0.0,5.571428571428571,5.05,5.571428571428571,4.35,10.904761904761905,11.7
2026-02-24,West Brom,Charlton,1,1,D,2,3,0,0,7,0,2,2,12,15,1,1.1904761904761905,0.9047619047619048,0.2857142857142857,1.2857142857142858,2.142857142857143,0.047619047619047616,0.0,6.380952380952381,3.1904761904761907,4.428571428571429,2.9523809523809526,10.238095238095237,12.428571428571429
2026-02-24,Wrexham,Portsmouth,2,1,H,0,1,0,0,3,15,5,1,9,8,1,1.7619047619047619,0.9523809523809523,0.8095238095238095,1.3333333333333333,2.0952380952380953,0.047619047619047616,0.047619047619047616,5.285714285714286,5.380952380952381,4.666666666666667,3.0,8.80952380952381,10.428571428571429
2026-02-24,Southampton,QPR,5,0,H,1,0,0,0,5,3,9,1,6,12,0,1.619047619047619,1.0,0.6190476190476191,1.5238095238095237,1.6666666666666667,0.0,0.0,6.333333333333333,4.095238095238095,5.476190476190476,3.1904761904761907,9.333333333333334,10.428571428571429
2026-02-25,Millwall,Birmingham,3,0,H,1,0,0,1,7,5,5,2,14,8,0,1.380952380952381,0.7619047619047619,0.6190476190476191,1.3333333333333333,1.7142857142857142,0.09523809523809523,0.14285714285714285,5.857142857142857,4.714285714285714,4.476190476190476,2.380952380952381,11.333333333333334,12.285714285714286
2026-02-25,Norwich,Sheffield Weds,2,0,H,0,0,0,0,3,4,6,1,11,4,0,1.1428571428571428,0.6666666666666666,0.47619047619047616,1.4285714285714286,1.5238095238095237,0.047619047619047616,0.14285714285714285,5.857142857142857,4.0476190476190474,4.238095238095238,2.4761904761904763,9.857142857142858,11.428571428571429
2026-02-25,Sheffield United,Coventry,1,2,A,3,2,0,0,7,3,4,5,12,14,1,1.6666666666666667,1.9523809523809523,-0.2857142857142856,1.4285714285714286,1.7142857142857142,0.14285714285714285,0.14285714285714285,7.714285714285714,4.714285714285714,4.904761904761905,5.428571428571429,9.952380952380953,9.80952380952381
2026-02-25,Stoke,Oxford,2,1,H,2,1,0,0,8,7,9,2,11,5,1,1.5238095238095237,1.0,0.5238095238095237,2.0,1.9523809523809523,0.14285714285714285,0.047619047619047616,6.095238095238095,3.5238095238095237,4.904761904761905,2.761904761904762,10.761904761904763,11.19047619047619
2026-02-27,Bristol City,Watford,1,2,A,2,3,0,0,3,3,4,4,6,10,1,1.380952380952381,1.0476190476190477,0.33333333333333326,1.5714285714285714,2.380952380952381,0.047619047619047616,0.047619047619047616,4.904761904761905,4.619047619047619,3.857142857142857,3.5238095238095237,8.952380952380953,10.619047619047619
2026-02-28,Derby,Blackburn,3,1,H,3,4,0,0,2,3,6,3,10,14,1,1.380952380952381,0.9090909090909091,0.47186147186147187,1.9523809523809523,2.227272727272727,0.047619047619047616,0.0,5.428571428571429,4.909090909090909,3.7142857142857144,3.0454545454545454,11.714285714285714,11.363636363636363
2026-02-28,Leicester,Norwich,0,2,A,2,2,0,0,6,7,3,8,8,8,0,1.3333333333333333,1.4761904761904763,-0.14285714285714302,1.619047619047619,2.3333333333333335,0.047619047619047616,0.0,6.238095238095238,4.714285714285714,4.0,4.333333333333333,10.571428571428571,10.142857142857142
2026-02-28,Portsmouth,Hull,0,1,A,0,3,0,0,11,2,6,2,10,21,0,1.0952380952380953,1.5238095238095237,-0.4285714285714284,1.6666666666666667,2.9047619047619047,0.047619047619047616,0.09523809523809523,6.476190476190476,4.0,4.571428571428571,4.238095238095238,9.285714285714286,11.714285714285714
2026-02-28,Charlton,Wrexham,0,1,A,2,1,0,0,4,2,1,2,4,11,0,0.9523809523809523,1.2380952380952381,-0.2857142857142858,2.142857142857143,1.8571428571428572,0.047619047619047616,0.0,5.285714285714286,3.7142857142857144,4.0,2.7142857142857144,11.142857142857142,9.952380952380953
2026-02-28,Coventry,Stoke,2,1,H,1,1,0,0,7,1,8,1,7,6,1,2.0476190476190474,0.8095238095238095,1.238095238095238,1.380952380952381,2.0,0.0,0.09523809523809523,6.142857142857143,5.095238095238095,5.761904761904762,2.9523809523809526,9.904761904761905,10.19047619047619
2026-02-28,Ipswich,Swansea,3,0,H,1,0,0,0,4,0,6,3,17,13,0,1.8095238095238095,0.9523809523809523,0.8571428571428572,1.3333333333333333,1.9523809523809523,0.0,0.0,6.285714285714286,4.0,5.619047619047619,3.761904761904762,10.476190476190476,10.904761904761905
2026-02-28,Oxford,West Brom,2,1,H,0,2,0,0,5,6,3,3,10,16,1,0.9523809523809523,0.8095238095238095,0.1428571428571428,1.2857142857142858,1.9047619047619047,0.0,0.09523809523809523,4.380952380952381,4.285714285714286,3.9523809523809526,3.4761904761904763,10.285714285714286,10.428571428571429
2026-02-28,Preston,Millwall,0,2,A,3,2,0,0,2,6,2,5,10,16,0,1.2857142857142858,1.2857142857142858,0.0,2.0952380952380953,2.3333333333333335,0.09523809523809523,0.047619047619047616,4.904761904761905,5.095238095238095,3.4285714285714284,3.6666666666666665,10.19047619047619,15.095238095238095
2026-02-28,QPR,Sheffield United,0,2,A,2,2,0,0,7,4,2,3,8,11,0,1.7619047619047619,1.1428571428571428,0.6190476190476191,1.9523809523809523,1.8095238095238095,0.047619047619047616,0.14285714285714285,5.238095238095238,5.904761904761905,4.666666666666667,3.4761904761904763,11.047619047619047,10.904761904761905
2026-02-28,Sheffield Weds,Southampton,1,3,A,0,1,0,0,5,8,3,6,11,12,1,0.5238095238095238,1.8571428571428572,-1.3333333333333335,1.4761904761904763,2.1904761904761907,0.0,0.047619047619047616,4.666666666666667,4.904761904761905,2.4285714285714284,5.285714285714286,11.619047619047619,11.952380952380953
2026-03-02,Birmingham,Middlesbrough,1,3,A,2,4,0,0,6,2,7,3,11,12,1,1.6666666666666667,1.619047619047619,0.04761904761904767,1.8095238095238095,2.0476190476190474,0.09523809523809523,0.047619047619047616,6.761904761904762,6.285714285714286,5.666666666666667,4.571428571428571,11.047619047619047,9.285714285714286
2026-03-03,Ipswich,Hull,1,0,H,2,4,0,0,6,4,7,0,8,16,0,1.8095238095238095,1.5238095238095237,0.2857142857142858,1.3333333333333333,2.9047619047619047,0.0,0.09523809523809523,6.285714285714286,4.0,5.619047619047619,4.238095238095238,10.476190476190476,11.714285714285714
2026-03-06,Preston,Oxford,1,3,A,1,1,0,0,9,5,4,7,9,10,1,1.2857142857142858,1.0,0.2857142857142858,2.0952380952380953,1.9523809523809523,0.09523809523809523,0.047619047619047616,4.904761904761905,3.5238095238095237,3.4285714285714284,2.761904761904762,10.19047619047619,11.19047619047619
2026-03-07,Blackburn,Portsmouth,1,1,D,2,0,0,0,4,5,1,1,8,6,1,0.8571428571428571,0.9523809523809523,-0.09523809523809523,1.9047619047619047,2.0952380952380953,0.047619047619047616,0.047619047619047616,5.809523809523809,5.380952380952381,3.2857142857142856,3.0,9.904761904761905,10.428571428571429
2026-03-07,Hull,Millwall,1,3,A,2,4,0,0,5,2,5,4,8,15,1,1.5238095238095237,1.2857142857142858,0.23809523809523792,2.142857142857143,2.3333333333333335,0.0,0.047619047619047616,4.857142857142857,5.095238095238095,3.9523809523809526,3.6666666666666665,11.428571428571429,15.095238095238095
2026-03-07,Bristol City,Coventry,0,2,A,2,2,1,1,11,3,6,7,9,6,0,1.380952380952381,1.9523809523809523,-0.5714285714285714,1.5714285714285714,1.7142857142857142,0.047619047619047616,0.14285714285714285,4.904761904761905,4.714285714285714,3.857142857142857,5.428571428571429,8.952380952380953,9.80952380952381
2026-03-07,Charlton,Birmingham,1,0,H,0,1,0,0,3,3,4,1,6,14,0,0.9523809523809523,0.7619047619047619,0.19047619047619047,2.142857142857143,1.7142857142857142,0.047619047619047616,0.14285714285714285,5.285714285714286,4.714285714285714,4.0,2.380952380952381,11.142857142857142,12.285714285714286
2026-03-07,Derby,Sheffield Weds,2,1,H,1,1,0,0,6,2,4,3,7,11,1,1.380952380952381,0.6666666666666666,0.7142857142857143,1.9523809523809523,1.5238095238095237,0.047619047619047616,0.14285714285714285,5.428571428571429,4.0476190476190474,3.7142857142857144,2.4761904761904763,11.714285714285714,11.428571428571429
2026-03-07,Ipswich,Leicester,1,1,D,3,3,0,0,10,2,3,3,14,16,1,1.8095238095238095,1.2380952380952381,0.5714285714285714,1.3333333333333333,1.9047619047619047,0.0,0.14285714285714285,6.285714285714286,4.0,5.619047619047619,4.190476190476191,10.476190476190476,11.047619047619047
2026-03-07,Sheffield United,West Brom,1,1,D,2,1,0,0,5,7,2,3,8,11,1,1.6666666666666667,0.8095238095238095,0.8571428571428572,1.4285714285714286,1.9047619047619047,0.14285714285714285,0.09523809523809523,7.714285714285714,4.285714285714286,4.904761904761905,3.4761904761904763,9.952380952380953,10.428571428571429
2026-03-07,Swansea,Stoke,2,0,H,2,4,0,1,13,5,4,2,7,12,0,1.4285714285714286,0.8095238095238095,0.6190476190476191,1.9523809523809523,2.0,0.047619047619047616,0.09523809523809523,5.0,5.095238095238095,3.619047619047619,2.9523809523809526,9.571428571428571,10.19047619047619
2026-03-08,QPR,Middlesbrough,0,4,A,0,0,0,0,3,8,3,7,9,3,0,1.7619047619047619,1.619047619047619,0.1428571428571428,1.9523809523809523,2.0476190476190474,0.047619047619047616,0.047619047619047616,5.238095238095238,6.285714285714286,4.666666666666667,4.571428571428571,11.047619047619047,9.285714285714286
2026-03-10,Leicester,Bristol City,2,0,H,2,3,0,0,5,9,5,1,11,13,0,1.3333333333333333,1.0952380952380953,0.23809523809523792,1.619047619047619,1.9523809523809523,0.047619047619047616,0.0,6.238095238095238,5.142857142857143,4.0,4.238095238095238,10.571428571428571,10.380952380952381
2026-03-10,Millwall,Derby,1,0,H,0,3,0,0,6,2,4,1,7,13,0,1.380952380952381,1.5238095238095237,-0.1428571428571428,1.3333333333333333,2.5714285714285716,0.09523809523809523,0.09523809523809523,5.857142857142857,3.4761904761904763,4.476190476190476,3.238095238095238,11.333333333333334,12.857142857142858
2026-03-10,Portsmouth,Swansea,1,2,A,1,2,0,0,6,0,4,3,9,10,1,1.0952380952380953,0.9523809523809523,0.14285714285714302,1.6666666666666667,1.9523809523809523,0.047619047619047616,0.0,6.476190476190476,4.0,4.571428571428571,3.761904761904762,9.285714285714286,10.904761904761905
2026-03-10,Sheffield Weds,Watford,1,1,D,3,3,0,0,5,5,4,5,16,7,1,0.5238095238095238,1.0476190476190477,-0.5238095238095238,1.4761904761904763,2.380952380952381,0.0,0.047619047619047616,4.666666666666667,4.619047619047619,2.4285714285714284,3.5238095238095237,11.619047619047619,10.619047619047619
2026-03-10,Wrexham,Hull,1,2,A,3,4,0,0,8,4,2,5,11,9,1,1.7619047619047619,1.5238095238095237,0.23809523809523814,1.3333333333333333,2.9047619047619047,0.047619047619047616,0.09523809523809523,5.285714285714286,4.0,4.666666666666667,4.238095238095238,8.80952380952381,11.714285714285714
2026-03-10,Stoke,Ipswich,3,3,D,0,4,0,0,5,9,6,5,13,14,1,1.5238095238095237,1.65,-0.1261904761904762,2.0,2.45,0.14285714285714285,0.0,6.095238095238095,5.05,4.904761904761905,4.35,10.761904761904763,11.7
2026-03-11,Birmingham,QPR,1,0,H,4,0,0,0,10,1,6,1,9,9,0,1.6666666666666667,1.0,0.6666666666666667,1.8095238095238095,1.6666666666666667,0.09523809523809523,0.0,6.761904761904762,4.095238095238095,5.666666666666667,3.1904761904761907,11.047619047619047,10.428571428571429
2026-03-11,Middlesbrough,Charlton,0,1,A,0,2,0,0,11,2,7,2,8,12,0,1.3333333333333333,0.9047619047619048,0.4285714285714285,1.0,2.142857142857143,0.0,0.0,7.666666666666667,3.1904761904761907,5.0476190476190474,2.9523809523809526,9.285714285714286,12.428571428571429
2026-03-11,Norwich,Sheffield United,2,1,H,2,2,0,0,11,4,7,2,7,11,1,1.1428571428571428,1.1428571428571428,0.0,1.4285714285714286,1.8095238095238095,0.047619047619047616,0.14285714285714285,5.857142857142857,5.904761904761905,4.238095238095238,3.4761904761904763,9.857142857142858,10.904761904761905
2026-03-11,Oxford,Blackburn,1,0,H,0,2,0,0,6,4,7,2,3,13,0,0.9523809523809523,0.9090909090909091,0.04329004329004327,1.2857142857142858,2.227272727272727,0.0,0.0,4.380952380952381,4.909090909090909,3.9523809523809526,3.0454545454545454,10.285714285714286,11.363636363636363
2026-03-11,West Brom,Southampton,1,1,D,2,2,0,0,5,3,6,4,13,11,1,1.1904761904761905,1.8571428571428572,-0.6666666666666667,1.2857142857142858,2.1904761904761907,0.047619047619047616,0.047619047619047616,6.380952380952381,4.904761904761905,4.428571428571429,5.285714285714286,10.238095238095237,11.952380952380953
2026-03-11,Coventry,Preston,3,0,H,0,0,0,0,8,1,9,2,9,9,0,2.0476190476190474,1.0952380952380953,0.9523809523809521,1.380952380952381,1.9523809523809523,0.0,0.047619047619047616,6.142857142857143,3.619047619047619,5.761904761904762,3.5714285714285716,9.904761904761905,11.19047619047619
2026-03-13,Wrexham,Swansea,2,0,H,0,2,0,0,5,5,2,3,10,10,0,1.7619047619047619,0.9523809523809523,0.8095238095238095,1.3333333333333333,1.9523809523809523,0.047619047619047616,0.0,5.285714285714286,4.0,4.666666666666667,3.761904761904762,8.80952380952381,10.904761904761905
2026-03-14,Coventry,Southampton,1,2,A,3,2,0,0,7,5,6,3,13,13,1,2.0476190476190474,1.8571428571428572,0.19047619047619024,1.380952380952381,2.1904761904761907,0.0,0.047619047619047616,6.142857142857143,4.904761904761905,5.761904761904762,5.285714285714286,9.904761904761905,11.952380952380953
2026-03-14,Middlesbrough,Bristol City,1,1,D,1,5,0,0,9,4,7,1,10,9,1,1.3333333333333333,1.0952380952380953,0.23809523809523792,1.0,1.9523809523809523,0.0,0.0,7.666666666666667,5.142857142857143,5.0476190476190474,4.238095238095238,9.285714285714286,10.380952380952381
2026-03-14,Oxford,Charlton,1,1,D,3,4,0,0,3,6,2,1,14,17,1,0.9523809523809523,0.9047619047619048,0.04761904761904756,1.2857142857142858,2.142857142857143,0.0,0.0,4.380952380952381,3.1904761904761907,3.9523809523809526,2.9523809523809526,10.285714285714286,12.428571428571429
2026-03-14,Birmingham,Sheffield United,1,1,D,2,4,0,1,7,0,7,3,13,11,1,1.6666666666666667,1.1428571428571428,0.523809523809524,1.8095238095238095,1.8095238095238095,0.09523809523809523,0.14285714285714285,6.761904761904762,5.904761904761905,5.666666666666667,3.4761904761904763,11.047619047619047,10.904761904761905
2026-03-14,Leicester,QPR,1,3,A,1,3,0,0,3,6,2,3,9,15,1,1.3333333333333333,1.0,0.33333333333333326,1.619047619047619,1.6666666666666667,0.047619047619047616,0.0,6.238095238095238,4.095238095238095,4.0,3.1904761904761907,10.571428571428571,10.428571428571429
2026-03-14,Millwall,Blackburn,1,2,A,0,1,1,0,9,7,3,4,8,7,1,1.380952380952381,0.9090909090909091,0.47186147186147187,1.3333333333333333,2.227272727272727,0.09523809523809523,0.0,5.857142857142857,4.909090909090909,4.476190476190476,3.0454545454545454,11.333333333333334,11.363636363636363
2026-03-14,Norwich,Preston,2,0,H,1,1,0,0,5,3,4,4,9,14,0,1.1428571428571428,1.0952380952380953,0.04761904761904745,1.4285714285714286,1.9523809523809523,0.047619047619047616,0.047619047619047616,5.857142857142857,3.619047619047619,4.238095238095238,3.5714285714285716,9.857142857142858,11.19047619047619
2026-03-14,Sheffield Weds,Ipswich,0,2,A,3,1,0,0,4,4,2,6,20,6,0,0.5238095238095238,1.65,-1.1261904761904762,1.4761904761904763,2.45,0.0,0.0,4.666666666666667,5.05,2.4285714285714284,4.35,11.619047619047619,11.7
2026-03-14,Stoke,Watford,3,1,H,4,2,0,0,6,7,12,4,11,13,1,1.5238095238095237,1.0476190476190477,0.47619047619047605,2.0,2.380952380952381,0.14285714285714285,0.047619047619047616,6.095238095238095,4.619047619047619,4.904761904761905,3.5238095238095237,10.761904761904763,10.619047619047619
2026-03-14,West Brom,Hull,3,0,H,1,4,0,1,10,2,8,2,10,11,0,1.1904761904761905,1.5238095238095237,-0.33333333333333326,1.2857142857142858,2.9047619047619047,0.047619047619047616,0.09523809523809523,6.380952380952381,4.0,4.428571428571429,4.238095238095238,10.238095238095237,11.714285714285714
2026-03-16,Portsmouth,Derby,0,1,A,2,6,0,0,11,3,9,4,14,13,0,1.0952380952380953,1.5238095238095237,-0.4285714285714284,1.6666666666666667,2.5714285714285716,0.047619047619047616,0.09523809523809523,6.476190476190476,3.4761904761904763,4.571428571428571,3.238095238095238,9.285714285714286,12.857142857142858
2026-03-17,Watford,Wrexham,3,1,H,2,0,0,0,4,5,6,1,13,7,1,1.4285714285714286,1.2380952380952381,0.19047619047619047,1.7619047619047619,1.8571428571428572,0.09523809523809523,0.0,5.571428571428571,3.7142857142857144,5.571428571428571,2.7142857142857144,10.904761904761905,9.952380952380953
2026-03-18,Southampton,Norwich,1,0,H,4,4,0,0,5,6,4,7,13,13,0,1.619047619047619,1.4761904761904763,0.1428571428571428,1.5238095238095237,2.3333333333333335,0.0,0.0,6.333333333333333,4.714285714285714,5.476190476190476,4.333333333333333,9.333333333333334,10.142857142857142
2026-03-20,Preston,Stoke,3,1,H,2,1,0,0,7,9,3,2,12,7,1,1.2857142857142858,0.8095238095238095,0.4761904761904763,2.0952380952380953,2.0,0.09523809523809523,0.09523809523809523,4.904761904761905,5.095238095238095,3.4285714285714284,2.9523809523809526,10.19047619047619,10.19047619047619
2026-03-21,Blackburn,Middlesbrough,0,0,D,0,2,0,0,3,11,1,3,7,8,0,0.8571428571428571,1.619047619047619,-0.761904761904762,1.9047619047619047,2.0476190476190474,0.047619047619047616,0.047619047619047616,5.809523809523809,6.285714285714286,3.2857142857142856,4.571428571428571,9.904761904761905,9.285714285714286
2026-03-21,Derby,Birmingham,1,0,H,1,4,0,0,6,2,6,0,12,16,0,1.380952380952381,0.7619047619047619,0.6190476190476191,1.9523809523809523,1.7142857142857142,0.047619047619047616,0.14285714285714285,5.428571428571429,4.714285714285714,3.7142857142857144,2.380952380952381,11.714285714285714,12.285714285714286
2026-03-21,Ipswich,Millwall,1,1,D,1,2,0,0,9,8,4,3,5,13,1,1.8095238095238095,1.2857142857142858,0.5238095238095237,1.3333333333333333,2.3333333333333335,0.0,0.047619047619047616,6.285714285714286,5.095238095238095,5.619047619047619,3.6666666666666665,10.476190476190476,15.095238095238095
2026-03-21,Bristol City,West Brom,0,1,A,1,1,0,0,5,4,1,6,10,6,0,1.380952380952381,0.8095238095238095,0.5714285714285714,1.5714285714285714,1.9047619047619047,0.047619047619047616,0.09523809523809523,4.904761904761905,4.285714285714286,3.857142857142857,3.4761904761904763,8.952380952380953,10.428571428571429
2026-03-21,Charlton,Norwich,0,1,A,2,2,0,0,7,7,2,5,7,6,0,0.9523809523809523,1.4761904761904763,-0.523809523809524,2.142857142857143,2.3333333333333335,0.047619047619047616,0.0,5.285714285714286,4.714285714285714,4.0,4.333333333333333,11.142857142857142,10.142857142857142
2026-03-21,Hull,Sheffield Weds,3,1,H,3,1,0,0,4,4,5,3,10,9,1,1.5238095238095237,0.6666666666666666,0.8571428571428571,2.142857142857143,1.5238095238095237,0.0,0.14285714285714285,4.857142857142857,4.0476190476190474,3.9523809523809526,2.4761904761904763,11.428571428571429,11.428571428571429
2026-03-21,QPR,Portsmouth,6,1,H,4,2,0,0,1,9,8,7,15,11,1,1.7619047619047619,0.9523809523809523,0.8095238095238095,1.9523809523809523,2.0952380952380953,0.047619047619047616,0.047619047619047616,5.238095238095238,5.380952380952381,4.666666666666667,3.0,11.047619047619047,10.428571428571429
2026-03-21,Sheffield United,Wrexham,1,2,A,1,3,0,0,8,5,7,4,6,10,1,1.6666666666666667,1.2380952380952381,0.4285714285714286,1.4285714285714286,1.8571428571428572,0.14285714285714285,0.0,7.714285714285714,3.7142857142857144,4.904761904761905,2.7142857142857144,9.952380952380953,9.952380952380953
2026-03-21,Southampton,Oxford,2,0,H,0,3,0,0,6,4,7,1,9,12,0,1.619047619047619,1.0,0.6190476190476191,1.5238095238095237,1.9523809523809523,0.0,0.047619047619047616,6.333333333333333,3.5238095238095237,5.476190476190476,2.761904761904762,9.333333333333334,11.19047619047619
2026-03-21,Watford,Leicester,0,0,D,3,4,0,0,7,4,2,5,13,8,0,1.4285714285714286,1.2380952380952381,0.19047619047619047,1.7619047619047619,1.9047619047619047,0.09523809523809523,0.14285714285714285,5.571428571428571,4.0,5.571428571428571,4.190476190476191,10.904761904761905,11.047619047619047
2026-03-21,Swansea,Coventry,0,3,A,3,1,0,0,2,7,2,7,10,15,0,1.4285714285714286,1.9523809523809523,-0.5238095238095237,1.9523809523809523,1.7142857142857142,0.047619047619047616,0.14285714285714285,5.0,4.714285714285714,3.619047619047619,5.428571428571429,9.571428571428571,9.80952380952381
2026-04-03,Middlesbrough,Millwall,1,2,A,1,1,0,0,17,6,5,5,4,14,1,1.3333333333333333,1.2857142857142858,0.04761904761904745,1.0,2.3333333333333335,0.0,0.047619047619047616,7.666666666666667,5.095238095238095,5.0476190476190474,3.6666666666666665,9.285714285714286,15.095238095238095
2026-04-03,Birmingham,Blackburn,0,1,A,0,1,0,0,9,10,5,4,14,7,0,1.6666666666666667,0.9090909090909091,0.7575757575757577,1.8095238095238095,2.227272727272727,0.09523809523809523,0.0,6.761904761904762,4.909090909090909,5.666666666666667,3.0454545454545454,11.047619047619047,11.363636363636363
2026-04-03,Charlton,Bristol City,1,2,A,2,2,0,0,7,3,4,8,19,8,1,0.9523809523809523,1.0952380952380953,-0.14285714285714302,2.142857142857143,1.9523809523809523,0.047619047619047616,0.0,5.285714285714286,5.142857142857143,4.0,4.238095238095238,11.142857142857142,10.380952380952381
2026-04-03,Leicester,Preston,2,2,D,0,4,0,0,7,2,10,3,4,12,1,1.3333333333333333,1.0952380952380953,0.23809523809523792,1.619047619047619,1.9523809523809523,0.047619047619047616,0.047619047619047616,6.238095238095238,3.619047619047619,4.0,3.5714285714285716,10.571428571428571,11.19047619047619
2026-04-03,Norwich,Portsmouth,1,1,D,3,5,0,0,5,6,2,1,17,11,1,1.1428571428571428,0.9523809523809523,0.19047619047619047,1.4285714285714286,2.0952380952380953,0.047619047619047616,0.047619047619047616,5.857142857142857,5.380952380952381,4.238095238095238,3.0,9.857142857142858,10.428571428571429
2026-04-03,Oxford,Hull,1,1,D,0,1,0,0,1,5,4,2,10,10,1,0.9523809523809523,1.5238095238095237,-0.5714285714285714,1.2857142857142858,2.9047619047619047,0.0,0.09523809523809523,4.380952380952381,4.0,3.9523809523809526,4.238095238095238,10.285714285714286,11.714285714285714
2026-04-03,QPR,Watford,2,1,H,6,4,0,0,2,3,8,3,20,15,1,1.7619047619047619,1.0476190476190477,0.7142857142857142,1.9523809523809523,2.380952380952381,0.047619047619047616,0.047619047619047616,5.238095238095238,4.619047619047619,4.666666666666667,3.5238095238095237,11.047619047619047,10.619047619047619
2026-04-03,Sheffield United,Swansea,3,3,D,1,1,0,0,4,2,4,6,13,11,1,1.6666666666666667,0.9523809523809523,0.7142857142857144,1.4285714285714286,1.9523809523809523,0.14285714285714285,0.0,7.714285714285714,4.0,4.904761904761905,3.761904761904762,9.952380952380953,10.904761904761905
2026-04-03,Stoke,Sheffield Weds,2,0,H,2,1,0,0,7,2,6,2,16,11,0,1.5238095238095237,0.6666666666666666,0.8571428571428571,2.0,1.5238095238095237,0.14285714285714285,0.14285714285714285,6.095238095238095,4.0476190476190474,4.904761904761905,2.4761904761904763,10.761904761904763,11.428571428571429
2026-04-03,West Brom,Wrexham,2,2,D,2,1,0,0,4,6,4,3,9,8,1,1.1904761904761905,1.2380952380952381,-0.04761904761904767,1.2857142857142858,1.8571428571428572,0.047619047619047616,0.0,6.380952380952381,3.7142857142857144,4.428571428571429,2.7142857142857144,10.238095238095237,9.952380952380953
2026-04-03,Coventry,Derby,3,2,H,0,2,0,0,6,2,7,3,12,15,1,2.0476190476190474,1.5238095238095237,0.5238095238095237,1.380952380952381,2.5714285714285716,0.0,0.09523809523809523,6.142857142857143,3.4761904761904763,5.761904761904762,3.238095238095238,9.904761904761905,12.857142857142858
2026-04-06,Portsmouth,Oxford,2,2,D,2,3,1,0,6,5,3,3,6,18,1,1.0952380952380953,1.0,0.09523809523809534,1.6666666666666667,1.9523809523809523,0.047619047619047616,0.047619047619047616,6.476190476190476,3.5238095238095237,4.571428571428571,2.761904761904762,9.285714285714286,11.19047619047619
2026-04-06,Millwall,Norwich,1,2,A,1,2,0,0,2,5,2,5,12,7,1,1.380952380952381,1.4761904761904763,-0.09523809523809534,1.3333333333333333,2.3333333333333335,0.09523809523809523,0.0,5.857142857142857,4.714285714285714,4.476190476190476,4.333333333333333,11.333333333333334,10.142857142857142
2026-04-06,Blackburn,West Brom,0,0,D,3,2,0,0,4,2,0,3,8,10,0,0.8571428571428571,0.8095238095238095,0.04761904761904756,1.9047619047619047,1.9047619047619047,0.047619047619047616,0.09523809523809523,5.809523809523809,4.285714285714286,3.2857142857142856,3.4761904761904763,9.904761904761905,10.428571428571429
2026-04-06,Bristol City,Sheffield United,1,0,H,1,3,0,0,0,5,1,7,6,9,0,1.380952380952381,1.1428571428571428,0.23809523809523814,1.5714285714285714,1.8095238095238095,0.047619047619047616,0.14285714285714285,4.904761904761905,5.904761904761905,3.857142857142857,3.4761904761904763,8.952380952380953,10.904761904761905
2026-04-06,Derby,Stoke,2,0,H,2,1,0,0,5,3,3,0,18,10,0,1.380952380952381,0.8095238095238095,0.5714285714285714,1.9523809523809523,2.0,0.047619047619047616,0.09523809523809523,5.428571428571429,5.095238095238095,3.7142857142857144,2.9523809523809526,11.714285714285714,10.19047619047619
2026-04-06,Ipswich,Birmingham,2,1,H,1,1,0,0,6,4,5,4,11,19,1,1.8095238095238095,0.7619047619047619,1.0476190476190477,1.3333333333333333,1.7142857142857142,0.0,0.14285714285714285,6.285714285714286,4.714285714285714,5.619047619047619,2.380952380952381,10.476190476190476,12.285714285714286
2026-04-06,Preston,QPR,1,1,D,1,3,0,0,2,6,2,5,4,8,1,1.2857142857142858,1.0,0.2857142857142858,2.0952380952380953,1.6666666666666667,0.09523809523809523,0.0,4.904761904761905,4.095238095238095,3.4285714285714284,3.1904761904761907,10.19047619047619,10.428571428571429
2026-04-06,Sheffield Weds,Leicester,1,1,D,0,0,0,0,1,10,1,12,7,11,1,0.5238095238095238,1.2380952380952381,-0.7142857142857143,1.4761904761904763,1.9047619047619047,0.0,0.14285714285714285,4.666666666666667,4.0,2.4285714285714284,4.190476190476191,11.619047619047619,11.047619047619047
2026-04-06,Watford,Charlton,1,1,D,2,2,0,0,17,3,10,4,13,11,1,1.4285714285714286,0.9047619047619048,0.5238095238095238,1.7619047619047619,2.142857142857143,0.09523809523809523,0.0,5.571428571428571,3.1904761904761907,5.571428571428571,2.9523809523809526,10.904761904761905,12.428571428571429
2026-04-06,Swansea,Middlesbrough,2,2,D,3,3,0,0,2,10,3,6,14,11,1,1.4285714285714286,1.619047619047619,-0.19047619047619047,1.9523809523809523,2.0476190476190474,0.047619047619047616,0.047619047619047616,5.0,6.285714285714286,3.619047619047619,4.571428571428571,9.571428571428571,9.285714285714286
2026-04-06,Hull,Coventry,0,0,D,1,1,0,0,2,4,5,1,10,12,0,1.5238095238095237,1.9523809523809523,-0.4285714285714286,2.142857142857143,1.7142857142857142,0.0,0.14285714285714285,4.857142857142857,4.714285714285714,3.9523809523809526,5.428571428571429,11.428571428571429,9.80952380952381
2026-04-07,Wrexham,Southampton,1,5,A,2,3,0,0,3,4,2,9,12,10,1,1.7619047619047619,1.8571428571428572,-0.09523809523809534,1.3333333333333333,2.1904761904761907,0.047619047619047616,0.047619047619047616,5.285714285714286,4.904761904761905,4.666666666666667,5.285714285714286,8.80952380952381,11.952380952380953
2026-04-10,West Brom,Millwall,0,0,D,1,2,0,0,7,5,1,3,6,22,0,1.1904761904761905,1.2857142857142858,-0.09523809523809534,1.2857142857142858,2.3333333333333335,0.047619047619047616,0.047619047619047616,6.380952380952381,5.095238095238095,4.428571428571429,3.6666666666666665,10.238095238095237,15.095238095238095
2026-04-11,Coventry,Sheffield Weds,0,0,D,0,3,0,0,7,2,3,0,10,16,0,2.0476190476190474,0.6666666666666666,1.380952380952381,1.380952380952381,1.5238095238095237,0.0,0.14285714285714285,6.142857142857143,4.0476190476190474,5.761904761904762,2.4761904761904763,9.904761904761905,11.428571428571429
2026-04-11,Norwich,Ipswich,0,2,A,5,5,0,0,13,1,3,5,16,17,0,1.1428571428571428,1.65,-0.5071428571428571,1.4285714285714286,2.45,0.047619047619047616,0.0,5.857142857142857,5.05,4.238095238095238,4.35,9.857142857142858,11.7
2026-04-11,QPR,Bristol City,0,0,D,4,2,0,0,3,6,2,6,10,13,0,1.7619047619047619,1.0952380952380953,0.6666666666666665,1.9523809523809523,1.9523809523809523,0.047619047619047616,0.0,5.238095238095238,5.142857142857143,4.666666666666667,4.238095238095238,11.047619047619047,10.380952380952381
2026-04-11,Charlton,Preston,1,2,A,2,3,0,0,7,4,6,5,6,8,1,0.9523809523809523,1.0952380952380953,-0.14285714285714302,2.142857142857143,1.9523809523809523,0.047619047619047616,0.047619047619047616,5.285714285714286,3.619047619047619,4.0,3.5714285714285716,11.142857142857142,11.19047619047619
2026-04-11,Leicester,Swansea,0,1,A,2,0,0,0,12,2,6,1,12,14,0,1.3333333333333333,0.9523809523809523,0.38095238095238093,1.619047619047619,1.9523809523809523,0.047619047619047616,0.0,6.238095238095238,4.0,4.0,3.761904761904762,10.571428571428571,10.904761904761905
2026-04-11,Middlesbrough,Portsmouth,0,1,A,1,4,0,0,14,2,8,1,6,14,0,1.3333333333333333,0.9523809523809523,0.38095238095238093,1.0,2.0952380952380953,0.0,0.047619047619047616,7.666666666666667,5.380952380952381,5.0476190476190474,3.0,9.285714285714286,10.428571428571429
2026-04-11,Oxford,Watford,2,0,H,1,2,0,0,10,5,6,3,8,11,0,0.9523809523809523,1.0476190476190477,-0.09523809523809534,1.2857142857142858,2.380952380952381,0.0,0.047619047619047616,4.380952380952381,4.619047619047619,3.9523809523809526,3.5238095238095237,10.285714285714286,10.619047619047619
2026-04-11,Sheffield United,Hull,2,1,H,2,5,0,1,15,4,7,4,4,15,1,1.6666666666666667,1.5238095238095237,0.14285714285714302,1.4285714285714286,2.9047619047619047,0.14285714285714285,0.09523809523809523,7.714285714285714,4.0,4.904761904761905,4.238095238095238,9.952380952380953,11.714285714285714
2026-04-11,Southampton,Derby,2,1,H,1,2,0,0,6,2,5,4,8,14,1,1.619047619047619,1.5238095238095237,0.09523809523809534,1.5238095238095237,2.5714285714285716,0.0,0.09523809523809523,6.333333333333333,3.4761904761904763,5.476190476190476,3.238095238095238,9.333333333333334,12.857142857142858
2026-04-11,Stoke,Blackburn,1,1,D,3,3,1,0,4,3,3,3,11,8,1,1.5238095238095237,0.9090909090909091,0.6147186147186147,2.0,2.227272727272727,0.14285714285714285,0.0,6.095238095238095,4.909090909090909,4.904761904761905,3.0454545454545454,10.761904761904763,11.363636363636363
2026-04-12,Birmingham,Wrexham,2,0,H,1,1,0,0,6,3,8,0,10,11,0,1.6666666666666667,1.2380952380952381,0.4285714285714286,1.8095238095238095,1.8571428571428572,0.09523809523809523,0.0,6.761904761904762,3.7142857142857144,5.666666666666667,2.7142857142857144,11.047619047619047,9.952380952380953
2026-04-14,Portsmouth,Ipswich,2,0,H,2,2,0,0,3,7,4,2,10,9,0,1.0952380952380953,1.65,-0.5547619047619046,1.6666666666666667,2.45,0.047619047619047616,0.0,6.476190476190476,5.05,4.571428571428571,4.35,9.285714285714286,11.7
2026-04-14,Southampton,Blackburn,3,0,H,0,2,0,0,7,4,7,3,8,5,0,1.619047619047619,0.9090909090909091,0.70995670995671,1.5238095238095237,2.227272727272727,0.0,0.0,6.333333333333333,4.909090909090909,5.476190476190476,3.0454545454545454,9.333333333333334,11.363636363636363
